Date,WORLD MID GROWTH Mid Cap
2001-01-01,635.174
2001-01-02,606.886
2001-01-03,622.836
2001-01-04,616.096
2001-01-05,599.364
2001-01-08,592.245
2001-01-09,593.875
2001-01-10,605.497
2001-01-11,619.053
2001-01-12,626.46
2001-01-15,626.733
2001-01-16,625.209
2001-01-17,634.969
2001-01-18,642.912
2001-01-19,644.286
2001-01-22,643.74
2001-01-23,654.874
2001-01-24,654.483
2001-01-25,649.752
2001-01-26,651.334
2001-01-29,659.176
2001-01-30,662.147
2001-01-31,662.189
2001-02-01,661.748
2001-02-02,647.448
2001-02-05,642.961
2001-02-06,648.19
2001-02-07,639.411
2001-02-08,633.085
2001-02-09,625.654
2001-02-12,626.273
2001-02-13,618.722
2001-02-14,618.94
2001-02-15,625.559
2001-02-16,614.721
2001-02-19,612.505
2001-02-20,599.499
2001-02-21,590.171
2001-02-22,582.195
2001-02-23,583.097
2001-02-26,593.633
2001-02-27,585.299
2001-02-28,573.95
2001-03-01,569.365
2001-03-02,564.13
2001-03-05,562.232
2001-03-06,575.685
2001-03-07,578.322
2001-03-08,571.217
2001-03-09,557.551
2001-03-12,532.956
2001-03-13,530.521
2001-03-14,520.872
2001-03-15,518.024
2001-03-16,504.385
2001-03-19,513.408
2001-03-20,508.274
2001-03-21,498.137
2001-03-22,487.779
2001-03-23,504.911
2001-03-26,517.641
2001-03-27,523.538
2001-03-28,511.448
2001-03-29,503.238
2001-03-30,505.157
2001-04-02,493.262
2001-04-03,474.354
2001-04-04,474.234
2001-04-05,497.256
2001-04-06,492.581
2001-04-09,496.159
2001-04-10,510.781
2001-04-11,513.476
2001-04-12,526.248
2001-04-13,526.399
2001-04-16,520.564
2001-04-17,523.205
2001-04-18,548.331
2001-04-19,563.423
2001-04-20,560.764
2001-04-23,546.529
2001-04-24,542.078
2001-04-25,551.148
2001-04-26,557.028
2001-04-27,561.884
2001-04-30,570.422
2001-05-01,577.703
2001-05-02,583.242
2001-05-03,572.175
2001-05-04,577.836
2001-05-07,575.695
2001-05-08,575.236
2001-05-09,569.344
2001-05-10,567.19
2001-05-11,562.764
2001-05-14,556.415
2001-05-15,558.825
2001-05-16,570.125
2001-05-17,580.674
2001-05-18,580.865
2001-05-21,596.754
2001-05-22,598.707
2001-05-23,587.028
2001-05-24,589.357
2001-05-25,586.684
2001-05-28,586.491
2001-05-29,575.356
2001-05-30,560.136
2001-05-31,563.621
2001-06-01,568.355
2001-06-04,569.726
2001-06-05,580.135
2001-06-06,575.466
2001-06-07,580.057
2001-06-08,574.789
2001-06-11,562.907
2001-06-12,558.653
2001-06-13,556.166
2001-06-14,543.504
2001-06-15,541.633
2001-06-18,533.873
2001-06-19,533.416
2001-06-20,536.417
2001-06-21,539.003
2001-06-22,535.426
2001-06-25,535.898
2001-06-26,535.039
2001-06-27,535.097
2001-06-28,539.444
2001-06-29,548.357
2001-07-02,545.269
2001-07-03,541.697
2001-07-04,539.474
2001-07-05,529.363
2001-07-06,516.525
2001-07-09,515.736
2001-07-10,511.459
2001-07-11,508.388
2001-07-12,519.485
2001-07-13,520.623
2001-07-16,512.34
2001-07-17,513.701
2001-07-18,510.792
2001-07-19,514.329
2001-07-20,513.766
2001-07-23,507.038
2001-07-24,501.207
2001-07-25,505.511
2001-07-26,512.058
2001-07-27,517.235
2001-07-30,515.169
2001-07-31,517.681
2001-08-01,522.833
2001-08-02,527.007
2001-08-03,524.389
2001-08-06,519.268
2001-08-07,516.332
2001-08-08,507.589
2001-08-09,504.392
2001-08-10,504.114
2001-08-13,507.43
2001-08-14,508.224
2001-08-15,506.488
2001-08-16,501.713
2001-08-17,495.327
2001-08-20,492.648
2001-08-21,488.69
2001-08-22,493.547
2001-08-23,491.172
2001-08-24,499.496
2001-08-27,500.557
2001-08-28,493.423
2001-08-29,490.823
2001-08-30,482.83
2001-08-31,482.991
2001-09-03,479.42
2001-09-04,476.603
2001-09-05,468.663
2001-09-06,459.731
2001-09-07,455.807
2001-09-10,451.289
2001-09-11,445.11
2001-09-12,439.542
2001-09-13,441.016
2001-09-14,438.055
2001-09-17,417.591
2001-09-18,409.434
2001-09-19,405.683
2001-09-20,393.709
2001-09-21,383.528
2001-09-24,394.667
2001-09-25,399.55
2001-09-26,396.823
2001-09-27,399.303
2001-09-28,408.797
2001-10-01,403.469
2001-10-02,406.684
2001-10-03,417.766
2001-10-04,425.083
2001-10-05,425.541
2001-10-08,425.026
2001-10-09,424.099
2001-10-10,433.273
2001-10-11,445.278
2001-10-12,445.639
2001-10-15,443.491
2001-10-16,448.553
2001-10-17,443.396
2001-10-18,437.698
2001-10-19,439.725
2001-10-22,443.546
2001-10-23,446.772
2001-10-24,450.518
2001-10-25,457.179
2001-10-26,458.913
2001-10-29,450.261
2001-10-30,440.757
2001-10-31,443.394
2001-11-01,449.443
2001-11-02,449.471
2001-11-05,456.616
2001-11-06,462.485
2001-11-07,463.164
2001-11-08,461.592
2001-11-09,461.538
2001-11-12,460.041
2001-11-13,467.409
2001-11-14,469.984
2001-11-15,471.446
2001-11-16,473.9
2001-11-19,479.557
2001-11-20,472.22
2001-11-21,468.909
2001-11-22,470.103
2001-11-23,472.947
2001-11-26,480.48
2001-11-27,480.363
2001-11-28,472.035
2001-11-29,474.671
2001-11-30,475.936
2001-12-03,470.233
2001-12-04,479.299
2001-12-05,494.971
2001-12-06,496.814
2001-12-07,491.004
2001-12-10,483.674
2001-12-11,484.594
2001-12-12,484.992
2001-12-13,475.857
2001-12-14,475.392
2001-12-17,480.181
2001-12-18,483.407
2001-12-19,479.561
2001-12-20,472.798
2001-12-21,474.334
2001-12-24,474.075
2001-12-25,474.056
2001-12-26,476.319
2001-12-27,481.835
2001-12-28,486.435
2001-12-31,484.013
2002-01-01,484.013
2002-01-02,484.857
2002-01-03,491.406
2002-01-04,495.965
2002-01-07,491.618
2002-01-08,489.903
2002-01-09,488.366
2002-01-10,486.525
2002-01-11,483.457
2002-01-14,476.308
2002-01-15,476.516
2002-01-16,466.362
2002-01-17,470.705
2002-01-18,467.052
2002-01-21,466.504
2002-01-22,461.327
2002-01-23,467.546
2002-01-24,470.636
2002-01-25,469.079
2002-01-28,469.968
2002-01-29,463.336
2002-01-30,463.749
2002-01-31,467.006
2002-02-01,464.659
2002-02-04,455.054
2002-02-05,451.014
2002-02-06,447.908
2002-02-07,444.253
2002-02-08,451.292
2002-02-11,458.347
2002-02-12,458.811
2002-02-13,461.181
2002-02-14,460.519
2002-02-15,456.395
2002-02-18,455.381
2002-02-19,445.641
2002-02-20,447.309
2002-02-21,443.933
2002-02-22,444.439
2002-02-25,449.63
2002-02-26,452.47
2002-02-27,453.194
2002-02-28,450.992
2002-03-01,460.433
2002-03-04,476.523
2002-03-05,475.226
2002-03-06,480.507
2002-03-07,483.464
2002-03-08,488.537
2002-03-11,489.808
2002-03-12,483.897
2002-03-13,479.648
2002-03-14,481.272
2002-03-15,484.948
2002-03-18,487.954
2002-03-19,489.585
2002-03-20,484.431
2002-03-21,486.234
2002-03-22,482.293
2002-03-25,475.067
2002-03-26,476.04
2002-03-27,479.589
2002-03-28,482.493
2002-03-29,482.1
2002-04-01,483.579
2002-04-02,477.63
2002-04-03,473.902
2002-04-04,473.785
2002-04-05,472.446
2002-04-08,472.597
2002-04-09,469.397
2002-04-10,473.088
2002-04-11,467.074
2002-04-12,469.432
2002-04-15,471.32
2002-04-16,480.458
2002-04-17,481.987
2002-04-18,481.491
2002-04-19,481.396
2002-04-22,477.301
2002-04-23,475.367
2002-04-24,472.926
2002-04-25,472.79
2002-04-26,467.71
2002-04-29,464.066
2002-04-30,468.566
2002-05-01,470.752
2002-05-02,467.599
2002-05-03,464.039
2002-05-06,459.938
2002-05-07,455.877
2002-05-08,470.826
2002-05-09,465.876
2002-05-10,461.035
2002-05-13,465.709
2002-05-14,472.535
2002-05-15,475.12
2002-05-16,474.588
2002-05-17,478.73
2002-05-20,475.152
2002-05-21,470.208
2002-05-22,470.222
2002-05-23,472.543
2002-05-24,469.406
2002-05-27,468.726
2002-05-28,468.859
2002-05-29,466.409
2002-05-30,466.479
2002-05-31,466.495
2002-06-03,457.72
2002-06-04,456.026
2002-06-05,457.264
2002-06-06,452.574
2002-06-07,451.898
2002-06-10,452.074
2002-06-11,446.41
2002-06-12,444.277
2002-06-13,439.071
2002-06-14,436.586
2002-06-17,445.645
2002-06-18,445.617
2002-06-19,439.491
2002-06-20,433.885
2002-06-21,428.528
2002-06-24,427.804
2002-06-25,422.929
2002-06-26,421.508
2002-06-27,426.202
2002-06-28,431.019
2002-07-01,421.638
2002-07-02,410.126
2002-07-03,409.914
2002-07-04,410.451
2002-07-05,425.641
2002-07-08,420.861
2002-07-09,413.892
2002-07-10,402.538
2002-07-11,401.128
2002-07-12,401.994
2002-07-15,399.2
2002-07-16,396.547
2002-07-17,400.198
2002-07-18,395.241
2002-07-19,384.331
2002-07-22,372.179
2002-07-23,363.253
2002-07-24,373.112
2002-07-25,369.609
2002-07-26,368.172
2002-07-29,384.356
2002-07-30,388.255
2002-07-31,384.962
2002-08-01,373.258
2002-08-02,365.924
2002-08-05,354.702
2002-08-06,361.685
2002-08-07,365.668
2002-08-08,373.731
2002-08-09,376.386
2002-08-12,374.414
2002-08-13,369.131
2002-08-14,379.278
2002-08-15,386.583
2002-08-16,390.26
2002-08-19,396.842
2002-08-20,391.998
2002-08-21,397.298
2002-08-22,403.05
2002-08-23,396.161
2002-08-26,397.519
2002-08-27,392.869
2002-08-28,383.778
2002-08-29,383.842
2002-08-30,382.63
2002-09-02,381.118
2002-09-03,369.922
2002-09-04,373.734
2002-09-05,368.605
2002-09-06,376.278
2002-09-09,377.366
2002-09-10,381.309
2002-09-11,383.008
2002-09-12,375.452
2002-09-13,374.149
2002-09-16,371.936
2002-09-17,367.589
2002-09-18,365.693
2002-09-19,357.052
2002-09-20,356.73
2002-09-23,349.373
2002-09-24,344.319
2002-09-25,352.864
2002-09-26,358.11
2002-09-27,355.631
2002-09-30,349.783
2002-10-01,354.18
2002-10-02,350.635
2002-10-03,346.022
2002-10-04,339.048
2002-10-07,331.834
2002-10-08,334.252
2002-10-09,329.845
2002-10-10,335.804
2002-10-11,348.24
2002-10-14,351.112
2002-10-15,365.9
2002-10-16,359.156
2002-10-17,369.547
2002-10-18,370.146
2002-10-21,376.412
2002-10-22,370.445
2002-10-23,372.407
2002-10-24,369.719
2002-10-25,374.164
2002-10-28,373.478
2002-10-29,367.746
2002-10-30,373.063
2002-10-31,373.557
2002-11-01,379.093
2002-11-04,385.347
2002-11-05,386.426
2002-11-06,390.365
2002-11-07,383.25
2002-11-08,377.841
2002-11-11,369.291
2002-11-12,374.112
2002-11-13,373.422
2002-11-14,380.602
2002-11-15,383.353
2002-11-18,382.024
2002-11-19,378.926
2002-11-20,385.118
2002-11-21,394.889
2002-11-22,395.776
2002-11-25,396.315
2002-11-26,387.809
2002-11-27,397.475
2002-11-28,400.166
2002-11-29,399.519
2002-12-02,399.205
2002-12-03,392.758
2002-12-04,388.721
2002-12-05,385.264
2002-12-06,386.1
2002-12-09,376.248
2002-12-10,380.16
2002-12-11,381.589
2002-12-12,382.067
2002-12-13,375.824
2002-12-16,381.781
2002-12-17,380.04
2002-12-18,373.765
2002-12-19,372.231
2002-12-20,376.403
2002-12-23,378.579
2002-12-24,377.746
2002-12-25,377.659
2002-12-26,378.124
2002-12-27,372.773
2002-12-30,373.37
2002-12-31,375.0
2003-01-01,375.0
2003-01-02,384.455
2003-01-03,385.174
2003-01-06,390.811
2003-01-07,388.338
2003-01-08,381.577
2003-01-09,387.542
2003-01-10,389.689
2003-01-13,388.677
2003-01-14,390.362
2003-01-15,386.484
2003-01-16,386.205
2003-01-17,380.409
2003-01-20,379.365
2003-01-21,374.554
2003-01-22,372.14
2003-01-23,376.989
2003-01-24,371.276
2003-01-27,363.915
2003-01-28,367.722
2003-01-29,369.283
2003-01-30,365.727
2003-01-31,367.355
2003-02-03,369.655
2003-02-04,364.964
2003-02-05,364.718
2003-02-06,362.233
2003-02-07,359.116
2003-02-10,359.61
2003-02-11,359.651
2003-02-12,354.671
2003-02-13,352.31
2003-02-14,356.559
2003-02-17,357.97
2003-02-18,364.319
2003-02-19,361.673
2003-02-20,360.683
2003-02-21,363.613
2003-02-24,358.651
2003-02-25,356.737
2003-02-26,354.078
2003-02-27,356.79
2003-02-28,360.814
2003-03-03,359.708
2003-03-04,355.009
2003-03-05,355.2
2003-03-06,354.255
2003-03-07,354.689
2003-03-10,347.364
2003-03-11,344.409
2003-03-12,343.201
2003-03-13,354.614
2003-03-14,357.547
2003-03-17,368.188
2003-03-18,370.858
2003-03-19,370.396
2003-03-20,372.675
2003-03-21,378.095
2003-03-24,367.642
2003-03-25,372.344
2003-03-26,372.604
2003-03-27,372.033
2003-03-28,370.913
2003-03-31,364.797
2003-04-01,365.806
2003-04-02,375.052
2003-04-03,374.657
2003-04-04,373.505
2003-04-07,376.884
2003-04-08,374.174
2003-04-09,369.998
2003-04-10,371.709
2003-04-11,371.381
2003-04-14,375.801
2003-04-15,379.22
2003-04-16,375.675
2003-04-17,382.327
2003-04-18,382.412
2003-04-21,381.953
2003-04-22,387.548
2003-04-23,390.065
2003-04-24,388.585
2003-04-25,383.633
2003-04-28,388.89
2003-04-29,391.157
2003-04-30,393.278
2003-05-01,394.786
2003-05-02,400.749
2003-05-05,403.388
2003-05-06,408.83
2003-05-07,407.227
2003-05-08,402.454
2003-05-09,407.375
2003-05-12,412.403
2003-05-13,411.899
2003-05-14,411.826
2003-05-15,415.126
2003-05-16,417.076
2003-05-19,406.852
2003-05-20,405.974
2003-05-21,406.925
2003-05-22,412.488
2003-05-23,413.601
2003-05-26,414.145
2003-05-27,421.631
2003-05-28,422.147
2003-05-29,423.991
2003-05-30,430.053
2003-06-02,431.145
2003-06-03,429.23
2003-06-04,436.413
2003-06-05,442.276
2003-06-06,442.654
2003-06-09,436.967
2003-06-10,439.626
2003-06-11,446.601
2003-06-12,447.054
2003-06-13,442.821
2003-06-16,450.214
2003-06-17,451.257
2003-06-18,449.184
2003-06-19,443.032
2003-06-20,443.15
2003-06-23,435.845
2003-06-24,433.292
2003-06-25,435.544
2003-06-26,436.955
2003-06-27,436.193
2003-06-30,435.05
2003-07-01,437.248
2003-07-02,443.824
2003-07-03,443.497
2003-07-04,442.605
2003-07-07,450.25
2003-07-08,454.116
2003-07-09,453.991
2003-07-10,448.177
2003-07-11,449.368
2003-07-14,454.074
2003-07-15,452.605
2003-07-16,448.362
2003-07-17,440.681
2003-07-18,443.481
2003-07-21,440.302
2003-07-22,443.46
2003-07-23,446.684
2003-07-24,447.087
2003-07-25,450.733
2003-07-28,452.953
2003-07-29,451.455
2003-07-30,447.517
2003-07-31,447.922
2003-08-01,446.447
2003-08-04,445.203
2003-08-05,439.864
2003-08-06,436.86
2003-08-07,438.639
2003-08-08,438.963
2003-08-11,442.716
2003-08-12,447.356
2003-08-13,448.818
2003-08-14,451.501
2003-08-15,451.885
2003-08-18,456.626
2003-08-19,459.599
2003-08-20,461.983
2003-08-21,466.092
2003-08-22,463.345
2003-08-25,461.912
2003-08-26,460.91
2003-08-27,463.2
2003-08-28,467.553
2003-08-29,471.361
2003-09-01,474.121
2003-09-02,477.263
2003-09-03,479.416
2003-09-04,480.402
2003-09-05,478.827
2003-09-08,483.997
2003-09-09,481.288
2003-09-10,472.54
2003-09-11,474.557
2003-09-12,477.101
2003-09-15,476.072
2003-09-16,481.994
2003-09-17,482.821
2003-09-18,488.635
2003-09-19,489.326
2003-09-22,483.613
2003-09-23,486.765
2003-09-24,480.822
2003-09-25,475.978
2003-09-26,470.791
2003-09-29,474.267
2003-09-30,471.207
2003-10-01,479.334
2003-10-02,483.291
2003-10-03,490.741
2003-10-06,492.758
2003-10-07,496.276
2003-10-08,494.633
2003-10-09,498.038
2003-10-10,501.358
2003-10-13,503.99
2003-10-14,505.821
2003-10-15,505.724
2003-10-16,509.094
2003-10-17,504.074
2003-10-20,506.632
2003-10-21,509.261
2003-10-22,503.219
2003-10-23,498.034
2003-10-24,498.234
2003-10-27,501.165
2003-10-28,508.629
2003-10-29,512.166
2003-10-30,512.418
2003-10-31,510.891
2003-11-03,513.585
2003-11-04,514.764
2003-11-05,514.655
2003-11-06,515.202
2003-11-07,516.725
2003-11-10,512.702
2003-11-11,508.678
2003-11-12,515.61
2003-11-13,518.638
2003-11-14,513.533
2003-11-17,505.411
2003-11-18,503.619
2003-11-19,502.597
2003-11-20,501.153
2003-11-21,503.058
2003-11-24,510.455
2003-11-25,512.844
2003-11-26,518.36
2003-11-27,518.612
2003-11-28,520.206
2003-12-01,526.56
2003-12-02,527.111
2003-12-03,524.854
2003-12-04,523.572
2003-12-05,520.009
2003-12-08,520.851
2003-12-09,515.688
2003-12-10,511.403
2003-12-11,517.072
2003-12-12,520.185
2003-12-15,518.3
2003-12-16,516.046
2003-12-17,517.236
2003-12-18,523.75
2003-12-19,522.685
2003-12-22,524.484
2003-12-23,527.597
2003-12-24,528.203
2003-12-25,528.353
2003-12-26,529.287
2003-12-29,534.823
2003-12-30,536.641
2003-12-31,537.601
2004-01-01,537.601
2004-01-02,538.058
2004-01-05,545.544
2004-01-06,547.575
2004-01-07,547.56
2004-01-08,552.037
2004-01-09,553.312
2004-01-12,554.994
2004-01-13,551.981
2004-01-14,555.149
2004-01-15,555.276
2004-01-16,559.366
2004-01-19,560.23
2004-01-20,564.741
2004-01-21,565.745
2004-01-22,563.959
2004-01-23,562.931
2004-01-26,564.227
2004-01-27,562.991
2004-01-28,558.473
2004-01-29,553.487
2004-01-30,554.988
2004-02-02,555.722
2004-02-03,556.647
2004-02-04,551.002
2004-02-05,553.519
2004-02-06,563.514
2004-02-09,564.379
2004-02-10,565.939
2004-02-11,569.884
2004-02-12,571.757
2004-02-13,568.936
2004-02-16,569.437
2004-02-17,575.741
2004-02-18,574.571
2004-02-19,569.77
2004-02-20,563.872
2004-02-23,559.947
2004-02-24,559.392
2004-02-25,560.243
2004-02-26,561.494
2004-02-27,563.184
2004-03-01,571.62
2004-03-02,568.36
2004-03-03,564.621
2004-03-04,568.092
2004-03-05,572.702
2004-03-08,566.892
2004-03-09,562.714
2004-03-10,553.294
2004-03-11,545.701
2004-03-12,550.566
2004-03-15,542.443
2004-03-16,547.294
2004-03-17,553.917
2004-03-18,554.945
2004-03-19,551.786
2004-03-22,543.441
2004-03-23,542.775
2004-03-24,542.141
2004-03-25,551.556
2004-03-26,552.13
2004-03-29,559.77
2004-03-30,561.585
2004-03-31,564.307
2004-04-01,569.785
2004-04-02,574.747
2004-04-05,577.286
2004-04-06,575.442
2004-04-07,576.381
2004-04-08,576.017
2004-04-09,575.128
2004-04-12,577.721
2004-04-13,570.359
2004-04-14,565.497
2004-04-15,562.664
2004-04-16,565.271
2004-04-19,566.696
2004-04-20,561.938
2004-04-21,561.775
2004-04-22,568.454
2004-04-23,569.326
2004-04-26,568.428
2004-04-27,567.651
2004-04-28,558.043
2004-04-29,552.99
2004-04-30,547.144
2004-05-03,551.006
2004-05-04,554.767
2004-05-05,558.135
2004-05-06,549.907
2004-05-07,540.494
2004-05-10,525.788
2004-05-11,532.078
2004-05-12,532.467
2004-05-13,531.66
2004-05-14,528.317
2004-05-17,522.103
2004-05-18,527.789
2004-05-19,534.978
2004-05-20,530.879
2004-05-21,536.433
2004-05-24,539.22
2004-05-25,545.613
2004-05-26,549.019
2004-05-27,555.156
2004-05-28,557.298
2004-05-31,557.578
2004-06-01,556.508
2004-06-02,556.852
2004-06-03,550.817
2004-06-04,554.709
2004-06-07,565.768
2004-06-08,565.916
2004-06-09,558.854
2004-06-10,560.406
2004-06-11,558.202
2004-06-14,551.777
2004-06-15,555.933
2004-06-16,558.219
2004-06-17,557.225
2004-06-18,558.357
2004-06-21,557.231
2004-06-22,558.728
2004-06-23,562.691
2004-06-24,566.133
2004-06-25,568.098
2004-06-28,568.307
2004-06-29,567.97
2004-06-30,570.421
2004-07-01,566.274
2004-07-02,564.107
2004-07-05,561.787
2004-07-06,554.979
2004-07-07,557.14
2004-07-08,552.968
2004-07-09,555.362
2004-07-12,554.194
2004-07-13,552.254
2004-07-14,550.194
2004-07-15,548.791
2004-07-16,548.555
2004-07-19,547.507
2004-07-20,549.669
2004-07-21,542.076
2004-07-22,540.798
2004-07-23,534.15
2004-07-26,528.524
2004-07-27,530.687
2004-07-28,530.017
2004-07-29,533.844
2004-07-30,535.955
2004-08-02,535.985
2004-08-03,532.421
2004-08-04,528.432
2004-08-05,524.222
2004-08-06,518.03
2004-08-09,516.142
2004-08-10,522.84
2004-08-11,518.016
2004-08-12,513.443
2004-08-13,514.283
2004-08-16,519.784
2004-08-17,522.01
2004-08-18,526.855
2004-08-19,528.413
2004-08-20,530.49
2004-08-23,529.804
2004-08-24,527.878
2004-08-25,531.847
2004-08-26,533.619
2004-08-27,535.598
2004-08-30,531.104
2004-08-31,533.038
2004-09-01,536.991
2004-09-02,540.981
2004-09-03,536.847
2004-09-06,539.276
2004-09-07,542.461
2004-09-08,541.783
2004-09-09,543.057
2004-09-10,549.157
2004-09-13,553.041
2004-09-14,554.718
2004-09-15,547.405
2004-09-16,549.982
2004-09-17,552.422
2004-09-20,551.327
2004-09-21,556.724
2004-09-22,551.377
2004-09-23,551.019
2004-09-24,551.019
2004-09-27,546.496
2004-09-28,548.21
2004-09-29,550.765
2004-09-30,554.36
2004-10-01,563.035
2004-10-04,566.553
2004-10-05,566.231
2004-10-06,568.302
2004-10-07,564.715
2004-10-08,563.095
2004-10-11,562.937
2004-10-12,558.013
2004-10-13,555.971
2004-10-14,553.967
2004-10-15,555.904
2004-10-18,557.779
2004-10-19,558.444
2004-10-20,559.487
2004-10-21,565.798
2004-10-22,563.14
2004-10-25,561.97
2004-10-26,565.625
2004-10-27,573.108
2004-10-28,574.632
2004-10-29,575.654
2004-11-01,576.799
2004-11-02,579.585
2004-11-03,585.086
2004-11-04,590.127
2004-11-05,595.023
2004-11-08,593.413
2004-11-09,593.036
2004-11-10,593.761
2004-11-11,598.105
2004-11-12,605.148
2004-11-15,606.508
2004-11-16,604.086
2004-11-17,609.862
2004-11-18,609.859
2004-11-19,607.77
2004-11-22,608.218
2004-11-23,609.911
2004-11-24,615.207
2004-11-25,618.446
2004-11-26,618.163
2004-11-29,618.732
2004-11-30,616.148
2004-12-01,621.767
2004-12-02,621.774
2004-12-03,624.671
2004-12-06,624.545
2004-12-07,619.616
2004-12-08,615.802
2004-12-09,615.851
2004-12-10,615.573
2004-12-13,621.525
2004-12-14,624.515
2004-12-15,628.687
2004-12-16,625.306
2004-12-17,625.127
2004-12-20,627.726
2004-12-21,630.345
2004-12-22,631.861
2004-12-23,634.094
2004-12-24,635.934
2004-12-27,635.865
2004-12-28,639.511
2004-12-29,639.234
2004-12-30,642.103
2004-12-31,642.551
2005-01-03,635.695
2005-01-04,626.56
2005-01-05,621.298
2005-01-06,621.021
2005-01-07,619.532
2005-01-10,621.575
2005-01-11,620.239
2005-01-12,624.539
2005-01-13,622.502
2005-01-14,624.954
2005-01-17,626.676
2005-01-18,628.834
2005-01-19,625.896
2005-01-20,620.908
2005-01-21,619.178
2005-01-24,617.512
2005-01-25,617.267
2005-01-26,623.675
2005-01-27,624.868
2005-01-28,621.747
2005-01-31,627.796
2005-02-01,630.026
2005-02-02,633.543
2005-02-03,631.656
2005-02-04,639.048
2005-02-07,637.435
2005-02-08,636.25
2005-02-09,630.723
2005-02-10,634.122
2005-02-11,640.24
2005-02-14,643.055
2005-02-15,645.496
2005-02-16,644.223
2005-02-17,643.118
2005-02-18,643.884
2005-02-21,643.217
2005-02-22,639.22
2005-02-23,638.885
2005-02-24,643.723
2005-02-25,650.371
2005-02-28,649.885
2005-03-01,652.243
2005-03-02,650.758
2005-03-03,650.752
2005-03-04,657.781
2005-03-07,658.993
2005-03-08,658.053
2005-03-09,653.754
2005-03-10,651.54
2005-03-11,651.793
2005-03-14,651.966
2005-03-15,650.29
2005-03-16,647.171
2005-03-17,646.38
2005-03-18,645.433
2005-03-21,642.986
2005-03-22,641.578
2005-03-23,634.595
2005-03-24,635.659
2005-03-25,635.671
2005-03-28,634.226
2005-03-29,629.187
2005-03-30,634.161
2005-03-31,638.273
2005-04-01,637.679
2005-04-04,634.076
2005-04-05,637.929
2005-04-06,640.015
2005-04-07,643.896
2005-04-08,640.645
2005-04-11,641.89
2005-04-12,641.527
2005-04-13,637.507
2005-04-14,629.114
2005-04-15,618.731
2005-04-18,615.754
2005-04-19,623.283
2005-04-20,618.571
2005-04-21,625.407
2005-04-22,625.276
2005-04-25,628.177
2005-04-26,622.586
2005-04-27,619.032
2005-04-28,611.423
2005-04-29,614.583
2005-05-02,616.647
2005-05-03,616.982
2005-05-04,624.336
2005-05-05,624.999
2005-05-06,625.636
2005-05-09,627.316
2005-05-10,623.449
2005-05-11,623.251
2005-05-12,617.68
2005-05-13,615.245
2005-05-16,616.898
2005-05-17,618.898
2005-05-18,625.969
2005-05-19,629.714
2005-05-20,628.783
2005-05-23,632.847
2005-05-24,633.731
2005-05-25,631.409
2005-05-26,634.671
2005-05-27,635.779
2005-05-30,636.293
2005-05-31,634.644
2005-06-01,638.391
2005-06-02,641.27
2005-06-03,640.63
2005-06-06,641.463
2005-06-07,642.505
2005-06-08,642.81
2005-06-09,643.065
2005-06-10,642.17
2005-06-13,642.464
2005-06-14,644.428
2005-06-15,646.945
2005-06-16,651.414
2005-06-17,656.519
2005-06-20,654.362
2005-06-21,653.976
2005-06-22,654.811
2005-06-23,651.218
2005-06-24,646.593
2005-06-27,645.506
2005-06-28,650.548
2005-06-29,651.176
2005-06-30,649.432
2005-07-01,649.028
2005-07-04,648.653
2005-07-05,652.58
2005-07-06,652.61
2005-07-07,650.624
2005-07-08,656.633
2005-07-11,663.714
2005-07-12,667.374
2005-07-13,664.836
2005-07-14,664.769
2005-07-15,664.718
2005-07-18,664.583
2005-07-19,668.176
2005-07-20,670.844
2005-07-21,671.804
2005-07-22,675.597
2005-07-25,672.819
2005-07-26,672.776
2005-07-27,675.065
2005-07-28,680.308
2005-07-29,679.714
2005-08-01,683.26
2005-08-02,687.427
2005-08-03,688.945
2005-08-04,685.654
2005-08-05,678.448
2005-08-08,679.442
2005-08-09,681.738
2005-08-10,687.008
2005-08-11,691.858
2005-08-12,690.0
2005-08-15,689.497
2005-08-16,684.084
2005-08-17,683.007
2005-08-18,678.966
2005-08-19,680.638
2005-08-22,684.964
2005-08-23,683.369
2005-08-24,682.556
2005-08-25,682.716
2005-08-26,680.086
2005-08-29,680.228
2005-08-30,678.494
2005-08-31,688.292
2005-09-01,695.542
2005-09-02,694.867
2005-09-05,696.064
2005-09-06,700.165
2005-09-07,702.588
2005-09-08,700.317
2005-09-09,707.251
2005-09-12,706.25
2005-09-13,701.588
2005-09-14,701.782
2005-09-15,700.283
2005-09-16,702.333
2005-09-19,699.784
2005-09-20,697.62
2005-09-21,693.619
2005-09-22,691.135
2005-09-23,691.619
2005-09-26,696.28
2005-09-27,694.278
2005-09-28,697.744
2005-09-29,702.74
2005-09-30,707.014
2005-10-03,706.478
2005-10-04,704.159
2005-10-05,693.361
2005-10-06,686.965
2005-10-07,688.534
2005-10-10,684.418
2005-10-11,684.283
2005-10-12,678.123
2005-10-13,671.076
2005-10-14,678.576
2005-10-17,679.64
2005-10-18,669.91
2005-10-19,671.354
2005-10-20,667.462
2005-10-21,670.791
2005-10-24,679.224
2005-10-25,681.749
2005-10-26,679.545
2005-10-27,671.898
2005-10-28,676.691
2005-10-31,686.122
2005-11-01,688.152
2005-11-02,697.023
2005-11-03,701.459
2005-11-04,697.593
2005-11-07,698.124
2005-11-08,695.802
2005-11-09,696.353
2005-11-10,698.603
2005-11-11,701.128
2005-11-14,699.827
2005-11-15,697.628
2005-11-16,698.903
2005-11-17,708.559
2005-11-18,710.843
2005-11-21,717.061
2005-11-22,719.893
2005-11-23,723.583
2005-11-24,723.225
2005-11-25,723.599
2005-11-28,718.354
2005-11-29,719.893
2005-11-30,719.426
2005-12-01,729.229
2005-12-02,732.447
2005-12-05,733.043
2005-12-06,734.783
2005-12-07,732.098
2005-12-08,734.16
2005-12-09,738.164
2005-12-12,743.802
2005-12-13,744.362
2005-12-14,747.815
2005-12-15,743.881
2005-12-16,745.016
2005-12-19,741.129
2005-12-20,741.9
2005-12-21,744.845
2005-12-22,749.332
2005-12-23,750.504
2005-12-26,751.305
2005-12-27,746.246
2005-12-28,750.011
2005-12-29,749.609
2005-12-30,745.004
2006-01-02,745.913
2006-01-03,758.746
2006-01-04,769.729
2006-01-05,769.344
2006-01-06,778.971
2006-01-09,782.062
2006-01-10,780.888
2006-01-11,786.132
2006-01-12,784.516
2006-01-13,784.38
2006-01-16,785.414
2006-01-17,777.739
2006-01-18,771.467
2006-01-19,783.4
2006-01-20,775.447
2006-01-23,777.504
2006-01-24,782.031
2006-01-25,781.927
2006-01-26,789.435
2006-01-27,795.843
2006-01-30,795.953
2006-01-31,798.063
2006-02-01,798.664
2006-02-02,793.057
2006-02-03,788.527
2006-02-06,793.078
2006-02-07,785.586
2006-02-08,783.983
2006-02-09,784.565
2006-02-10,780.992
2006-02-13,773.93
2006-02-14,776.55
2006-02-15,778.497
2006-02-16,783.528
2006-02-17,782.482
2006-02-20,782.048
2006-02-21,783.899
2006-02-22,787.759
2006-02-23,790.379
2006-02-24,791.563
2006-02-27,794.265
2006-02-28,788.795
2006-03-01,794.847
2006-03-02,795.3
2006-03-03,792.853
2006-03-06,788.935
2006-03-07,777.643
2006-03-08,772.782
2006-03-09,776.671
2006-03-10,780.274
2006-03-13,785.777
2006-03-14,794.651
2006-03-15,799.541
2006-03-16,801.239
2006-03-17,804.34
2006-03-20,804.405
2006-03-21,798.559
2006-03-22,802.162
2006-03-23,800.866
2006-03-24,806.077
2006-03-27,806.556
2006-03-28,806.37
2006-03-29,811.373
2006-03-30,818.818
2006-03-31,815.675
2006-04-03,819.518
2006-04-04,824.641
2006-04-05,829.527
2006-04-06,832.688
2006-04-07,824.696
2006-04-10,824.08
2006-04-11,815.966
2006-04-12,813.821
2006-04-13,816.19
2006-04-14,816.009
2006-04-17,818.624
2006-04-18,828.73
2006-04-19,838.013
2006-04-20,836.748
2006-04-21,839.287
2006-04-24,836.301
2006-04-25,835.232
2006-04-26,837.57
2006-04-27,837.38
2006-04-28,837.359
2006-05-01,839.916
2006-05-02,846.895
2006-05-03,844.922
2006-05-04,852.458
2006-05-05,862.388
2006-05-08,865.883
2006-05-09,866.831
2006-05-10,865.167
2006-05-11,856.593
2006-05-12,843.275
2006-05-15,829.478
2006-05-16,824.949
2006-05-17,809.644
2006-05-18,802.252
2006-05-19,801.144
2006-05-22,785.767
2006-05-23,792.616
2006-05-24,783.947
2006-05-25,793.671
2006-05-26,803.399
2006-05-29,805.45
2006-05-30,794.232
2006-05-31,798.951
2006-06-01,805.193
2006-06-02,812.056
2006-06-05,799.107
2006-06-06,782.535
2006-06-07,774.711
2006-06-08,759.521
2006-06-09,764.423
2006-06-12,751.53
2006-06-13,732.902
2006-06-14,739.815
2006-06-15,764.157
2006-06-16,764.834
2006-06-19,756.77
2006-06-20,754.882
2006-06-21,764.649
2006-06-22,764.994
2006-06-23,766.451
2006-06-26,769.872
2006-06-27,764.638
2006-06-28,763.035
2006-06-29,781.691
2006-06-30,795.708
2006-07-03,801.093
2006-07-04,803.248
2006-07-05,790.478
2006-07-06,792.826
2006-07-07,788.38
2006-07-10,785.454
2006-07-11,785.434
2006-07-12,778.341
2006-07-13,765.452
2006-07-14,754.923
2006-07-17,746.345
2006-07-18,740.772
2006-07-19,758.375
2006-07-20,754.488
2006-07-21,743.997
2006-07-24,755.299
2006-07-25,763.294
2006-07-26,762.275
2006-07-27,766.914
2006-07-28,776.183
2006-07-31,779.298
2006-08-01,774.228
2006-08-02,783.615
2006-08-03,783.365
2006-08-04,785.531
2006-08-07,779.094
2006-08-08,777.023
2006-08-09,776.699
2006-08-10,774.69
2006-08-11,771.91
2006-08-14,773.895
2006-08-15,785.58
2006-08-16,798.715
2006-08-17,800.106
2006-08-18,799.51
2006-08-21,797.889
2006-08-22,797.905
2006-08-23,793.798
2006-08-24,791.669
2006-08-25,790.16
2006-08-28,793.173
2006-08-29,795.937
2006-08-30,800.11
2006-08-31,802.269
2006-09-01,807.321
2006-09-04,812.406
2006-09-05,812.297
2006-09-06,801.227
2006-09-07,792.869
2006-09-08,794.058
2006-09-11,788.71
2006-09-12,797.149
2006-09-13,801.776
2006-09-14,802.703
2006-09-15,801.864
2006-09-18,804.902
2006-09-19,801.727
2006-09-20,804.157
2006-09-21,803.856
2006-09-22,798.771
2006-09-25,801.63
2006-09-26,806.734
2006-09-27,813.35
2006-09-28,814.689
2006-09-29,813.536
2006-10-02,813.211
2006-10-03,807.351
2006-10-04,812.343
2006-10-05,821.315
2006-10-06,815.577
2006-10-09,818.333
2006-10-10,820.745
2006-10-11,817.254
2006-10-12,824.723
2006-10-13,828.242
2006-10-16,836.242
2006-10-17,830.047
2006-10-18,830.78
2006-10-19,834.942
2006-10-20,834.067
2006-10-23,835.513
2006-10-24,837.677
2006-10-25,841.51
2006-10-26,848.935
2006-10-27,845.057
2006-10-30,842.955
2006-10-31,845.34
2006-11-01,840.671
2006-11-02,839.361
2006-11-03,838.628
2006-11-06,846.767
2006-11-07,852.863
2006-11-08,851.304
2006-11-09,848.892
2006-11-10,853.119
2006-11-13,853.067
2006-11-14,857.72
2006-11-15,861.639
2006-11-16,861.674
2006-11-17,859.628
2006-11-20,857.591
2006-11-21,863.072
2006-11-22,872.345
2006-11-23,873.126
2006-11-24,872.705
2006-11-27,861.333
2006-11-28,860.599
2006-11-29,873.052
2006-11-30,877.408
2006-12-01,877.961
2006-12-04,884.897
2006-12-05,887.172
2006-12-06,888.991
2006-12-07,889.025
2006-12-08,888.961
2006-12-11,887.774
2006-12-12,886.433
2006-12-13,889.331
2006-12-14,894.255
2006-12-15,892.821
2006-12-18,888.561
2006-12-19,888.297
2006-12-20,891.156
2006-12-21,887.686
2006-12-22,883.403
2006-12-25,883.08
2006-12-26,883.81
2006-12-27,890.836
2006-12-28,890.856
2006-12-29,889.328
2007-01-01,889.328
2007-01-02,895.705
2007-01-03,890.552
2007-01-04,886.236
2007-01-05,878.747
2007-01-08,882.173
2007-01-09,883.567
2007-01-10,881.142
2007-01-11,887.727
2007-01-12,895.446
2007-01-15,899.607
2007-01-16,897.271
2007-01-17,898.376
2007-01-18,894.038
2007-01-19,897.735
2007-01-22,896.307
2007-01-23,901.912
2007-01-24,908.206
2007-01-25,900.5
2007-01-26,896.258
2007-01-29,897.028
2007-01-30,901.033
2007-01-31,904.486
2007-02-01,914.029
2007-02-02,916.91
2007-02-05,915.492
2007-02-06,918.997
2007-02-07,923.092
2007-02-08,920.864
2007-02-09,917.085
2007-02-12,910.846
2007-02-13,917.278
2007-02-14,930.72
2007-02-15,936.535
2007-02-16,935.058
2007-02-19,937.159
2007-02-20,938.538
2007-02-21,937.906
2007-02-22,941.317
2007-02-23,943.637
2007-02-26,943.928
2007-02-27,917.145
2007-02-28,910.873
2007-03-01,903.757
2007-03-02,895.536
2007-03-05,877.316
2007-03-06,891.186
2007-03-07,895.336
2007-03-08,905.61
2007-03-09,907.503
2007-03-12,912.321
2007-03-13,899.146
2007-03-14,890.819
2007-03-15,901.36
2007-03-16,901.839
2007-03-19,911.74
2007-03-20,918.506
2007-03-21,928.978
2007-03-22,936.426
2007-03-23,937.398
2007-03-26,937.122
2007-03-27,933.274
2007-03-28,928.493
2007-03-29,930.794
2007-03-30,931.274
2007-04-02,935.608
2007-04-03,943.595
2007-04-04,947.745
2007-04-05,950.58
2007-04-06,950.294
2007-04-09,949.42
2007-04-10,955.002
2007-04-11,950.596
2007-04-12,954.778
2007-04-13,956.89
2007-04-16,966.604
2007-04-17,966.33
2007-04-18,967.122
2007-04-19,962.418
2007-04-20,969.561
2007-04-23,970.887
2007-04-24,969.637
2007-04-25,976.897
2007-04-26,977.019
2007-04-27,975.4
2007-04-30,969.884
2007-05-01,968.166
2007-05-02,977.015
2007-05-03,977.518
2007-05-04,984.088
2007-05-07,987.509
2007-05-08,982.231
2007-05-09,987.762
2007-05-10,977.255
2007-05-11,983.017
2007-05-14,980.305
2007-05-15,978.767
2007-05-16,979.834
2007-05-17,978.693
2007-05-18,983.914
2007-05-21,986.551
2007-05-22,988.317
2007-05-23,992.156
2007-05-24,979.969
2007-05-25,982.077
2007-05-28,983.311
2007-05-29,986.923
2007-05-30,990.088
2007-05-31,1000.0
2007-06-01,1004.569
2007-06-04,1009.036
2007-06-05,1005.43
2007-06-06,992.315
2007-06-07,976.224
2007-06-08,977.261
2007-06-11,982.283
2007-06-12,974.719
2007-06-13,981.791
2007-06-14,991.883
2007-06-15,1002.339
2007-06-18,1002.962
2007-06-19,1001.962
2007-06-20,998.438
2007-06-21,999.63
2007-06-22,993.908
2007-06-25,987.354
2007-06-26,982.698
2007-06-27,985.038
2007-06-28,991.018
2007-06-29,994.218
2007-07-02,1005.156
2007-07-03,1009.287
2007-07-04,1012.272
2007-07-05,1012.745
2007-07-06,1018.853
2007-07-09,1022.077
2007-07-10,1015.877
2007-07-11,1018.581
2007-07-12,1030.586
2007-07-13,1035.838
2007-07-16,1033.025
2007-07-17,1031.285
2007-07-18,1028.206
2007-07-19,1036.882
2007-07-20,1030.193
2007-07-23,1030.194
2007-07-24,1013.951
2007-07-25,1005.281
2007-07-26,981.091
2007-07-27,965.622
2007-07-30,972.995
2007-07-31,974.448
2007-08-01,967.191
2007-08-02,972.309
2007-08-03,958.39
2007-08-06,960.108
2007-08-07,965.717
2007-08-08,983.057
2007-08-09,965.444
2007-08-10,952.757
2007-08-13,957.261
2007-08-14,941.574
2007-08-15,921.615
2007-08-16,898.277
2007-08-17,912.09
2007-08-20,921.113
2007-08-21,924.993
2007-08-22,942.228
2007-08-23,945.551
2007-08-24,953.827
2007-08-27,951.238
2007-08-28,932.592
2007-08-29,944.588
2007-08-30,947.441
2007-08-31,962.613
2007-09-03,963.957
2007-09-04,972.2
2007-09-05,962.472
2007-09-06,967.549
2007-09-07,952.023
2007-09-10,942.943
2007-09-11,957.359
2007-09-12,958.366
2007-09-13,960.633
2007-09-14,958.312
2007-09-17,948.971
2007-09-18,965.879
2007-09-19,983.993
2007-09-20,984.72
2007-09-21,989.065
2007-09-24,987.703
2007-09-25,985.455
2007-09-26,992.239
2007-09-27,1003.439
2007-09-28,1004.942
2007-10-01,1015.128
2007-10-02,1016.901
2007-10-03,1014.752
2007-10-04,1015.368
2007-10-05,1027.19
2007-10-08,1023.665
2007-10-09,1031.164
2007-10-10,1035.532
2007-10-11,1034.45
2007-10-12,1035.953
2007-10-15,1031.662
2007-10-16,1020.322
2007-10-17,1027.364
2007-10-18,1029.468
2007-10-19,1009.211
2007-10-22,1001.72
2007-10-23,1016.295
2007-10-24,1011.288
2007-10-25,1017.362
2007-10-26,1025.939
2007-10-29,1034.978
2007-10-30,1027.631
2007-10-31,1040.168
2007-11-01,1024.775
2007-11-02,1023.679
2007-11-05,1014.01
2007-11-06,1026.289
2007-11-07,1012.572
2007-11-08,1007.954
2007-11-09,993.398
2007-11-12,971.111
2007-11-13,983.657
2007-11-14,988.247
2007-11-15,972.647
2007-11-16,968.628
2007-11-19,948.301
2007-11-20,955.704
2007-11-21,937.632
2007-11-22,939.649
2007-11-23,952.112
2007-11-26,948.896
2007-11-27,950.545
2007-11-28,971.662
2007-11-29,977.703
2007-11-30,981.721
2007-12-03,980.042
2007-12-04,971.98
2007-12-05,983.045
2007-12-06,991.458
2007-12-07,1000.008
2007-12-10,1004.921
2007-12-11,991.437
2007-12-12,994.294
2007-12-13,981.18
2007-12-14,971.344
2007-12-17,949.484
2007-12-18,952.767
2007-12-19,953.243
2007-12-20,958.438
2007-12-21,972.898
2007-12-24,978.8
2007-12-25,980.256
2007-12-26,984.691
2007-12-27,978.474
2007-12-28,982.855
2007-12-31,980.916
2008-01-01,980.916
2008-01-02,973.936
2008-01-03,970.294
2008-01-04,945.178
2008-01-07,931.383
2008-01-08,924.132
2008-01-09,919.514
2008-01-10,917.383
2008-01-11,906.268
2008-01-14,918.568
2008-01-15,891.935
2008-01-16,873.34
2008-01-17,859.771
2008-01-18,859.188
2008-01-21,837.126
2008-01-22,837.732
2008-01-23,841.539
2008-01-24,868.949
2008-01-25,871.528
2008-01-28,875.286
2008-01-29,886.167
2008-01-30,880.952
2008-01-31,889.298
2008-02-01,908.655
2008-02-04,910.752
2008-02-05,879.044
2008-02-06,870.125
2008-02-07,864.653
2008-02-08,867.656
2008-02-11,871.293
2008-02-12,881.563
2008-02-13,891.802
2008-02-14,891.966
2008-02-15,886.811
2008-02-18,890.613
2008-02-19,896.875
2008-02-20,894.81
2008-02-21,895.98
2008-02-22,896.724
2008-02-25,912.489
2008-02-26,922.45
2008-02-27,926.609
2008-02-28,919.844
2008-02-29,900.52
2008-03-03,893.277
2008-03-04,887.133
2008-03-05,899.51
2008-03-06,890.081
2008-03-07,876.353
2008-03-10,857.165
2008-03-11,875.22
2008-03-12,881.301
2008-03-13,882.282
2008-03-14,871.684
2008-03-17,846.003
2008-03-18,871.283
2008-03-19,851.868
2008-03-20,851.366
2008-03-21,852.792
2008-03-24,864.564
2008-03-25,886.684
2008-03-26,888.553
2008-03-27,887.273
2008-03-28,882.192
2008-03-31,885.667
2008-04-01,902.431
2008-04-02,910.747
2008-04-03,912.851
2008-04-04,921.143
2008-04-07,924.004
2008-04-08,916.41
2008-04-09,910.142
2008-04-10,913.926
2008-04-11,903.057
2008-04-14,899.928
2008-04-15,902.703
2008-04-16,928.604
2008-04-17,925.273
2008-04-18,935.566
2008-04-21,940.79
2008-04-22,934.935
2008-04-23,937.384
2008-04-24,932.069
2008-04-25,942.615
2008-04-28,946.364
2008-04-29,937.705
2008-04-30,940.167
2008-05-01,941.924
2008-05-02,951.723
2008-05-05,953.874
2008-05-06,962.312
2008-05-07,955.65
2008-05-08,963.347
2008-05-09,957.857
2008-05-12,964.441
2008-05-13,968.485
2008-05-14,970.813
2008-05-15,982.675
2008-05-16,991.336
2008-05-19,993.744
2008-05-20,985.714
2008-05-21,977.034
2008-05-22,976.828
2008-05-23,966.963
2008-05-26,963.454
2008-05-27,963.542
2008-05-28,969.464
2008-05-29,968.388
2008-05-30,977.752
2008-06-02,972.506
2008-06-03,970.111
2008-06-04,970.509
2008-06-05,981.105
2008-06-06,969.417
2008-06-09,964.937
2008-06-10,947.943
2008-06-11,936.967
2008-06-12,932.958
2008-06-13,941.873
2008-06-16,951.067
2008-06-17,954.682
2008-06-18,946.508
2008-06-19,943.953
2008-06-20,931.714
2008-06-23,931.1
2008-06-24,922.876
2008-06-25,926.721
2008-06-26,910.822
2008-06-27,911.522
2008-06-30,910.737
2008-07-01,902.28
2008-07-02,881.012
2008-07-03,871.016
2008-07-04,868.668
2008-07-07,868.13
2008-07-08,865.117
2008-07-09,864.129
2008-07-10,864.132
2008-07-11,857.019
2008-07-14,858.996
2008-07-15,846.246
2008-07-16,853.852
2008-07-17,863.942
2008-07-18,863.661
2008-07-21,873.577
2008-07-22,871.34
2008-07-23,870.353
2008-07-24,850.518
2008-07-25,852.16
2008-07-28,845.137
2008-07-29,846.406
2008-07-30,860.542
2008-07-31,852.407
2008-08-01,841.156
2008-08-04,826.415
2008-08-05,835.068
2008-08-06,845.949
2008-08-07,838.005
2008-08-08,838.048
2008-08-11,844.81
2008-08-12,837.231
2008-08-13,834.569
2008-08-14,839.1
2008-08-15,835.925
2008-08-18,830.204
2008-08-19,820.794
2008-08-20,828.083
2008-08-21,832.938
2008-08-22,837.055
2008-08-25,828.545
2008-08-26,828.323
2008-08-27,834.824
2008-08-28,843.923
2008-08-29,842.453
2008-09-01,836.191
2008-09-02,825.755
2008-09-03,812.432
2008-09-04,789.126
2008-09-05,781.131
2008-09-08,788.68
2008-09-09,760.903
2008-09-10,763.743
2008-09-11,763.671
2008-09-12,781.438
2008-09-15,750.773
2008-09-16,746.822
2008-09-17,725.682
2008-09-18,741.659
2008-09-19,781.855
2008-09-22,769.537
2008-09-23,757.082
2008-09-24,751.483
2008-09-25,756.159
2008-09-26,741.987
2008-09-29,687.026
2008-09-30,699.784
2008-10-01,692.095
2008-10-02,655.727
2008-10-03,649.322
2008-10-06,607.64
2008-10-07,587.178
2008-10-08,571.222
2008-10-09,551.257
2008-10-10,523.862
2008-10-13,576.229
2008-10-14,583.624
2008-10-15,535.872
2008-10-16,531.493
2008-10-17,537.103
2008-10-20,558.807
2008-10-21,547.011
2008-10-22,508.878
2008-10-23,499.444
2008-10-24,477.187
2008-10-27,454.664
2008-10-28,482.183
2008-10-29,506.525
2008-10-30,527.879
2008-10-31,532.375
2008-11-03,535.525
2008-11-04,565.469
2008-11-05,549.353
2008-11-06,514.775
2008-11-07,522.772
2008-11-10,523.88
2008-11-11,502.561
2008-11-12,480.268
2008-11-13,495.276
2008-11-14,484.094
2008-11-17,473.603
2008-11-18,471.882
2008-11-19,449.09
2008-11-20,420.662
2008-11-21,435.118
2008-11-24,465.82
2008-11-25,475.768
2008-11-26,487.567
2008-11-27,491.628
2008-11-28,495.198
2008-12-01,460.551
2008-12-02,467.517
2008-12-03,474.705
2008-12-04,463.202
2008-12-05,466.413
2008-12-08,489.862
2008-12-09,489.439
2008-12-10,499.762
2008-12-11,495.031
2008-12-12,494.759
2008-12-15,498.004
2008-12-16,511.9
2008-12-17,523.041
2008-12-18,517.84
2008-12-19,512.16
2008-12-22,501.302
2008-12-23,500.003
2008-12-24,499.968
2008-12-25,500.607
2008-12-26,503.862
2008-12-29,508.148
2008-12-30,516.715
2008-12-31,520.19
2009-01-01,520.19
2009-01-02,536.051
2009-01-05,538.13
2009-01-06,542.224
2009-01-07,533.644
2009-01-08,534.825
2009-01-09,524.751
2009-01-12,511.469
2009-01-13,506.125
2009-01-14,490.796
2009-01-15,490.93
2009-01-16,499.759
2009-01-19,496.341
2009-01-20,474.798
2009-01-21,485.24
2009-01-22,481.022
2009-01-23,479.655
2009-01-26,488.191
2009-01-27,495.898
2009-01-28,508.221
2009-01-29,497.601
2009-01-30,489.161
2009-02-02,481.657
2009-02-03,490.005
2009-02-04,495.174
2009-02-05,500.3
2009-02-06,510.913
2009-02-09,512.915
2009-02-10,498.069
2009-02-11,496.233
2009-02-12,494.669
2009-02-13,496.688
2009-02-16,493.877
2009-02-17,474.203
2009-02-18,469.159
2009-02-19,468.098
2009-02-20,460.354
2009-02-23,449.821
2009-02-24,455.089
2009-02-25,452.991
2009-02-26,451.817
2009-02-27,449.519
2009-03-02,426.941
2009-03-03,423.749
2009-03-04,437.208
2009-03-05,426.726
2009-03-06,424.93
2009-03-09,420.126
2009-03-10,440.371
2009-03-11,442.71
2009-03-12,450.316
2009-03-13,455.931
2009-03-16,458.638
2009-03-17,465.677
2009-03-18,471.373
2009-03-19,482.652
2009-03-20,473.436
2009-03-23,492.832
2009-03-24,489.521
2009-03-25,491.905
2009-03-26,501.288
2009-03-27,490.953
2009-03-30,475.613
2009-03-31,481.702
2009-04-01,486.959
2009-04-02,509.382
2009-04-03,510.795
2009-04-06,506.767
2009-04-07,495.429
2009-04-08,499.843
2009-04-09,515.433
2009-04-10,515.491
2009-04-13,516.24
2009-04-14,515.744
2009-04-15,515.528
2009-04-16,524.456
2009-04-17,527.823
2009-04-20,509.17
2009-04-21,513.565
2009-04-22,519.404
2009-04-23,523.277
2009-04-24,534.383
2009-04-27,529.75
2009-04-28,524.405
2009-04-29,537.149
2009-04-30,541.345
2009-05-01,542.824
2009-05-04,559.535
2009-05-05,560.995
2009-05-06,563.832
2009-05-07,558.678
2009-05-08,568.191
2009-05-11,564.025
2009-05-12,563.089
2009-05-13,548.081
2009-05-14,550.759
2009-05-15,553.435
2009-05-18,563.153
2009-05-19,572.002
2009-05-20,576.419
2009-05-21,565.418
2009-05-22,568.049
2009-05-25,569.091
2009-05-26,578.506
2009-05-27,577.287
2009-05-28,577.354
2009-05-29,586.985
2009-06-01,604.667
2009-06-02,607.721
2009-06-03,596.367
2009-06-04,597.141
2009-06-05,593.694
2009-06-08,587.845
2009-06-09,596.772
2009-06-10,599.886
2009-06-11,605.655
2009-06-12,602.629
2009-06-15,587.293
2009-06-16,581.19
2009-06-17,577.825
2009-06-18,578.248
2009-06-19,582.121
2009-06-22,566.135
2009-06-23,566.129
2009-06-24,575.085
2009-06-25,580.436
2009-06-26,585.641
2009-06-29,587.574
2009-06-30,585.947
2009-07-01,590.809
2009-07-02,577.441
2009-07-03,576.249
2009-07-06,570.028
2009-07-07,563.055
2009-07-08,557.455
2009-07-09,562.069
2009-07-10,559.657
2009-07-13,562.812
2009-07-14,569.941
2009-07-15,584.449
2009-07-16,590.377
2009-07-17,591.968
2009-07-20,600.711
2009-07-21,608.034
2009-07-22,610.378
2009-07-23,621.012
2009-07-24,623.211
2009-07-27,623.953
2009-07-28,621.296
2009-07-29,617.704
2009-07-30,625.252
2009-07-31,629.672
2009-08-03,643.338
2009-08-04,644.627
2009-08-05,641.875
2009-08-06,639.166
2009-08-07,641.606
2009-08-10,640.462
2009-08-11,635.462
2009-08-12,641.259
2009-08-13,650.747
2009-08-14,645.96
2009-08-17,628.059
2009-08-18,635.092
2009-08-19,638.806
2009-08-20,646.265
2009-08-21,656.174
2009-08-24,658.937
2009-08-25,660.458
2009-08-26,657.33
2009-08-27,656.953
2009-08-28,663.178
2009-08-31,656.316
2009-09-01,646.343
2009-09-02,641.388
2009-09-03,646.695
2009-09-04,653.844
2009-09-07,660.468
2009-09-08,671.843
2009-09-09,677.902
2009-09-10,684.789
2009-09-11,687.758
2009-09-14,686.399
2009-09-15,689.152
2009-09-16,700.705
2009-09-17,702.075
2009-09-18,698.434
2009-09-21,694.458
2009-09-22,702.698
2009-09-23,698.789
2009-09-24,688.064
2009-09-25,684.607
2009-09-28,691.36
2009-09-29,690.646
2009-09-30,693.325
2009-10-01,676.023
2009-10-02,666.971
2009-10-05,674.225
2009-10-06,688.383
2009-10-07,688.582
2009-10-08,699.689
2009-10-09,701.234
2009-10-12,705.378
2009-10-13,703.206
2009-10-14,714.468
2009-10-15,717.025
2009-10-16,711.883
2009-10-19,720.786
2009-10-20,716.993
2009-10-21,714.14
2009-10-22,713.049
2009-10-23,705.8
2009-10-26,698.466
2009-10-27,689.852
2009-10-28,671.453
2009-10-29,683.121
2009-10-30,670.693
2009-11-02,672.23
2009-11-03,673.064
2009-11-04,681.346
2009-11-05,689.086
2009-11-06,691.535
2009-11-09,706.748
2009-11-10,704.943
2009-11-11,707.747
2009-11-12,700.677
2009-11-13,705.588
2009-11-16,716.603
2009-11-17,711.344
2009-11-18,710.661
2009-11-19,696.944
2009-11-20,693.161
2009-11-23,703.345
2009-11-24,699.715
2009-11-25,707.287
2009-11-26,698.63
2009-11-27,693.331
2009-11-30,695.411
2009-12-01,711.394
2009-12-02,713.843
2009-12-03,711.333
2009-12-04,711.499
2009-12-07,711.456
2009-12-08,703.453
2009-12-09,701.359
2009-12-10,704.777
2009-12-11,706.502
2009-12-14,715.945
2009-12-15,713.108
2009-12-16,719.782
2009-12-17,707.712
2009-12-18,707.999
2009-12-21,715.496
2009-12-22,718.865
2009-12-23,724.976
2009-12-24,728.13
2009-12-25,727.781
2009-12-28,729.705
2009-12-29,730.659
2009-12-30,726.963
2009-12-31,725.497
2010-01-01,725.497
2010-01-04,740.905
2010-01-05,745.094
2010-01-06,747.601
2010-01-07,747.342
2010-01-08,751.686
2010-01-11,757.47
2010-01-12,748.816
2010-01-13,752.057
2010-01-14,755.693
2010-01-15,746.599
2010-01-18,747.669
2010-01-19,749.775
2010-01-20,738.392
2010-01-21,728.361
2010-01-22,717.675
2010-01-25,717.824
2010-01-26,713.065
2010-01-27,710.053
2010-01-28,701.927
2010-01-29,694.658
2010-02-01,704.003
2010-02-02,715.025
2010-02-03,711.042
2010-02-04,688.581
2010-02-05,681.007
2010-02-08,679.293
2010-02-09,687.074
2010-02-10,686.944
2010-02-11,693.775
2010-02-12,693.435
2010-02-15,693.333
2010-02-16,703.876
2010-02-17,709.688
2010-02-18,712.608
2010-02-19,710.805
2010-02-22,715.424
2010-02-23,707.44
2010-02-24,710.784
2010-02-25,706.503
2010-02-26,713.006
2010-03-01,721.809
2010-03-02,728.034
2010-03-03,733.198
2010-03-04,731.725
2010-03-05,741.781
2010-03-08,743.526
2010-03-09,742.329
2010-03-10,748.155
2010-03-11,749.401
2010-03-12,754.031
2010-03-15,747.835
2010-03-16,756.977
2010-03-17,762.558
2010-03-18,756.377
2010-03-19,751.207
2010-03-22,755.42
2010-03-23,761.136
2010-03-24,754.542
2010-03-25,753.498
2010-03-26,755.681
2010-03-29,761.949
2010-03-30,761.172
2010-03-31,761.385
2010-04-01,769.948
2010-04-02,770.109
2010-04-05,776.426
2010-04-06,777.134
2010-04-07,774.198
2010-04-08,771.998
2010-04-09,781.538
2010-04-12,784.637
2010-04-13,782.653
2010-04-14,792.187
2010-04-15,793.754
2010-04-16,781.933
2010-04-19,775.172
2010-04-20,785.145
2010-04-21,785.519
2010-04-22,786.759
2010-04-23,794.327
2010-04-26,796.973
2010-04-27,778.542
2010-04-28,771.642
2010-04-29,783.801
2010-04-30,776.276
2010-05-03,779.834
2010-05-04,757.848
2010-05-05,746.664
2010-05-06,728.587
2010-05-07,707.476
2010-05-10,745.497
2010-05-11,739.38
2010-05-12,753.988
2010-05-13,749.433
2010-05-14,729.851
2010-05-17,724.032
2010-05-18,719.864
2010-05-19,707.166
2010-05-20,684.344
2010-05-21,693.945
2010-05-24,687.843
2010-05-25,676.78
2010-05-26,683.997
2010-05-27,707.317
2010-05-28,704.475
2010-05-31,704.839
2010-06-01,695.549
2010-06-02,704.021
2010-06-03,714.709
2010-06-04,692.505
2010-06-07,677.173
2010-06-08,678.036
2010-06-09,685.864
2010-06-10,706.172
2010-06-11,710.741
2010-06-14,720.246
2010-06-15,732.659
2010-06-16,733.189
2010-06-17,732.951
2010-06-18,734.638
2010-06-21,736.883
2010-06-22,725.086
2010-06-23,720.564
2010-06-24,710.736
2010-06-25,711.334
2010-06-28,712.568
2010-06-29,686.734
2010-06-30,681.912
2010-07-01,679.459
2010-07-02,679.578
2010-07-05,678.047
2010-07-06,688.275
2010-07-07,700.948
2010-07-08,709.053
2010-07-09,714.044
2010-07-12,711.796
2010-07-13,725.741
2010-07-14,728.883
2010-07-15,729.246
2010-07-16,713.89
2010-07-19,713.419
2010-07-20,718.17
2010-07-21,716.31
2010-07-22,731.409
2010-07-23,738.493
2010-07-26,746.577
2010-07-27,741.178
2010-07-28,738.381
2010-07-29,737.188
2010-07-30,736.218
2010-08-02,753.917
2010-08-03,753.864
2010-08-04,755.992
2010-08-05,756.035
2010-08-06,755.747
2010-08-09,759.641
2010-08-10,747.582
2010-08-11,724.572
2010-08-12,719.99
2010-08-13,718.998
2010-08-16,722.026
2010-08-17,733.3
2010-08-18,735.053
2010-08-19,729.685
2010-08-20,721.435
2010-08-23,718.687
2010-08-24,708.644
2010-08-25,705.61
2010-08-26,709.363
2010-08-27,718.183
2010-08-30,713.749
2010-08-31,711.619
2010-09-01,733.93
2010-09-02,742.044
2010-09-03,749.888
2010-09-06,752.993
2010-09-07,743.685
2010-09-08,748.64
2010-09-09,752.156
2010-09-10,753.842
2010-09-13,765.15
2010-09-14,768.917
2010-09-15,770.75
2010-09-16,769.46
2010-09-17,770.928
2010-09-20,781.801
2010-09-21,780.002
2010-09-22,780.543
2010-09-23,776.937
2010-09-24,791.758
2010-09-27,789.968
2010-09-28,795.916
2010-09-29,798.712
2010-09-30,795.609
2010-10-01,797.708
2010-10-04,791.021
2010-10-05,806.998
2010-10-06,807.318
2010-10-07,807.41
2010-10-08,811.74
2010-10-11,813.27
2010-10-12,811.463
2010-10-13,821.958
2010-10-14,824.139
2010-10-15,823.628
2010-10-18,822.51
2010-10-19,807.75
2010-10-20,817.609
2010-10-21,820.192
2010-10-22,820.937
2010-10-25,827.419
2010-10-26,823.818
2010-10-27,818.701
2010-10-28,822.551
2010-10-29,826.269
2010-11-01,828.159
2010-11-02,835.511
2010-11-03,834.152
2010-11-04,853.902
2010-11-05,856.132
2010-11-08,855.747
2010-11-09,854.933
2010-11-10,849.259
2010-11-11,848.655
2010-11-12,839.142
2010-11-15,838.853
2010-11-16,822.28
2010-11-17,825.641
2010-11-18,839.705
2010-11-19,844.099
2010-11-22,845.511
2010-11-23,832.417
2010-11-24,843.94
2010-11-25,846.175
2010-11-26,838.709
2010-11-29,830.432
2010-11-30,827.284
2010-12-01,844.5
2010-12-02,860.012
2010-12-03,869.194
2010-12-06,869.495
2010-12-07,872.541
2010-12-08,867.176
2010-12-09,866.884
2010-12-10,871.452
2010-12-13,876.462
2010-12-14,877.369
2010-12-15,873.157
2010-12-16,875.901
2010-12-17,878.153
2010-12-20,879.525
2010-12-21,887.402
2010-12-22,886.635
2010-12-23,885.445
2010-12-24,885.861
2010-12-27,884.646
2010-12-28,885.731
2010-12-29,889.318
2010-12-30,889.27
2010-12-31,890.799
2011-01-03,896.951
2011-01-04,893.852
2011-01-05,889.982
2011-01-06,888.531
2011-01-07,888.377
2011-01-10,886.462
2011-01-11,894.033
2011-01-12,903.06
2011-01-13,905.737
2011-01-14,907.434
2011-01-17,906.367
2011-01-18,914.538
2011-01-19,905.528
2011-01-20,890.283
2011-01-21,893.787
2011-01-24,899.732
2011-01-25,897.696
2011-01-26,909.239
2011-01-27,911.435
2011-01-28,898.366
2011-01-31,902.402
2011-02-01,918.062
2011-02-02,918.052
2011-02-03,918.565
2011-02-04,922.166
2011-02-07,928.3
2011-02-08,932.622
2011-02-09,928.837
2011-02-10,928.336
2011-02-11,933.005
2011-02-14,937.998
2011-02-15,934.568
2011-02-16,938.905
2011-02-17,942.772
2011-02-18,943.842
2011-02-21,940.693
2011-02-22,923.619
2011-02-23,914.755
2011-02-24,914.462
2011-02-25,930.074
2011-02-28,936.736
2011-03-01,929.41
2011-03-02,930.598
2011-03-03,943.284
2011-03-04,941.701
2011-03-07,934.287
2011-03-08,934.099
2011-03-09,932.08
2011-03-10,911.278
2011-03-11,912.417
2011-03-14,906.257
2011-03-15,887.484
2011-03-16,882.073
2011-03-17,896.301
2011-03-18,902.767
2011-03-21,918.262
2011-03-22,917.98
2011-03-23,920.06
2011-03-24,931.784
2011-03-25,934.212
2011-03-28,929.437
2011-03-29,934.225
2011-03-30,945.535
2011-03-31,946.667
2011-04-01,951.725
2011-04-04,956.655
2011-04-05,957.46
2011-04-06,958.619
2011-04-07,953.478
2011-04-08,956.88
2011-04-11,952.324
2011-04-12,940.041
2011-04-13,946.778
2011-04-14,945.606
2011-04-15,949.429
2011-04-18,934.001
2011-04-19,941.888
2011-04-20,963.457
2011-04-21,971.807
2011-04-22,972.08
2011-04-25,969.184
2011-04-26,974.384
2011-04-27,976.241
2011-04-28,982.981
2011-04-29,986.674
2011-05-02,987.575
2011-05-03,976.725
2011-05-04,967.863
2011-05-05,958.896
2011-05-06,964.179
2011-05-09,964.513
2011-05-10,975.683
2011-05-11,969.101
2011-05-12,965.268
2011-05-13,960.665
2011-05-16,954.713
2011-05-17,946.472
2011-05-18,958.025
2011-05-19,961.341
2011-05-20,956.947
2011-05-23,938.983
2011-05-24,940.53
2011-05-25,944.814
2011-05-26,951.805
2011-05-27,962.053
2011-05-30,963.384
2011-05-31,974.551
2011-06-01,960.527
2011-06-02,956.078
2011-06-03,949.128
2011-06-06,940.632
2011-06-07,942.751
2011-06-08,931.391
2011-06-09,936.309
2011-06-10,921.311
2011-06-13,918.341
2011-06-14,932.606
2011-06-15,916.641
2011-06-16,905.434
2011-06-17,908.939
2011-06-20,910.376
2011-06-21,929.769
2011-06-22,929.593
2011-06-23,919.689
2011-06-24,914.713
2011-06-27,918.847
2011-06-28,931.538
2011-06-29,944.026
2011-06-30,956.214
2011-07-01,965.807
2011-07-04,969.658
2011-07-05,969.493
2011-07-06,967.295
2011-07-07,977.159
2011-07-08,970.165
2011-07-11,947.034
2011-07-12,942.116
2011-07-13,953.417
2011-07-14,943.108
2011-07-15,948.199
2011-07-18,934.552
2011-07-19,952.184
2011-07-20,954.991
2011-07-21,966.278
2011-07-22,972.198
2011-07-25,967.269
2011-07-26,965.48
2011-07-27,945.861
2011-07-28,938.738
2011-07-29,936.784
2011-08-01,929.317
2011-08-02,902.578
2011-08-03,899.177
2011-08-04,851.059
2011-08-05,839.417
2011-08-08,787.483
2011-08-09,819.052
2011-08-10,801.062
2011-08-11,829.44
2011-08-12,842.417
2011-08-15,860.081
2011-08-16,850.003
2011-08-17,849.302
2011-08-18,805.068
2011-08-19,795.026
2011-08-22,794.216
2011-08-23,816.605
2011-08-24,824.616
2011-08-25,813.18
2011-08-26,824.986
2011-08-29,849.689
2011-08-30,857.569
2011-08-31,869.495
2011-09-01,861.434
2011-09-02,840.582
2011-09-05,826.709
2011-09-06,819.771
2011-09-07,845.746
2011-09-08,842.445
2011-09-09,816.99
2011-09-12,808.635
2011-09-13,818.247
2011-09-14,829.109
2011-09-15,843.431
2011-09-16,847.153
2011-09-19,834.592
2011-09-20,835.196
2011-09-21,817.396
2011-09-22,778.67
2011-09-23,780.434
2011-09-26,789.09
2011-09-27,812.67
2011-09-28,795.447
2011-09-29,794.302
2011-09-30,772.938
2011-10-03,747.622
2011-10-04,751.319
2011-10-05,768.834
2011-10-06,790.543
2011-10-07,789.765
2011-10-10,812.735
2011-10-11,814.644
2011-10-12,826.836
2011-10-13,825.26
2011-10-14,838.788
2011-10-17,825.469
2011-10-18,832.37
2011-10-19,826.904
2011-10-20,821.735
2011-10-21,845.185
2011-10-24,865.161
2011-10-25,852.51
2011-10-26,855.04
2011-10-27,892.258
2011-10-28,895.991
2011-10-31,867.963
2011-11-01,838.243
2011-11-02,850.597
2011-11-03,865.688
2011-11-04,865.18
2011-11-07,863.485
2011-11-08,869.609
2011-11-09,840.653
2011-11-10,838.572
2011-11-11,859.535
2011-11-14,851.107
2011-11-15,849.534
2011-11-16,840.313
2011-11-17,824.16
2011-11-18,819.641
2011-11-21,801.906
2011-11-22,800.212
2011-11-23,781.832
2011-11-24,780.955
2011-11-25,778.469
2011-11-28,805.404
2011-11-29,810.077
2011-11-30,844.396
2011-12-01,843.766
2011-12-02,845.338
2011-12-05,853.477
2011-12-06,846.925
2011-12-07,846.529
2011-12-08,829.548
2011-12-09,838.167
2011-12-12,824.792
2011-12-13,815.043
2011-12-14,796.289
2011-12-15,798.988
2011-12-16,805.069
2011-12-19,796.463
2011-12-20,820.884
2011-12-21,818.512
2011-12-22,824.651
2011-12-23,829.566
2011-12-26,830.028
2011-12-27,832.052
2011-12-28,820.931
2011-12-29,827.277
2011-12-30,831.547
2012-01-02,833.542
2012-01-03,846.655
2012-01-04,844.737
2012-01-05,842.036
2012-01-06,839.153
2012-01-09,841.195
2012-01-10,852.622
2012-01-11,849.744
2012-01-12,854.156
2012-01-13,848.585
2012-01-16,849.218
2012-01-17,855.823
2012-01-18,867.105
2012-01-19,874.625
2012-01-20,871.627
2012-01-23,877.434
2012-01-24,873.35
2012-01-25,881.773
2012-01-26,886.03
2012-01-27,885.394
2012-01-30,879.374
2012-01-31,883.45
2012-02-01,897.183
2012-02-02,900.175
2012-02-03,909.281
2012-02-06,908.541
2012-02-07,909.676
2012-02-08,912.107
2012-02-09,915.49
2012-02-10,906.313
2012-02-13,912.178
2012-02-14,910.123
2012-02-15,911.765
2012-02-16,915.625
2012-02-17,919.342
2012-02-20,925.685
2012-02-21,922.857
2012-02-22,920.471
2012-02-23,926.635
2012-02-24,931.275
2012-02-27,928.705
2012-02-28,930.555
2012-02-29,928.033
2012-03-01,933.1
2012-03-02,927.949
2012-03-05,920.061
2012-03-06,899.587
2012-03-07,906.53
2012-03-08,923.072
2012-03-09,925.104
2012-03-12,921.116
2012-03-13,932.961
2012-03-14,926.446
2012-03-15,932.311
2012-03-16,936.684
2012-03-19,939.507
2012-03-20,930.846
2012-03-21,932.062
2012-03-22,924.799
2012-03-23,929.206
2012-03-26,941.425
2012-03-27,939.315
2012-03-28,931.476
2012-03-29,930.087
2012-03-30,937.433
2012-04-02,946.622
2012-04-03,942.791
2012-04-04,921.722
2012-04-05,922.648
2012-04-06,922.017
2012-04-09,914.792
2012-04-10,899.17
2012-04-11,906.966
2012-04-12,922.604
2012-04-13,912.127
2012-04-16,909.827
2012-04-17,924.444
2012-04-18,922.197
2012-04-19,920.005
2012-04-20,921.126
2012-04-23,905.842
2012-04-24,907.474
2012-04-25,920.859
2012-04-26,929.498
2012-04-27,935.555
2012-04-30,932.629
2012-05-01,935.142
2012-05-02,934.077
2012-05-03,926.891
2012-05-04,910.727
2012-05-07,908.035
2012-05-08,897.319
2012-05-09,891.004
2012-05-10,893.692
2012-05-11,892.724
2012-05-14,877.838
2012-05-15,869.666
2012-05-16,862.874
2012-05-17,848.615
2012-05-18,838.096
2012-05-21,852.913
2012-05-22,859.72
2012-05-23,853.076
2012-05-24,855.176
2012-05-25,855.571
2012-05-28,857.772
2012-05-29,867.384
2012-05-30,850.819
2012-05-31,845.372
2012-06-01,822.829
2012-06-04,821.376
2012-06-05,829.862
2012-06-06,847.68
2012-06-07,850.986
2012-06-08,849.984
2012-06-11,843.951
2012-06-12,849.816
2012-06-13,844.461
2012-06-14,846.799
2012-06-15,856.646
2012-06-18,863.114
2012-06-19,874.661
2012-06-20,876.495
2012-06-21,856.053
2012-06-22,854.214
2012-06-25,841.685
2012-06-26,843.795
2012-06-27,850.714
2012-06-28,846.855
2012-06-29,874.881
2012-07-02,877.501
2012-07-03,887.964
2012-07-04,887.771
2012-07-05,884.745
2012-07-06,871.959
2012-07-09,866.509
2012-07-10,861.921
2012-07-11,858.242
2012-07-12,851.972
2012-07-13,864.981
2012-07-16,863.712
2012-07-17,865.883
2012-07-18,873.966
2012-07-19,883.177
2012-07-20,870.561
2012-07-23,855.089
2012-07-24,848.272
2012-07-25,850.183
2012-07-26,871.385
2012-07-27,886.48
2012-07-30,886.197
2012-07-31,881.379
2012-08-01,877.551
2012-08-02,869.357
2012-08-03,888.065
2012-08-06,895.225
2012-08-07,903.842
2012-08-08,903.315
2012-08-09,905.219
2012-08-10,905.622
2012-08-13,902.659
2012-08-14,902.545
2012-08-15,905.541
2012-08-16,914.439
2012-08-17,917.253
2012-08-20,914.038
2012-08-21,918.187
2012-08-22,914.707
2012-08-23,913.625
2012-08-24,913.226
2012-08-27,912.646
2012-08-28,911.347
2012-08-29,912.04
2012-08-30,903.981
2012-08-31,910.941
2012-09-03,911.697
2012-09-04,908.016
2012-09-05,906.968
2012-09-06,924.084
2012-09-07,936.005
2012-09-10,931.618
2012-09-11,933.267
2012-09-12,938.789
2012-09-13,946.166
2012-09-14,961.89
2012-09-17,956.089
2012-09-18,951.045
2012-09-19,955.331
2012-09-20,949.804
2012-09-21,952.736
2012-09-24,945.689
2012-09-25,940.468
2012-09-26,929.381
2012-09-27,939.009
2012-09-28,936.73
2012-10-01,940.241
2012-10-02,940.691
2012-10-03,938.928
2012-10-04,946.792
2012-10-05,950.826
2012-10-08,944.588
2012-10-09,933.047
2012-10-10,926.346
2012-10-11,930.069
2012-10-12,928.012
2012-10-15,932.412
2012-10-16,943.252
2012-10-17,948.652
2012-10-18,947.935
2012-10-19,935.423
2012-10-22,933.162
2012-10-23,920.698
2012-10-24,919.203
2012-10-25,922.875
2012-10-26,922.297
2012-10-29,921.477
2012-10-30,924.199
2012-10-31,925.953
2012-11-01,938.543
2012-11-02,931.712
2012-11-05,931.908
2012-11-06,937.499
2012-11-07,924.415
2012-11-08,914.143
2012-11-09,913.773
2012-11-12,911.918
2012-11-13,912.07
2012-11-14,901.465
2012-11-15,898.001
2012-11-16,898.613
2012-11-19,917.058
2012-11-20,918.501
2012-11-21,920.582
2012-11-22,925.233
2012-11-23,935.368
2012-11-26,932.204
2012-11-27,931.277
2012-11-28,934.257
2012-11-29,940.795
2012-11-30,941.492
2012-12-03,940.354
2012-12-04,940.351
2012-12-05,940.936
2012-12-06,944.15
2012-12-07,945.022
2012-12-10,947.352
2012-12-11,952.782
2012-12-12,954.075
2012-12-13,948.659
2012-12-14,948.625
2012-12-17,954.374
2012-12-18,964.019
2012-12-19,966.475
2012-12-20,969.559
2012-12-21,962.452
2012-12-24,960.839
2012-12-25,961.204
2012-12-26,957.279
2012-12-27,958.542
2012-12-28,952.381
2012-12-31,962.224
2013-01-01,962.255
2013-01-02,982.344
2013-01-03,980.684
2013-01-04,984.385
2013-01-07,982.256
2013-01-08,979.403
2013-01-09,982.74
2013-01-10,988.176
2013-01-11,989.67
2013-01-14,988.923
2013-01-15,993.159
2013-01-16,991.166
2013-01-17,997.618
2013-01-18,999.46
2013-01-21,1000.816
2013-01-22,1003.89
2013-01-23,1002.338
2013-01-24,1006.309
2013-01-25,1015.451
2013-01-28,1012.054
2013-01-29,1013.077
2013-01-30,1011.84
2013-01-31,1010.646
2013-02-01,1020.45
2013-02-04,1009.94
2013-02-05,1013.49
2013-02-06,1017.573
2013-02-07,1013.086
2013-02-08,1019.657
2013-02-11,1014.832
2013-02-12,1020.006
2013-02-13,1021.114
2013-02-14,1022.414
2013-02-15,1020.412
2013-02-18,1020.322
2013-02-19,1027.275
2013-02-20,1016.694
2013-02-21,1003.58
2013-02-22,1013.0
2013-02-25,1002.227
2013-02-26,1002.216
2013-02-27,1014.015
2013-02-28,1018.789
2013-03-01,1016.42
2013-03-04,1019.19
2013-03-05,1030.136
2013-03-06,1031.782
2013-03-07,1033.732
2013-03-08,1036.022
2013-03-11,1038.587
2013-03-12,1037.525
2013-03-13,1037.67
2013-03-14,1044.772
2013-03-15,1045.62
2013-03-18,1038.281
2013-03-19,1034.796
2013-03-20,1041.734
2013-03-21,1035.779
2013-03-22,1037.499
2013-03-25,1033.491
2013-03-26,1038.629
2013-03-27,1038.293
2013-03-28,1047.072
2013-03-29,1047.668
2013-04-01,1038.453
2013-04-02,1039.506
2013-04-03,1030.916
2013-04-04,1027.687
2013-04-05,1025.628
2013-04-08,1032.123
2013-04-09,1035.798
2013-04-10,1049.964
2013-04-11,1057.329
2013-04-12,1051.683
2013-04-15,1026.219
2013-04-16,1035.09
2013-04-17,1020.118
2013-04-18,1015.193
2013-04-19,1024.014
2013-04-22,1027.687
2013-04-23,1041.46
2013-04-24,1046.929
2013-04-25,1055.764
2013-04-26,1052.939
2013-04-29,1058.731
2013-04-30,1066.724
2013-05-01,1058.965
2013-05-02,1061.783
2013-05-03,1072.116
2013-05-06,1073.978
2013-05-07,1080.459
2013-05-08,1090.605
2013-05-09,1088.778
2013-05-10,1092.07
2013-05-13,1091.203
2013-05-14,1098.632
2013-05-15,1100.602
2013-05-16,1097.805
2013-05-17,1101.349
2013-05-20,1104.02
2013-05-21,1106.139
2013-05-22,1097.106
2013-05-23,1085.871
2013-05-24,1085.024
2013-05-27,1083.705
2013-05-28,1088.856
2013-05-29,1084.435
2013-05-30,1089.092
2013-05-31,1077.47
2013-06-03,1074.966
2013-06-04,1073.735
2013-06-05,1058.714
2013-06-06,1063.385
2013-06-07,1073.837
2013-06-10,1077.056
2013-06-11,1068.546
2013-06-12,1065.352
2013-06-13,1072.138
2013-06-14,1073.542
2013-06-17,1084.701
2013-06-18,1090.269
2013-06-19,1085.957
2013-06-20,1046.959
2013-06-21,1042.333
2013-06-24,1027.975
2013-06-25,1037.736
2013-06-26,1044.932
2013-06-27,1055.286
2013-06-28,1054.022
2013-07-01,1066.217
2013-07-02,1065.323
2013-07-03,1064.159
2013-07-04,1068.878
2013-07-05,1070.801
2013-07-08,1075.272
2013-07-09,1081.936
2013-07-10,1087.896
2013-07-11,1105.546
2013-07-12,1107.635
2013-07-15,1108.329
2013-07-16,1107.075
2013-07-17,1107.747
2013-07-18,1114.407
2013-07-19,1116.801
2013-07-22,1120.799
2013-07-23,1118.093
2013-07-24,1115.727
2013-07-25,1117.974
2013-07-26,1114.758
2013-07-29,1109.23
2013-07-30,1113.828
2013-07-31,1114.435
2013-08-01,1130.665
2013-08-02,1136.516
2013-08-05,1135.75
2013-08-06,1134.122
2013-08-07,1124.752
2013-08-08,1132.875
2013-08-09,1133.448
2013-08-12,1130.744
2013-08-13,1131.934
2013-08-14,1130.348
2013-08-15,1114.082
2013-08-16,1115.174
2013-08-19,1110.593
2013-08-20,1115.488
2013-08-21,1107.764
2013-08-22,1116.073
2013-08-23,1122.396
2013-08-26,1120.448
2013-08-27,1103.388
2013-08-28,1099.775
2013-08-29,1103.173
2013-08-30,1096.498
2013-09-02,1102.881
2013-09-03,1107.219
2013-09-04,1116.808
2013-09-05,1118.599
2013-09-06,1121.0
2013-09-09,1134.463
2013-09-10,1145.451
2013-09-11,1150.504
2013-09-12,1147.053
2013-09-13,1147.684
2013-09-16,1158.165
2013-09-17,1159.25
2013-09-18,1169.067
2013-09-19,1178.214
2013-09-20,1170.299
2013-09-23,1164.954
2013-09-24,1164.856
2013-09-25,1162.632
2013-09-26,1165.93
2013-09-27,1166.048
2013-09-30,1161.572
2013-10-01,1170.586
2013-10-02,1167.068
2013-10-03,1160.393
2013-10-04,1164.038
2013-10-07,1153.867
2013-10-08,1140.885
2013-10-09,1134.82
2013-10-10,1152.921
2013-10-11,1161.255
2013-10-14,1165.195
2013-10-15,1159.331
2013-10-16,1168.515
2013-10-17,1180.85
2013-10-18,1190.73
2013-10-21,1192.885
2013-10-22,1199.145
2013-10-23,1190.497
2013-10-24,1195.857
2013-10-25,1194.119
2013-10-28,1192.729
2013-10-29,1195.504
2013-10-30,1191.683
2013-10-31,1187.981
2013-11-01,1181.457
2013-11-04,1188.186
2013-11-05,1182.716
2013-11-06,1185.223
2013-11-07,1169.471
2013-11-08,1174.932
2013-11-11,1179.665
2013-11-12,1178.057
2013-11-13,1180.782
2013-11-14,1188.215
2013-11-15,1194.3
2013-11-18,1190.508
2013-11-19,1183.546
2013-11-20,1180.243
2013-11-21,1186.235
2013-11-22,1190.126
2013-11-25,1190.344
2013-11-26,1192.329
2013-11-27,1193.69
2013-11-28,1196.868
2013-11-29,1196.522
2013-12-02,1192.468
2013-12-03,1186.68
2013-12-04,1179.244
2013-12-05,1178.339
2013-12-06,1185.436
2013-12-09,1190.069
2013-12-10,1189.845
2013-12-11,1178.614
2013-12-12,1171.078
2013-12-13,1172.947
2013-12-16,1179.885
2013-12-17,1179.141
2013-12-18,1191.165
2013-12-19,1192.966
2013-12-20,1201.729
2013-12-23,1209.681
2013-12-24,1212.21
2013-12-25,1212.298
2013-12-26,1216.182
2013-12-27,1220.616
2013-12-30,1224.35
2013-12-31,1229.034
2014-01-01,1229.074
2014-01-02,1218.491
2014-01-03,1220.58
2014-01-06,1216.186
2014-01-07,1220.222
2014-01-08,1225.585
2014-01-09,1222.573
2014-01-10,1230.332
2014-01-13,1222.771
2014-01-14,1228.858
2014-01-15,1233.193
2014-01-16,1233.364
2014-01-17,1232.362
2014-01-20,1232.024
2014-01-21,1235.027
2014-01-22,1239.4
2014-01-23,1231.888
2014-01-24,1206.135
2014-01-27,1195.03
2014-01-28,1205.026
2014-01-29,1202.197
2014-01-30,1203.055
2014-01-31,1197.476
2014-02-03,1177.225
2014-02-04,1177.893
2014-02-05,1178.746
2014-02-06,1195.78
2014-02-07,1210.795
2014-02-10,1214.013
2014-02-11,1227.064
2014-02-12,1231.976
2014-02-13,1237.266
2014-02-14,1241.104
2014-02-17,1244.708
2014-02-18,1251.738
2014-02-19,1250.142
2014-02-20,1252.127
2014-02-21,1256.582
2014-02-24,1264.313
2014-02-25,1266.302
2014-02-26,1264.298
2014-02-27,1268.674
2014-02-28,1272.623
2014-03-03,1256.97
2014-03-04,1274.301
2014-03-05,1275.17
2014-03-06,1281.578
2014-03-07,1278.242
2014-03-10,1271.959
2014-03-11,1268.418
2014-03-12,1262.101
2014-03-13,1251.058
2014-03-14,1244.795
2014-03-17,1253.862
2014-03-18,1263.579
2014-03-19,1258.44
2014-03-20,1251.42
2014-03-21,1247.995
2014-03-24,1237.056
2014-03-25,1240.969
2014-03-26,1238.883
2014-03-27,1239.5
2014-03-28,1245.253
2014-03-31,1256.965
2014-04-01,1268.076
2014-04-02,1271.612
2014-04-03,1265.377
2014-04-04,1256.466
2014-04-07,1238.552
2014-04-08,1241.39
2014-04-09,1253.26
2014-04-10,1235.408
2014-04-11,1217.612
2014-04-14,1217.024
2014-04-15,1217.836
2014-04-16,1234.29
2014-04-17,1241.969
2014-04-18,1243.003
2014-04-21,1243.818
2014-04-22,1253.679
2014-04-23,1251.692
2014-04-24,1252.082
2014-04-25,1240.608
2014-04-28,1236.075
2014-04-29,1243.471
2014-04-30,1251.689
2014-05-01,1255.357
2014-05-02,1258.138
2014-05-05,1259.218
2014-05-06,1254.99
2014-05-07,1250.06
2014-05-08,1250.117
2014-05-09,1249.167
2014-05-12,1262.449
2014-05-13,1263.614
2014-05-14,1259.109
2014-05-15,1248.394
2014-05-16,1247.842
2014-05-19,1253.298
2014-05-20,1246.988
2014-05-21,1254.062
2014-05-22,1261.5
2014-05-23,1266.534
2014-05-26,1271.163
2014-05-27,1276.399
2014-05-28,1277.169
2014-05-29,1282.431
2014-05-30,1283.271
2014-06-02,1286.658
2014-06-03,1285.04
2014-06-04,1289.813
2014-06-05,1296.491
2014-06-06,1305.439
2014-06-09,1305.674
2014-06-10,1303.197
2014-06-11,1299.344
2014-06-12,1295.339
2014-06-13,1295.477
2014-06-16,1295.608
2014-06-17,1298.975
2014-06-18,1303.804
2014-06-19,1309.317
2014-06-20,1310.776
2014-06-23,1309.155
2014-06-24,1302.869
2014-06-25,1301.515
2014-06-26,1303.672
2014-06-27,1306.717
2014-06-30,1311.633
2014-07-01,1321.78
2014-07-02,1322.424
2014-07-03,1328.788
2014-07-04,1327.903
2014-07-07,1317.417
2014-07-08,1305.297
2014-07-09,1309.92
2014-07-10,1298.372
2014-07-11,1297.673
2014-07-14,1306.205
2014-07-15,1299.377
2014-07-16,1306.947
2014-07-17,1294.666
2014-07-18,1302.11
2014-07-21,1298.697
2014-07-22,1308.642
2014-07-23,1310.144
2014-07-24,1311.754
2014-07-25,1306.523
2014-07-28,1304.337
2014-07-29,1302.007
2014-07-30,1299.911
2014-07-31,1280.373
2014-08-01,1275.625
2014-08-04,1279.373
2014-08-05,1270.524
2014-08-06,1266.854
2014-08-07,1261.525
2014-08-08,1266.746
2014-08-11,1278.193
2014-08-12,1276.401
2014-08-13,1282.958
2014-08-14,1288.616
2014-08-15,1287.48
2014-08-18,1298.909
2014-08-19,1304.517
2014-08-20,1306.005
2014-08-21,1307.892
2014-08-22,1306.677
2014-08-25,1313.397
2014-08-26,1317.184
2014-08-27,1318.482
2014-08-28,1313.804
2014-08-29,1317.038
2014-09-01,1316.553
2014-09-02,1317.211
2014-09-03,1319.747
2014-09-04,1315.243
2014-09-05,1315.815
2014-09-08,1310.874
2014-09-09,1300.872
2014-09-10,1301.725
2014-09-11,1302.23
2014-09-12,1295.992
2014-09-15,1289.417
2014-09-16,1290.632
2014-09-17,1292.905
2014-09-18,1298.112
2014-09-19,1294.058
2014-09-22,1281.244
2014-09-23,1272.057
2014-09-24,1277.076
2014-09-25,1264.066
2014-09-26,1267.952
2014-09-29,1266.699
2014-09-30,1261.007
2014-10-01,1243.549
2014-10-02,1236.475
2014-10-03,1242.774
2014-10-06,1245.577
2014-10-07,1229.919
2014-10-08,1236.855
2014-10-09,1219.244
2014-10-10,1194.229
2014-10-13,1180.183
2014-10-14,1182.807
2014-10-15,1178.881
2014-10-16,1181.277
2014-10-17,1195.887
2014-10-20,1208.098
2014-10-21,1230.982
2014-10-22,1226.063
2014-10-23,1237.518
2014-10-24,1244.92
2014-10-27,1244.032
2014-10-28,1260.139
2014-10-29,1259.988
2014-10-30,1261.574
2014-10-31,1275.3
2014-11-03,1269.758
2014-11-04,1267.176
2014-11-05,1272.174
2014-11-06,1277.488
2014-11-07,1278.815
2014-11-10,1283.438
2014-11-11,1285.498
2014-11-12,1287.093
2014-11-13,1285.887
2014-11-14,1288.328
2014-11-17,1283.762
2014-11-18,1297.079
2014-11-19,1293.198
2014-11-20,1296.758
2014-11-21,1304.539
2014-11-24,1307.923
2014-11-25,1311.012
2014-11-26,1312.287
2014-11-27,1308.933
2014-11-28,1302.653
2014-12-01,1293.104
2014-12-02,1296.092
2014-12-03,1304.286
2014-12-04,1302.848
2014-12-05,1303.724
2014-12-08,1291.959
2014-12-09,1291.05
2014-12-10,1271.382
2014-12-11,1270.884
2014-12-12,1257.254
2014-12-15,1246.061
2014-12-16,1247.427
2014-12-17,1260.882
2014-12-18,1284.008
2014-12-19,1293.779
2014-12-22,1296.935
2014-12-23,1299.525
2014-12-24,1301.537
2014-12-25,1301.112
2014-12-26,1303.503
2014-12-29,1304.832
2014-12-30,1297.738
2014-12-31,1291.53
2015-01-01,1291.529
2015-01-02,1288.718
2015-01-05,1265.663
2015-01-06,1249.144
2015-01-07,1253.822
2015-01-08,1276.777
2015-01-09,1273.012
2015-01-12,1264.147
2015-01-13,1265.785
2015-01-14,1257.071
2015-01-15,1251.728
2015-01-16,1258.065
2015-01-19,1265.541
2015-01-20,1267.328
2015-01-21,1275.818
2015-01-22,1285.186
2015-01-23,1284.659
2015-01-26,1292.148
2015-01-27,1291.966
2015-01-28,1281.619
2015-01-29,1284.707
2015-01-30,1274.402
2015-02-02,1282.439
2015-02-03,1297.641
2015-02-04,1297.366
2015-02-05,1308.391
2015-02-06,1302.244
2015-02-09,1297.495
2015-02-10,1308.67
2015-02-11,1306.055
2015-02-12,1325.637
2015-02-13,1333.707
2015-02-16,1333.339
2015-02-17,1335.032
2015-02-18,1343.618
2015-02-19,1347.553
2015-02-20,1353.882
2015-02-23,1356.717
2015-02-24,1357.727
2015-02-25,1363.261
2015-02-26,1359.333
2015-02-27,1359.958
2015-03-02,1365.154
2015-03-03,1358.164
2015-03-04,1350.635
2015-03-05,1355.279
2015-03-06,1340.112
2015-03-09,1338.872
2015-03-10,1320.449
2015-03-11,1323.791
2015-03-12,1338.207
2015-03-13,1332.505
2015-03-16,1346.804
2015-03-17,1344.77
2015-03-18,1357.1
2015-03-19,1357.401
2015-03-20,1372.971
2015-03-23,1374.045
2015-03-24,1371.839
2015-03-25,1358.925
2015-03-26,1349.123
2015-03-27,1354.319
2015-03-30,1362.462
2015-03-31,1353.286
2015-04-01,1349.532
2015-04-02,1360.567
2015-04-03,1361.618
2015-04-06,1373.803
2015-04-07,1372.578
2015-04-08,1378.722
2015-04-09,1382.361
2015-04-10,1384.73
2015-04-13,1378.549
2015-04-14,1385.397
2015-04-15,1387.527
2015-04-16,1388.477
2015-04-17,1372.141
2015-04-20,1377.323
2015-04-21,1386.132
2015-04-22,1387.227
2015-04-23,1393.252
2015-04-24,1395.153
2015-04-27,1394.752
2015-04-28,1392.847
2015-04-29,1388.038
2015-04-30,1376.851
2015-05-01,1384.286
2015-05-04,1388.049
2015-05-05,1375.107
2015-05-06,1376.027
2015-05-07,1374.823
2015-05-08,1391.201
2015-05-11,1390.016
2015-05-12,1387.334
2015-05-13,1393.733
2015-05-14,1402.676
2015-05-15,1407.63
2015-05-18,1411.334
2015-05-19,1405.709
2015-05-20,1406.392
2015-05-21,1411.198
2015-05-22,1404.928
2015-05-25,1404.557
2015-05-26,1387.234
2015-05-27,1394.947
2015-05-28,1392.8
2015-05-29,1384.512
2015-06-01,1385.05
2015-06-02,1390.763
2015-06-03,1396.959
2015-06-04,1385.567
2015-06-05,1377.441
2015-06-08,1371.029
2015-06-09,1369.608
2015-06-10,1388.089
2015-06-11,1391.549
2015-06-12,1386.738
2015-06-15,1375.019
2015-06-16,1380.543
2015-06-17,1379.772
2015-06-18,1395.831
2015-06-19,1395.825
2015-06-22,1409.163
2015-06-23,1407.383
2015-06-24,1396.283
2015-06-25,1394.608
2015-06-26,1390.175
2015-06-29,1360.077
2015-06-30,1361.192
2015-07-01,1371.098
2015-07-02,1369.218
2015-07-03,1368.496
2015-07-06,1356.795
2015-07-07,1353.968
2015-07-08,1336.301
2015-07-09,1345.106
2015-07-10,1363.754
2015-07-13,1376.503
2015-07-14,1384.302
2015-07-15,1378.703
2015-07-16,1387.181
2015-07-17,1383.871
2015-07-20,1383.907
2015-07-21,1380.564
2015-07-22,1375.326
2015-07-23,1374.623
2015-07-24,1361.834
2015-07-27,1348.073
2015-07-28,1358.78
2015-07-29,1370.225
2015-07-30,1369.887
2015-07-31,1380.132
2015-08-03,1375.219
2015-08-04,1376.938
2015-08-05,1379.807
2015-08-06,1369.121
2015-08-07,1365.956
2015-08-10,1382.802
2015-08-11,1371.415
2015-08-12,1366.72
2015-08-13,1369.284
2015-08-14,1372.485
2015-08-17,1378.998
2015-08-18,1376.837
2015-08-19,1363.289
2015-08-20,1338.142
2015-08-21,1306.032
2015-08-24,1261.563
2015-08-25,1259.381
2015-08-26,1282.468
2015-08-27,1307.938
2015-08-28,1315.325
2015-08-31,1305.375
2015-09-01,1272.355
2015-09-02,1285.911
2015-09-03,1291.861
2015-09-04,1272.287
2015-09-07,1274.172
2015-09-08,1295.41
2015-09-09,1296.704
2015-09-10,1296.168
2015-09-11,1297.711
2015-09-14,1292.785
2015-09-15,1301.419
2015-09-16,1314.212
2015-09-17,1316.304
2015-09-18,1301.614
2015-09-21,1297.877
2015-09-22,1274.077
2015-09-23,1270.19
2015-09-24,1260.146
2015-09-25,1264.669
2015-09-28,1236.673
2015-09-29,1222.188
2015-09-30,1248.753
2015-10-01,1255.631
2015-10-02,1271.239
2015-10-05,1293.911
2015-10-06,1292.196
2015-10-07,1300.247
2015-10-08,1308.217
2015-10-09,1317.73
2015-10-12,1316.599
2015-10-13,1305.21
2015-10-14,1300.033
2015-10-15,1316.842
2015-10-16,1318.239
2015-10-19,1316.547
2015-10-20,1317.084
2015-10-21,1311.734
2015-10-22,1318.523
2015-10-23,1326.839
2015-10-26,1327.465
2015-10-27,1320.525
2015-10-28,1334.848
2015-10-29,1330.869
2015-10-30,1338.309
2015-11-02,1344.455
2015-11-03,1342.1
2015-11-04,1340.165
2015-11-05,1338.334
2015-11-06,1334.755
2015-11-09,1325.197
2015-11-10,1324.71
2015-11-11,1325.62
2015-11-12,1310.66
2015-11-13,1297.312
2015-11-16,1305.549
2015-11-17,1313.228
2015-11-18,1324.498
2015-11-19,1333.52
2015-11-20,1336.371
2015-11-23,1335.172
2015-11-24,1333.636
2015-11-25,1339.669
2015-11-26,1345.263
2015-11-27,1343.45
2015-11-30,1341.927
2015-12-01,1353.906
2015-12-02,1343.652
2015-12-03,1330.837
2015-12-04,1340.788
2015-12-07,1336.718
2015-12-08,1326.19
2015-12-09,1319.057
2015-12-10,1318.522
2015-12-11,1299.793
2015-12-14,1292.54
2015-12-15,1301.847
2015-12-16,1317.177
2015-12-17,1306.865
2015-12-18,1294.405
2015-12-21,1297.809
2015-12-22,1305.932
2015-12-23,1320.454
2015-12-24,1322.034
2015-12-25,1321.351
2015-12-28,1321.097
2015-12-29,1333.212
2015-12-30,1327.332
2015-12-31,1319.202
2016-01-01,1319.202
2016-01-04,1294.491
2016-01-05,1292.793
2016-01-06,1274.116
2016-01-07,1249.828
2016-01-08,1239.124
2016-01-11,1232.033
2016-01-12,1233.282
2016-01-13,1218.952
2016-01-14,1212.461
2016-01-15,1193.165
2016-01-18,1185.835
2016-01-19,1187.924
2016-01-20,1168.971
2016-01-21,1170.699
2016-01-22,1203.423
2016-01-25,1192.964
2016-01-26,1204.028
2016-01-27,1199.847
2016-01-28,1191.86
2016-01-29,1217.837
2016-02-01,1228.307
2016-02-02,1204.732
2016-02-03,1206.245
2016-02-04,1213.595
2016-02-05,1186.858
2016-02-08,1157.556
2016-02-09,1151.274
2016-02-10,1155.768
2016-02-11,1145.063
2016-02-12,1153.807
2016-02-15,1170.545
2016-02-16,1184.746
2016-02-17,1206.665
2016-02-18,1208.73
2016-02-19,1207.898
2016-02-22,1222.614
2016-02-23,1212.761
2016-02-24,1210.194
2016-02-25,1225.581
2016-02-26,1229.565
2016-02-29,1226.023
2016-03-01,1248.546
2016-03-02,1254.751
2016-03-03,1264.974
2016-03-04,1270.596
2016-03-07,1270.332
2016-03-08,1255.902
2016-03-09,1257.375
2016-03-10,1256.926
2016-03-11,1282.91
2016-03-14,1285.163
2016-03-15,1275.573
2016-03-16,1279.637
2016-03-17,1298.914
2016-03-18,1302.162
2016-03-21,1300.615
2016-03-22,1303.163
2016-03-23,1292.44
2016-03-24,1287.634
2016-03-25,1288.416
2016-03-28,1293.364
2016-03-29,1305.608
2016-03-30,1320.937
2016-03-31,1322.007
2016-04-01,1313.816
2016-04-04,1312.599
2016-04-05,1295.938
2016-04-06,1309.048
2016-04-07,1300.474
2016-04-08,1308.823
2016-04-11,1308.166
2016-04-12,1311.463
2016-04-13,1329.748
2016-04-14,1331.672
2016-04-15,1331.006
2016-04-18,1333.504
2016-04-19,1346.011
2016-04-20,1346.583
2016-04-21,1344.409
2016-04-22,1340.779
2016-04-25,1339.473
2016-04-26,1345.385
2016-04-27,1349.334
2016-04-28,1342.25
2016-04-29,1338.345
2016-05-02,1341.479
2016-05-03,1328.631
2016-05-04,1316.721
2016-05-05,1314.269
2016-05-06,1315.644
2016-05-09,1317.097
2016-05-10,1333.134
2016-05-11,1326.098
2016-05-12,1322.383
2016-05-13,1313.2
2016-05-16,1321.487
2016-05-17,1320.815
2016-05-18,1318.508
2016-05-19,1307.738
2016-05-20,1321.985
2016-05-23,1320.316
2016-05-24,1334.118
2016-05-25,1341.331
2016-05-26,1344.122
2016-05-27,1347.986
2016-05-30,1348.52
2016-05-31,1350.64
2016-06-01,1349.634
2016-06-02,1353.359
2016-06-03,1359.729
2016-06-06,1365.236
2016-06-07,1374.051
2016-06-08,1377.89
2016-06-09,1369.644
2016-06-10,1345.757
2016-06-13,1328.638
2016-06-14,1314.046
2016-06-15,1320.217
2016-06-16,1309.151
2016-06-17,1319.216
2016-06-20,1348.635
2016-06-21,1348.604
2016-06-22,1347.78
2016-06-23,1367.084
2016-06-24,1294.286
2016-06-27,1254.182
2016-06-28,1278.495
2016-06-29,1309.295
2016-06-30,1322.555
2016-07-01,1332.078
2016-07-04,1331.69
2016-07-05,1314.856
2016-07-06,1311.331
2016-07-07,1318.342
2016-07-08,1335.147
2016-07-11,1349.966
2016-07-12,1360.974
2016-07-13,1363.236
2016-07-14,1368.671
2016-07-15,1363.295
2016-07-18,1366.744
2016-07-19,1365.163
2016-07-20,1375.232
2016-07-21,1373.558
2016-07-22,1374.104
2016-07-25,1373.476
2016-07-26,1380.138
2016-07-27,1376.858
2016-07-28,1381.062
2016-07-29,1395.199
2016-08-01,1389.516
2016-08-02,1377.988
2016-08-03,1373.504
2016-08-04,1376.595
2016-08-05,1381.724
2016-08-08,1382.742
2016-08-09,1388.789
2016-08-10,1390.552
2016-08-11,1398.98
2016-08-12,1400.507
2016-08-15,1403.596
2016-08-16,1395.524
2016-08-17,1391.846
2016-08-18,1399.648
2016-08-19,1396.484
2016-08-22,1401.217
2016-08-23,1408.022
2016-08-24,1399.524
2016-08-25,1396.25
2016-08-26,1394.833
2016-08-29,1390.976
2016-08-30,1387.077
2016-08-31,1382.18
2016-09-01,1389.847
2016-09-02,1396.005
2016-09-05,1398.783
2016-09-06,1405.532
2016-09-07,1408.374
2016-09-08,1402.825
2016-09-09,1369.53
2016-09-12,1374.003
2016-09-13,1360.504
2016-09-14,1359.794
2016-09-15,1369.744
2016-09-16,1362.978
2016-09-19,1370.764
2016-09-20,1369.632
2016-09-21,1383.754
2016-09-22,1400.672
2016-09-23,1392.512
2016-09-26,1383.556
2016-09-27,1387.456
2016-09-28,1393.835
2016-09-29,1387.474
2016-09-30,1393.483
2016-10-03,1392.053
2016-10-04,1385.475
2016-10-05,1384.38
2016-10-06,1381.548
2016-10-07,1371.447
2016-10-10,1374.391
2016-10-11,1357.884
2016-10-12,1352.321
2016-10-13,1348.849
2016-10-14,1350.953
2016-10-17,1346.062
2016-10-18,1357.732
2016-10-19,1366.041
2016-10-20,1359.602
2016-10-21,1356.662
2016-10-24,1359.59
2016-10-25,1348.299
2016-10-26,1345.948
2016-10-27,1337.765
2016-10-28,1339.593
2016-10-31,1344.675
2016-11-01,1338.947
2016-11-02,1328.537
2016-11-03,1325.059
2016-11-04,1321.61
2016-11-07,1338.071
2016-11-08,1341.474
2016-11-09,1338.07
2016-11-10,1338.863
2016-11-11,1336.248
2016-11-14,1332.932
2016-11-15,1341.703
2016-11-16,1342.014
2016-11-17,1352.545
2016-11-18,1344.554
2016-11-21,1354.891
2016-11-22,1357.157
2016-11-23,1356.577
2016-11-24,1360.027
2016-11-25,1366.176
2016-11-28,1360.244
2016-11-29,1361.963
2016-11-30,1354.817
2016-12-01,1346.988
2016-12-02,1346.52
2016-12-05,1355.604
2016-12-06,1362.342
2016-12-07,1374.578
2016-12-08,1377.072
2016-12-09,1376.525
2016-12-12,1372.406
2016-12-13,1379.622
2016-12-14,1370.111
2016-12-15,1357.241
2016-12-16,1357.442
2016-12-19,1362.028
2016-12-20,1362.329
2016-12-21,1363.546
2016-12-22,1358.866
2016-12-23,1361.836
2016-12-26,1361.904
2016-12-27,1363.721
2016-12-28,1357.251
2016-12-29,1361.034
2016-12-30,1361.043
2017-01-02,1363.345
2017-01-03,1364.282
2017-01-04,1381.316
2017-01-05,1388.792
2017-01-06,1388.711
2017-01-09,1384.517
2017-01-10,1389.578
2017-01-11,1387.818
2017-01-12,1393.747
2017-01-13,1399.271
2017-01-16,1396.558
2017-01-17,1395.47
2017-01-18,1399.365
2017-01-19,1390.473
2017-01-20,1395.211
2017-01-23,1395.854
2017-01-24,1406.762
2017-01-25,1417.431
2017-01-26,1416.324
2017-01-27,1418.368
2017-01-30,1409.486
2017-01-31,1413.322
2017-02-01,1412.173
2017-02-02,1416.204
2017-02-03,1423.062
2017-02-06,1415.67
2017-02-07,1414.974
2017-02-08,1421.468
2017-02-09,1426.587
2017-02-10,1435.41
2017-02-13,1439.091
2017-02-14,1436.811
2017-02-15,1442.764
2017-02-16,1444.019
2017-02-17,1444.51
2017-02-20,1445.67
2017-02-21,1451.069
2017-02-22,1447.125
2017-02-23,1447.194
2017-02-24,1444.788
2017-02-27,1447.652
2017-02-28,1443.566
2017-03-01,1452.816
2017-03-02,1445.295
2017-03-03,1442.506
2017-03-06,1439.464
2017-03-07,1434.299
2017-03-08,1429.89
2017-03-09,1428.279
2017-03-10,1439.0
2017-03-13,1446.729
2017-03-14,1439.926
2017-03-15,1450.398
2017-03-16,1461.219
2017-03-17,1461.852
2017-03-20,1460.666
2017-03-21,1447.527
2017-03-22,1444.497
2017-03-23,1448.072
2017-03-24,1451.007
2017-03-27,1451.511
2017-03-28,1461.936
2017-03-29,1463.867
2017-03-30,1464.313
2017-03-31,1461.2
2017-04-03,1457.686
2017-04-04,1456.381
2017-04-05,1454.026
2017-04-06,1457.337
2017-04-07,1457.518
2017-04-10,1460.471
2017-04-11,1464.086
2017-04-12,1459.158
2017-04-13,1455.012
2017-04-14,1453.361
2017-04-17,1464.048
2017-04-18,1458.358
2017-04-19,1460.512
2017-04-20,1469.402
2017-04-21,1466.365
2017-04-24,1489.187
2017-04-25,1495.23
2017-04-26,1498.001
2017-04-27,1498.304
2017-04-28,1494.418
2017-05-01,1498.441
2017-05-02,1503.618
2017-05-03,1497.245
2017-05-04,1500.149
2017-05-05,1512.674
2017-05-08,1511.952
2017-05-09,1510.281
2017-05-10,1514.765
2017-05-11,1509.078
2017-05-12,1509.082
2017-05-15,1518.04
2017-05-16,1521.919
2017-05-17,1505.424
2017-05-18,1505.027
2017-05-19,1519.054
2017-05-22,1529.124
2017-05-23,1527.092
2017-05-24,1527.964
2017-05-25,1534.461
2017-05-26,1531.639
2017-05-29,1531.191
2017-05-30,1529.766
2017-05-31,1532.113
2017-06-01,1547.218
2017-06-02,1557.973
2017-06-05,1554.94
2017-06-06,1548.771
2017-06-07,1549.776
2017-06-08,1545.815
2017-06-09,1540.051
2017-06-12,1533.319
2017-06-13,1546.192
2017-06-14,1549.289
2017-06-15,1533.711
2017-06-16,1540.439
2017-06-19,1550.245
2017-06-20,1538.571
2017-06-21,1538.929
2017-06-22,1542.114
2017-06-23,1547.522
2017-06-26,1548.528
2017-06-27,1537.18
2017-06-28,1545.875
2017-06-29,1535.366
2017-06-30,1536.04
2017-07-03,1536.154
2017-07-04,1533.587
2017-07-05,1535.512
2017-07-06,1525.19
2017-07-07,1528.413
2017-07-10,1533.178
2017-07-11,1533.101
2017-07-12,1547.935
2017-07-13,1551.994
2017-07-14,1562.906
2017-07-17,1565.01
2017-07-18,1566.254
2017-07-19,1573.323
2017-07-20,1576.796
2017-07-21,1573.038
2017-07-24,1570.07
2017-07-25,1571.949
2017-07-26,1572.805
2017-07-27,1571.679
2017-07-28,1570.574
2017-07-31,1569.886
2017-08-01,1577.755
2017-08-02,1573.091
2017-08-03,1572.016
2017-08-04,1569.304
2017-08-07,1572.356
2017-08-08,1564.397
2017-08-09,1558.664
2017-08-10,1543.498
2017-08-11,1543.03
2017-08-14,1554.416
2017-08-15,1548.725
2017-08-16,1557.521
2017-08-17,1549.236
2017-08-18,1543.445
2017-08-21,1545.318
2017-08-22,1555.668
2017-08-23,1553.636
2017-08-24,1554.762
2017-08-25,1558.468
2017-08-28,1560.601
2017-08-29,1558.673
2017-08-30,1562.712
2017-08-31,1577.046
2017-09-01,1583.633
2017-09-04,1581.069
2017-09-05,1577.236
2017-09-06,1578.777
2017-09-07,1587.561
2017-09-08,1590.711
2017-09-11,1601.733
2017-09-12,1605.968
2017-09-13,1600.458
2017-09-14,1598.845
2017-09-15,1599.892
2017-09-18,1605.024
2017-09-19,1607.523
2017-09-20,1611.051
2017-09-21,1602.289
2017-09-22,1608.712
2017-09-25,1602.266
2017-09-26,1596.034
2017-09-27,1600.982
2017-09-28,1607.313
2017-09-29,1614.3
2017-10-02,1617.441
2017-10-03,1622.285
2017-10-04,1626.566
2017-10-05,1626.014
2017-10-06,1622.886
2017-10-09,1622.516
2017-10-10,1629.666
2017-10-11,1631.989
2017-10-12,1635.805
2017-10-13,1639.312
2017-10-16,1637.51
2017-10-17,1632.652
2017-10-18,1634.633
2017-10-19,1637.52
2017-10-20,1640.832
2017-10-23,1638.41
2017-10-24,1637.363
2017-10-25,1630.969
2017-10-26,1635.81
2017-10-27,1642.195
2017-10-30,1643.187
2017-10-31,1648.918
2017-11-01,1649.296
2017-11-02,1649.834
2017-11-03,1653.705
2017-11-06,1658.269
2017-11-07,1655.265
2017-11-08,1659.292
2017-11-09,1649.029
2017-11-10,1647.834
2017-11-13,1641.087
2017-11-14,1640.769
2017-11-15,1630.914
2017-11-16,1649.224
2017-11-17,1652.385
2017-11-20,1657.034
2017-11-21,1665.109
2017-11-22,1666.762
2017-11-23,1670.345
2017-11-24,1675.806
2017-11-27,1671.656
2017-11-28,1678.7
2017-11-29,1676.58
2017-11-30,1686.826
2017-12-01,1676.049
2017-12-04,1671.705
2017-12-05,1667.174
2017-12-06,1658.168
2017-12-07,1667.86
2017-12-08,1675.282
2017-12-11,1679.274
2017-12-12,1676.159
2017-12-13,1678.452
2017-12-14,1674.088
2017-12-15,1679.453
2017-12-18,1699.76
2017-12-19,1696.978
2017-12-20,1699.099
2017-12-21,1702.252
2017-12-22,1702.556
2017-12-25,1703.412
2017-12-26,1705.506
2017-12-27,1711.469
2017-12-28,1717.651
2017-12-29,1714.39
2018-01-01,1714.514
2018-01-02,1724.668
2018-01-03,1734.35
2018-01-04,1749.047
2018-01-05,1759.671
2018-01-08,1763.115
2018-01-09,1765.066
2018-01-10,1760.347
2018-01-11,1768.296
2018-01-12,1778.281
2018-01-15,1787.724
2018-01-16,1781.676
2018-01-17,1791.725
2018-01-18,1790.93
2018-01-19,1804.79
2018-01-22,1809.547
2018-01-23,1818.259
2018-01-24,1820.279
2018-01-25,1820.42
2018-01-26,1829.754
2018-01-29,1818.789
2018-01-30,1804.839
2018-01-31,1806.084
2018-02-01,1809.14
2018-02-02,1773.453
2018-02-05,1725.666
2018-02-06,1707.957
2018-02-07,1715.647
2018-02-08,1672.816
2018-02-09,1670.356
2018-02-12,1691.459
2018-02-13,1696.594
2018-02-14,1723.007
2018-02-15,1746.564
2018-02-16,1751.863
2018-02-19,1749.595
2018-02-20,1747.401
2018-02-21,1744.891
2018-02-22,1740.856
2018-02-23,1753.657
2018-02-26,1760.662
2018-02-27,1747.886
2018-02-28,1732.811
2018-03-01,1710.924
2018-03-02,1713.92
2018-03-05,1726.176
2018-03-06,1745.006
2018-03-07,1746.545
2018-03-08,1755.21
2018-03-09,1774.562
2018-03-12,1779.849
2018-03-13,1773.592
2018-03-14,1766.655
2018-03-15,1765.331
2018-03-16,1763.726
2018-03-19,1751.389
2018-03-20,1753.045
2018-03-21,1755.833
2018-03-22,1728.903
2018-03-23,1703.971
2018-03-26,1722.965
2018-03-27,1715.559
2018-03-28,1702.011
2018-03-29,1716.429
2018-03-30,1718.358
2018-04-02,1698.426
2018-04-03,1699.868
2018-04-04,1702.433
2018-04-05,1720.952
2018-04-06,1701.324
2018-04-09,1707.563
2018-04-10,1729.905
2018-04-11,1722.978
2018-04-12,1729.695
2018-04-13,1727.516
2018-04-16,1739.412
2018-04-17,1757.954
2018-04-18,1770.067
2018-04-19,1761.133
2018-04-20,1749.017
2018-04-23,1743.525
2018-04-24,1728.64
2018-04-25,1717.543
2018-04-26,1729.301
2018-04-27,1731.899
2018-04-30,1725.919
2018-05-01,1721.293
2018-05-02,1723.175
2018-05-03,1722.48
2018-05-04,1734.711
2018-05-07,1745.426
2018-05-08,1748.975
2018-05-09,1757.95
2018-05-10,1766.139
2018-05-11,1774.024
2018-05-14,1774.741
2018-05-15,1761.392
2018-05-16,1764.902
2018-05-17,1769.222
2018-05-18,1771.69
2018-05-21,1779.955
2018-05-22,1774.728
2018-05-23,1769.577
2018-05-24,1770.402
2018-05-25,1769.459
2018-05-28,1767.184
2018-05-29,1749.734
2018-05-30,1761.481
2018-05-31,1759.438
2018-06-01,1773.031
2018-06-04,1784.295
2018-06-05,1786.506
2018-06-06,1802.526
2018-06-07,1800.003
2018-06-08,1802.128
2018-06-11,1808.827
2018-06-12,1814.843
2018-06-13,1814.836
2018-06-14,1815.728
2018-06-15,1809.141
2018-06-18,1804.304
2018-06-19,1783.694
2018-06-20,1793.556
2018-06-21,1781.283
2018-06-22,1785.114
2018-06-25,1756.257
2018-06-26,1757.903
2018-06-27,1746.101
2018-06-28,1740.09
2018-06-29,1753.064
2018-07-02,1740.246
2018-07-03,1745.186
2018-07-04,1742.446
2018-07-05,1753.039
2018-07-06,1769.14
2018-07-09,1784.78
2018-07-10,1786.956
2018-07-11,1773.926
2018-07-12,1785.001
2018-07-13,1788.809
2018-07-16,1786.032
2018-07-17,1793.617
2018-07-18,1796.977
2018-07-19,1793.043
2018-07-20,1797.958
2018-07-23,1793.159
2018-07-24,1793.335
2018-07-25,1801.841
2018-07-26,1806.752
2018-07-27,1796.802
2018-07-30,1783.358
2018-07-31,1787.211
2018-08-01,1781.368
2018-08-02,1782.685
2018-08-03,1785.302
2018-08-06,1787.343
2018-08-07,1791.566
2018-08-08,1790.018
2018-08-09,1792.223
2018-08-10,1771.164
2018-08-13,1759.036
2018-08-14,1765.618
2018-08-15,1740.455
2018-08-16,1751.857
2018-08-17,1758.695
2018-08-20,1767.792
2018-08-21,1779.603
2018-08-22,1787.204
2018-08-23,1783.676
2018-08-24,1797.901
2018-08-27,1814.876
2018-08-28,1819.62
2018-08-29,1825.276
2018-08-30,1818.405
2018-08-31,1815.665
2018-09-03,1813.214
2018-09-04,1804.521
2018-09-05,1788.766
2018-09-06,1779.828
2018-09-07,1774.704
2018-09-10,1782.145
2018-09-11,1787.546
2018-09-12,1793.308
2018-09-13,1795.988
2018-09-14,1803.644
2018-09-17,1795.813
2018-09-18,1807.964
2018-09-19,1808.161
2018-09-20,1819.316
2018-09-21,1819.856
2018-09-24,1815.194
2018-09-25,1819.401
2018-09-26,1816.286
2018-09-27,1809.645
2018-09-28,1805.747
2018-10-01,1803.439
2018-10-02,1790.409
2018-10-03,1791.766
2018-10-04,1765.371
2018-10-05,1748.52
2018-10-08,1728.754
2018-10-09,1719.051
2018-10-10,1673.565
2018-10-11,1643.629
2018-10-12,1660.792
2018-10-15,1656.372
2018-10-16,1688.843
2018-10-17,1683.294
2018-10-18,1661.214
2018-10-19,1644.427
2018-10-22,1639.57
2018-10-23,1612.05
2018-10-24,1575.279
2018-10-25,1583.023
2018-10-26,1564.654
2018-10-29,1559.201
2018-10-30,1582.231
2018-10-31,1608.047
2018-11-01,1635.143
2018-11-02,1642.359
2018-11-05,1631.362
2018-11-06,1635.293
2018-11-07,1658.063
2018-11-08,1653.435
2018-11-09,1633.69
2018-11-12,1602.544
2018-11-13,1603.77
2018-11-14,1597.251
2018-11-15,1603.842
2018-11-16,1608.107
2018-11-19,1584.291
2018-11-20,1557.914
2018-11-21,1572.288
2018-11-22,1573.784
2018-11-23,1572.967
2018-11-26,1593.033
2018-11-27,1584.046
2018-11-28,1606.791
2018-11-29,1616.125
2018-11-30,1610.245
2018-12-03,1638.201
2018-12-04,1599.252
2018-12-05,1589.651
2018-12-06,1570.375
2018-12-07,1552.335
2018-12-10,1535.022
2018-12-11,1537.735
2018-12-12,1563.301
2018-12-13,1553.1
2018-12-14,1530.903
2018-12-17,1509.838
2018-12-18,1505.191
2018-12-19,1497.187
2018-12-20,1466.266
2018-12-21,1446.48
2018-12-24,1432.369
2018-12-25,1424.691
2018-12-26,1459.508
2018-12-27,1471.964
2018-12-28,1479.554
2018-12-31,1491.956
2019-01-01,1492.019
2019-01-02,1483.671
2019-01-03,1461.335
2019-01-04,1499.592
2019-01-07,1523.547
2019-01-08,1539.133
2019-01-09,1561.576
2019-01-10,1566.872
2019-01-11,1565.629
2019-01-14,1556.488
2019-01-15,1566.737
2019-01-16,1571.919
2019-01-17,1580.611
2019-01-18,1604.206
2019-01-21,1605.592
2019-01-22,1589.213
2019-01-23,1585.382
2019-01-24,1593.94
2019-01-25,1612.723
2019-01-28,1604.573
2019-01-29,1606.122
2019-01-30,1619.919
2019-01-31,1629.483
2019-02-01,1635.909
2019-02-04,1641.665
2019-02-05,1654.691
2019-02-06,1651.621
2019-02-07,1636.135
2019-02-08,1627.335
2019-02-11,1632.033
2019-02-12,1650.895
2019-02-13,1660.562
2019-02-14,1659.489
2019-02-15,1671.737
2019-02-18,1679.502
2019-02-19,1679.866
2019-02-20,1685.729
2019-02-21,1682.125
2019-02-22,1692.173
2019-02-25,1698.292
2019-02-26,1696.254
2019-02-27,1698.02
2019-02-28,1695.0
2019-03-01,1709.833
2019-03-04,1704.32
2019-03-05,1697.649
2019-03-06,1688.768
2019-03-07,1672.705
2019-03-08,1661.841
2019-03-11,1679.191
2019-03-12,1688.583
2019-03-13,1697.526
2019-03-14,1697.637
2019-03-15,1709.778
2019-03-18,1717.232
2019-03-19,1720.859
2019-03-20,1712.118
2019-03-21,1728.884
2019-03-22,1699.024
2019-03-25,1690.642
2019-03-26,1704.475
2019-03-27,1697.531
2019-03-28,1703.323
2019-03-29,1718.042
2019-04-01,1739.77
2019-04-02,1741.111
2019-04-03,1756.703
2019-04-04,1751.484
2019-04-05,1760.479
2019-04-08,1762.077
2019-04-09,1751.978
2019-04-10,1760.264
2019-04-11,1764.119
2019-04-12,1774.19
2019-04-15,1778.017
2019-04-16,1777.029
2019-04-17,1768.576
2019-04-18,1768.412
2019-04-19,1769.65
2019-04-22,1769.714
2019-04-23,1782.445
2019-04-24,1782.937
2019-04-25,1770.167
2019-04-26,1779.992
2019-04-29,1779.285
2019-04-30,1780.613
2019-05-01,1774.123
2019-05-02,1771.36
2019-05-03,1784.667
2019-05-06,1773.058
2019-05-07,1749.008
2019-05-08,1749.133
2019-05-09,1737.725
2019-05-10,1743.017
2019-05-13,1707.064
2019-05-14,1722.111
2019-05-15,1731.798
2019-05-16,1745.513
2019-05-17,1736.383
2019-05-20,1723.369
2019-05-21,1737.002
2019-05-22,1733.514
2019-05-23,1709.116
2019-05-24,1716.595
2019-05-27,1716.688
2019-05-28,1713.684
2019-05-29,1692.036
2019-05-30,1697.051
2019-05-31,1691.529
2019-06-03,1690.646
2019-06-04,1713.495
2019-06-05,1736.307
2019-06-06,1739.459
2019-06-07,1758.712
2019-06-10,1769.796
2019-06-11,1773.253
2019-06-12,1773.548
2019-06-13,1774.168
2019-06-14,1764.73
2019-06-17,1761.725
2019-06-18,1779.279
2019-06-19,1793.698
2019-06-20,1811.263
2019-06-21,1801.34
2019-06-24,1801.283
2019-06-25,1793.723
2019-06-26,1785.82
2019-06-27,1796.196
2019-06-28,1811.424
2019-07-01,1823.43
2019-07-02,1825.474
2019-07-03,1838.606
2019-07-04,1840.453
2019-07-05,1829.116
2019-07-08,1816.72
2019-07-09,1814.444
2019-07-10,1816.995
2019-07-11,1821.674
2019-07-12,1830.128
2019-07-15,1834.562
2019-07-16,1831.592
2019-07-17,1828.074
2019-07-18,1824.25
2019-07-19,1825.536
2019-07-22,1824.147
2019-07-23,1833.234
2019-07-24,1845.008
2019-07-25,1833.336
2019-07-26,1838.549
2019-07-29,1834.03
2019-07-30,1825.55
2019-07-31,1816.46
2019-08-01,1806.408
2019-08-02,1781.031
2019-08-05,1736.654
2019-08-06,1748.367
2019-08-07,1758.45
2019-08-08,1788.244
2019-08-09,1777.68
2019-08-12,1762.37
2019-08-13,1770.204
2019-08-14,1733.65
2019-08-15,1728.249
2019-08-16,1748.705
2019-08-19,1765.493
2019-08-20,1762.563
2019-08-21,1780.289
2019-08-22,1774.617
2019-08-23,1752.509
2019-08-26,1753.193
2019-08-27,1758.933
2019-08-28,1758.124
2019-08-29,1774.719
2019-08-30,1781.499
2019-09-02,1778.279
2019-09-03,1769.461
2019-09-04,1788.17
2019-09-05,1809.697
2019-09-06,1814.352
2019-09-09,1802.112
2019-09-10,1792.284
2019-09-11,1804.934
2019-09-12,1811.129
2019-09-13,1814.648
2019-09-16,1808.969
2019-09-17,1818.77
2019-09-18,1815.444
2019-09-19,1817.978
2019-09-20,1812.316
2019-09-23,1807.237
2019-09-24,1801.727
2019-09-25,1797.664
2019-09-26,1797.097
2019-09-27,1789.251
2019-09-30,1792.152
2019-10-01,1777.171
2019-10-02,1749.25
2019-10-03,1757.878
2019-10-04,1774.864
2019-10-07,1776.842
2019-10-08,1751.759
2019-10-09,1762.016
2019-10-10,1768.669
2019-10-11,1796.224
2019-10-14,1792.512
2019-10-15,1810.873
2019-10-16,1807.916
2019-10-17,1818.101
2019-10-18,1812.256
2019-10-21,1820.547
2019-10-22,1812.475
2019-10-23,1813.618
2019-10-24,1828.421
2019-10-25,1835.818
2019-10-28,1844.214
2019-10-29,1845.18
2019-10-30,1849.857
2019-10-31,1845.161
2019-11-01,1862.296
2019-11-04,1867.704
2019-11-05,1863.566
2019-11-06,1861.464
2019-11-07,1868.328
2019-11-08,1868.801
2019-11-11,1870.874
2019-11-12,1874.319
2019-11-13,1876.345
2019-11-14,1874.746
2019-11-15,1890.523
2019-11-18,1894.533
2019-11-19,1899.773
2019-11-20,1896.38
2019-11-21,1886.233
2019-11-22,1889.49
2019-11-25,1906.594
2019-11-26,1919.073
2019-11-27,1926.095
2019-11-28,1924.381
2019-11-29,1914.66
2019-12-02,1901.759
2019-12-03,1894.709
2019-12-04,1900.471
2019-12-05,1906.113
2019-12-06,1916.33
2019-12-09,1911.06
2019-12-10,1905.513
2019-12-11,1907.136
2019-12-12,1912.113
2019-12-13,1924.007
2019-12-16,1938.824
2019-12-17,1937.415
2019-12-18,1931.031
2019-12-19,1936.917
2019-12-20,1943.696
2019-12-23,1946.049
2019-12-24,1950.547
2019-12-25,1949.81
2019-12-26,1953.783
2019-12-27,1958.304
2019-12-30,1949.7
2019-12-31,1952.748
2020-01-01,1952.791
2020-01-02,1965.41
2020-01-03,1958.751
2020-01-06,1956.392
2020-01-07,1959.809
2020-01-08,1960.815
2020-01-09,1972.679
2020-01-10,1974.843
2020-01-13,1981.942
2020-01-14,1986.224
2020-01-15,1990.731
2020-01-16,2003.058
2020-01-17,2005.231
2020-01-20,2006.457
2020-01-21,2003.785
2020-01-22,2011.859
2020-01-23,2006.69
2020-01-24,2002.687
2020-01-27,1971.537
2020-01-28,1981.171
2020-01-29,1982.545
2020-01-30,1977.044
2020-01-31,1954.804
2020-02-03,1961.897
2020-02-04,1989.322
2020-02-05,1997.785
2020-02-06,2004.107
2020-02-07,1988.542
2020-02-10,1994.137
2020-02-11,2007.521
2020-02-12,2017.236
2020-02-13,2017.137
2020-02-14,2022.168
2020-02-17,2020.079
2020-02-18,2012.795
2020-02-19,2021.185
2020-02-20,2012.068
2020-02-21,1996.973
2020-02-24,1944.555
2020-02-25,1895.416
2020-02-26,1880.662
2020-02-27,1829.286
2020-02-28,1793.543
2020-03-02,1836.697
2020-03-03,1830.327
2020-03-04,1868.798
2020-03-05,1839.075
2020-03-06,1800.575
2020-03-09,1686.617
2020-03-10,1714.866
2020-03-11,1647.425
2020-03-12,1489.981
2020-03-13,1538.997
2020-03-16,1402.112
2020-03-17,1442.25
2020-03-18,1364.22
2020-03-19,1385.71
2020-03-20,1362.492
2020-03-23,1324.011
2020-03-24,1441.127
2020-03-25,1483.103
2020-03-26,1558.937
2020-03-27,1528.69
2020-03-30,1557.751
2020-03-31,1545.369
2020-04-01,1493.666
2020-04-02,1494.081
2020-04-03,1470.302
2020-04-06,1553.971
2020-04-07,1577.932
2020-04-08,1614.957
2020-04-09,1643.77
2020-04-10,1644.66
2020-04-13,1629.132
2020-04-14,1672.887
2020-04-15,1638.344
2020-04-16,1640.654
2020-04-17,1689.953
2020-04-20,1680.409
2020-04-21,1630.87
2020-04-22,1660.651
2020-04-23,1670.41
2020-04-24,1678.94
2020-04-27,1716.267
2020-04-28,1721.455
2020-04-29,1760.815
2020-04-30,1743.803
2020-05-01,1709.222
2020-05-04,1701.632
2020-05-05,1730.746
2020-05-06,1732.514
2020-05-07,1759.262
2020-05-08,1789.392
2020-05-11,1794.061
2020-05-12,1776.547
2020-05-13,1745.417
2020-05-14,1734.366
2020-05-15,1749.319
2020-05-18,1798.96
2020-05-19,1801.543
2020-05-20,1830.534
2020-05-21,1818.442
2020-05-22,1825.341
2020-05-25,1839.646
2020-05-26,1867.939
2020-05-27,1869.029
2020-05-28,1891.204
2020-05-29,1903.371
2020-06-01,1921.156
2020-06-02,1940.651
2020-06-03,1963.091
2020-06-04,1953.199
2020-06-05,1973.894
2020-06-08,1981.69
2020-06-09,1968.374
2020-06-10,1972.239
2020-06-11,1892.506
2020-06-12,1891.577
2020-06-15,1902.353
2020-06-16,1942.706
2020-06-17,1952.78
2020-06-18,1955.637
2020-06-19,1959.678
2020-06-22,1967.313
2020-06-23,1979.189
2020-06-24,1932.895
2020-06-25,1940.826
2020-06-26,1929.262
2020-06-29,1932.143
2020-06-30,1955.59
2020-07-01,1972.647
2020-07-02,1987.003
2020-07-03,1989.576
2020-07-06,2018.081
2020-07-07,2011.423
2020-07-08,2021.723
2020-07-09,2021.742
2020-07-10,2019.848
2020-07-13,2004.199
2020-07-14,2014.745
2020-07-15,2049.757
2020-07-16,2036.643
2020-07-17,2051.248
2020-07-20,2078.133
2020-07-21,2086.111
2020-07-22,2090.849
2020-07-23,2078.524
2020-07-24,2056.524
2020-07-27,2083.604
2020-07-28,2068.917
2020-07-29,2091.583
2020-07-30,2084.394
2020-07-31,2083.695
2020-08-03,2107.814
2020-08-04,2114.744
2020-08-05,2137.22
2020-08-06,2128.471
2020-08-07,2118.369
2020-08-10,2108.027
2020-08-11,2109.665
2020-08-12,2128.349
2020-08-13,2145.992
2020-08-14,2135.092
2020-08-17,2151.032
2020-08-18,2156.156
2020-08-19,2145.749
2020-08-20,2136.989
2020-08-21,2132.604
2020-08-24,2142.978
2020-08-25,2148.035
2020-08-26,2168.909
2020-08-27,2156.392
2020-08-28,2165.478
2020-08-31,2170.532
2020-09-01,2190.839
2020-09-02,2211.98
2020-09-03,2143.786
2020-09-04,2097.008
2020-09-07,2109.724
2020-09-08,2079.039
2020-09-09,2109.303
2020-09-10,2097.133
2020-09-11,2094.096
2020-09-14,2121.104
2020-09-15,2137.381
2020-09-16,2143.011
2020-09-17,2130.218
2020-09-18,2130.877
2020-09-21,2100.5
2020-09-22,2112.413
2020-09-23,2091.511
2020-09-24,2075.354
2020-09-25,2103.196
2020-09-28,2138.828
2020-09-29,2146.346
2020-09-30,2145.428
2020-10-01,2167.309
2020-10-02,2156.951
2020-10-05,2196.514
2020-10-06,2187.122
2020-10-07,2210.968
2020-10-08,2227.474
2020-10-09,2251.513
2020-10-12,2270.908
2020-10-13,2270.597
2020-10-14,2266.833
2020-10-15,2249.457
2020-10-16,2251.574
2020-10-19,2243.752
2020-10-20,2244.504
2020-10-21,2238.613
2020-10-22,2237.957
2020-10-23,2249.147
2020-10-26,2207.474
2020-10-27,2208.071
2020-10-28,2155.372
2020-10-29,2153.155
2020-10-30,2125.85
2020-11-02,2148.847
2020-11-03,2196.934
2020-11-04,2251.198
2020-11-05,2307.148
2020-11-06,2321.182
2020-11-09,2299.623
2020-11-10,2277.119
2020-11-11,2307.057
2020-11-12,2305.011
2020-11-13,2312.651
2020-11-16,2333.993
2020-11-17,2335.101
2020-11-18,2322.862
2020-11-19,2338.297
2020-11-20,2346.229
2020-11-23,2343.538
2020-11-24,2350.921
2020-11-25,2362.49
2020-11-26,2367.86
2020-11-27,2392.957
2020-11-30,2396.705
2020-12-01,2404.159
2020-12-02,2391.097
2020-12-03,2409.495
2020-12-04,2423.118
2020-12-07,2424.465
2020-12-08,2440.763
2020-12-09,2421.108
2020-12-10,2435.095
2020-12-11,2437.195
2020-12-14,2445.872
2020-12-15,2464.656
2020-12-16,2476.82
2020-12-17,2511.391
2020-12-18,2518.862
2020-12-21,2505.432
2020-12-22,2519.019
2020-12-23,2524.054
2020-12-24,2525.982
2020-12-25,2526.336
2020-12-28,2516.678
2020-12-29,2524.402
2020-12-30,2537.897
2020-12-31,2530.652
2021-01-01,2530.652
2021-01-04,2522.036
2021-01-05,2538.688
2021-01-06,2538.162
2021-01-07,2578.535
2021-01-08,2602.638
2021-01-11,2581.45
2021-01-12,2587.853
2021-01-13,2590.037
2021-01-14,2591.504
2021-01-15,2558.299
2021-01-18,2560.526
2021-01-19,2582.02
2021-01-20,2601.547
2021-01-21,2606.629
2021-01-22,2598.653
2021-01-25,2588.154
2021-01-26,2561.686
2021-01-27,2504.879
2021-01-28,2535.044
2021-01-29,2501.699
2021-02-01,2542.156
2021-02-02,2584.598
2021-02-03,2584.768
2021-02-04,2602.228
2021-02-05,2624.807
2021-02-08,2648.145
2021-02-09,2659.432
2021-02-10,2656.81
2021-02-11,2674.798
2021-02-12,2691.738
2021-02-15,2701.585
2021-02-16,2688.807
2021-02-17,2655.907
2021-02-18,2645.178
2021-02-19,2671.626
2021-02-22,2618.14
2021-02-23,2601.765
2021-02-24,2598.851
2021-02-25,2557.261
2021-02-26,2537.913
2021-03-01,2593.012
2021-03-02,2572.52
2021-03-03,2513.927
2021-03-04,2451.75
2021-03-05,2446.397
2021-03-08,2423.201
2021-03-09,2481.688
2021-03-10,2485.322
2021-03-11,2546.198
2021-03-12,2538.256
2021-03-15,2560.049
2021-03-16,2555.925
2021-03-17,2549.774
2021-03-18,2516.16
2021-03-19,2524.271
2021-03-22,2543.818
2021-03-23,2516.339
2021-03-24,2479.362
2021-03-25,2477.963
2021-03-26,2518.258
2021-03-29,2498.18
2021-03-30,2498.318
2021-03-31,2526.196
2021-04-01,2569.427
2021-04-02,2572.682
2021-04-05,2587.483
2021-04-06,2605.638
2021-04-07,2596.989
2021-04-08,2628.078
2021-04-09,2639.826
2021-04-12,2630.016
2021-04-13,2654.287
2021-04-14,2652.338
2021-04-15,2679.769
2021-04-16,2684.783
2021-04-19,2672.883
2021-04-20,2644.278
2021-04-21,2659.471
2021-04-22,2674.51
2021-04-23,2699.274
2021-04-26,2719.847
2021-04-27,2712.265
2021-04-28,2698.73
2021-04-29,2689.836
2021-04-30,2658.186
2021-05-03,2653.572
2021-05-04,2611.573
2021-05-05,2619.145
2021-05-06,2601.906
2021-05-07,2639.548
2021-05-10,2610.963
2021-05-11,2585.665
2021-05-12,2526.388
2021-05-13,2522.448
2021-05-14,2575.578
2021-05-17,2568.197
2021-05-18,2584.434
2021-05-19,2567.797
2021-05-20,2612.861
2021-05-21,2615.671
2021-05-24,2635.714
2021-05-25,2647.525
2021-05-26,2655.605
2021-05-27,2662.594
2021-05-28,2673.522
2021-05-31,2672.629
2021-06-01,2674.933
2021-06-02,2672.937
2021-06-03,2652.441
2021-06-04,2677.97
2021-06-07,2688.014
2021-06-08,2698.52
2021-06-09,2691.332
2021-06-10,2704.323
2021-06-11,2713.465
2021-06-14,2724.35
2021-06-15,2716.648
2021-06-16,2719.729
2021-06-17,2711.943
2021-06-18,2687.413
2021-06-21,2705.864
2021-06-22,2732.0
2021-06-23,2734.019
2021-06-24,2749.055
2021-06-25,2760.819
2021-06-28,2762.759
2021-06-29,2766.852
2021-06-30,2748.609
2021-07-01,2752.315
2021-07-02,2765.353
2021-07-05,2770.356
2021-07-06,2774.081
2021-07-07,2776.208
2021-07-08,2751.528
2021-07-09,2774.361
2021-07-12,2784.022
2021-07-13,2768.944
2021-07-14,2753.414
2021-07-15,2734.17
2021-07-16,2722.181
2021-07-19,2690.89
2021-07-20,2717.374
2021-07-21,2750.994
2021-07-22,2771.397
2021-07-23,2789.651
2021-07-26,2789.287
2021-07-27,2776.466
2021-07-28,2789.011
2021-07-29,2807.739
2021-07-30,2791.503
2021-08-02,2808.051
2021-08-03,2811.597
2021-08-04,2819.047
2021-08-05,2834.549
2021-08-06,2812.714
2021-08-09,2811.141
2021-08-10,2810.477
2021-08-11,2812.721
2021-08-12,2817.682
2021-08-13,2822.707
2021-08-16,2806.82
2021-08-17,2786.79
2021-08-18,2778.423
2021-08-19,2761.639
2021-08-20,2779.212
2021-08-23,2818.293
2021-08-24,2842.548
2021-08-25,2850.527
2021-08-26,2838.195
2021-08-27,2861.599
2021-08-30,2873.779
2021-08-31,2868.136
2021-09-01,2888.197
2021-09-02,2909.457
2021-09-03,2917.411
2021-09-06,2925.078
2021-09-07,2911.113
2021-09-08,2893.644
2021-09-09,2891.103
2021-09-10,2890.263
2021-09-13,2874.535
2021-09-14,2878.312
2021-09-15,2877.602
2021-09-16,2882.431
2021-09-17,2863.81
2021-09-20,2820.029
2021-09-21,2827.948
2021-09-22,2850.453
2021-09-23,2880.421
2021-09-24,2865.614
2021-09-27,2836.777
2021-09-28,2760.135
2021-09-29,2743.187
2021-09-30,2739.773
2021-10-01,2744.328
2021-10-04,2706.933
2021-10-05,2722.609
2021-10-06,2712.921
2021-10-07,2748.435
2021-10-08,2738.092
2021-10-11,2728.175
2021-10-12,2737.947
2021-10-13,2770.539
2021-10-14,2809.784
2021-10-15,2829.212
2021-10-18,2837.356
2021-10-19,2858.706
2021-10-20,2862.999
2021-10-21,2879.716
2021-10-22,2881.226
2021-10-25,2887.338
2021-10-26,2884.433
2021-10-27,2862.816
2021-10-28,2894.107
2021-10-29,2888.416
2021-11-01,2913.683
2021-11-02,2915.277
2021-11-03,2914.661
2021-11-04,2933.728
2021-11-05,2927.585
2021-11-08,2954.217
2021-11-09,2953.949
2021-11-10,2909.704
2021-11-11,2919.975
2021-11-12,2951.611
2021-11-15,2951.416
2021-11-16,2962.663
2021-11-17,2945.969
2021-11-18,2936.043
2021-11-19,2935.187
2021-11-22,2891.536
2021-11-23,2863.053
2021-11-24,2868.162
2021-11-25,2874.773
2021-11-26,2827.178
2021-11-29,2844.493
2021-11-30,2796.824
2021-12-01,2765.757
2021-12-02,2781.991
2021-12-03,2738.728
2021-12-06,2747.231
2021-12-07,2830.239
2021-12-08,2853.184
2021-12-09,2814.776
2021-12-10,2802.25
2021-12-13,2785.2
2021-12-14,2743.481
2021-12-15,2770.975
2021-12-16,2754.461
2021-12-17,2754.279
2021-12-20,2719.109
2021-12-21,2777.798
2021-12-22,2805.824
2021-12-23,2826.101
2021-12-24,2829.456
2021-12-27,2849.111
2021-12-28,2845.921
2021-12-29,2851.625
2021-12-30,2851.787
2021-12-31,2848.048
2022-01-03,2826.61
2022-01-04,2810.228
2022-01-05,2745.574
2022-01-06,2711.501
2022-01-07,2683.245
2022-01-10,2656.634
2022-01-11,2686.718
2022-01-12,2705.563
2022-01-13,2659.629
2022-01-14,2626.576
2022-01-17,2627.955
2022-01-18,2574.568
2022-01-19,2560.756
2022-01-20,2555.218
2022-01-21,2499.098
2022-01-24,2482.987
2022-01-25,2433.374
2022-01-26,2431.755
2022-01-27,2384.386
2022-01-28,2425.517
2022-01-31,2502.173
2022-02-01,2532.664
2022-02-02,2547.817
2022-02-03,2489.404
2022-02-04,2498.427
2022-02-07,2502.157
2022-02-08,2508.42
2022-02-09,2574.926
2022-02-10,2554.905
2022-02-11,2509.306
2022-02-14,2476.956
2022-02-15,2527.284
2022-02-16,2529.998
2022-02-17,2479.565
2022-02-18,2446.146
2022-02-21,2433.2
2022-02-22,2412.443
2022-02-23,2377.964
2022-02-24,2392.504
2022-02-25,2455.974
2022-02-28,2469.558
2022-03-01,2441.321
2022-03-02,2456.707
2022-03-03,2419.179
2022-03-04,2368.17
2022-03-07,2297.061
2022-03-08,2276.191
2022-03-09,2366.362
2022-03-10,2355.144
2022-03-11,2317.974
2022-03-14,2298.961
2022-03-15,2323.137
2022-03-16,2406.461
2022-03-17,2460.416
2022-03-18,2499.901
2022-03-21,2489.431
2022-03-22,2507.924
2022-03-23,2485.38
2022-03-24,2496.067
2022-03-25,2485.334
2022-03-28,2489.939
2022-03-29,2555.503
2022-03-30,2538.014
2022-03-31,2505.857
2022-04-01,2503.235
2022-04-04,2528.402
2022-04-05,2496.341
2022-04-06,2441.723
2022-04-07,2441.811
2022-04-08,2433.158
2022-04-11,2398.434
2022-04-12,2384.217
2022-04-13,2412.033
2022-04-14,2392.697
2022-04-15,2389.409
2022-04-18,2370.305
2022-04-19,2401.767
2022-04-20,2412.084
2022-04-21,2372.441
2022-04-22,2308.543
2022-04-25,2303.475
2022-04-26,2243.091
2022-04-27,2235.175
2022-04-28,2271.598
2022-04-29,2242.666
2022-05-02,2243.66
2022-05-03,2249.403
2022-05-04,2282.04
2022-05-05,2215.557
2022-05-06,2168.714
2022-05-09,2064.007
2022-05-10,2073.733
2022-05-11,2054.942
2022-05-12,2053.115
2022-05-13,2127.297
2022-05-16,2113.719
2022-05-17,2157.766
2022-05-18,2101.022
2022-05-19,2120.235
2022-05-20,2127.6
2022-05-23,2149.44
2022-05-24,2105.091
2022-05-25,2120.07
2022-05-26,2162.558
2022-05-27,2223.322
2022-05-30,2246.575
2022-05-31,2206.372
2022-06-01,2184.716
2022-06-02,2239.54
2022-06-03,2217.589
2022-06-06,2227.898
2022-06-07,2238.314
2022-06-08,2226.612
2022-06-09,2174.137
2022-06-10,2108.57
2022-06-13,2021.494
2022-06-14,1997.093
2022-06-15,2023.398
2022-06-16,1960.594
2022-06-17,1965.466
2022-06-20,1972.477
2022-06-21,1999.144
2022-06-22,1991.323
2022-06-23,2010.047
2022-06-24,2071.024
2022-06-27,2082.804
2022-06-28,2050.865
2022-06-29,2032.211
2022-06-30,2012.188
2022-07-01,2020.796
2022-07-04,2028.784
2022-07-05,2027.331
2022-07-06,2032.064
2022-07-07,2075.372
2022-07-08,2077.638
2022-07-11,2043.867
2022-07-12,2021.514
2022-07-13,2014.549
2022-07-14,1986.642
2022-07-15,2025.692
2022-07-18,2042.493
2022-07-19,2090.2
2022-07-20,2121.128
2022-07-21,2144.483
2022-07-22,2132.741
2022-07-25,2124.988
2022-07-26,2096.667
2022-07-27,2137.959
2022-07-28,2181.972
2022-07-29,2210.403
2022-08-01,2221.872
2022-08-02,2212.738
2022-08-03,2221.475
2022-08-04,2237.81
2022-08-05,2232.051
2022-08-08,2249.484
2022-08-09,2220.112
2022-08-10,2286.178
2022-08-11,2287.381
2022-08-12,2305.028
2022-08-15,2309.21
2022-08-16,2303.954
2022-08-17,2274.782
2022-08-18,2277.094
2022-08-19,2233.369
2022-08-22,2192.031
2022-08-23,2188.489
2022-08-24,2202.012
2022-08-25,2227.804
2022-08-26,2170.801
2022-08-29,2136.649
2022-08-30,2125.165
2022-08-31,2117.699
2022-09-01,2077.062
2022-09-02,2088.921
2022-09-05,2076.657
2022-09-06,2070.842
2022-09-07,2095.033
2022-09-08,2124.327
2022-09-09,2168.976
2022-09-12,2195.061
2022-09-13,2124.492
2022-09-14,2117.577
2022-09-15,2093.126
2022-09-16,2061.406
2022-09-19,2065.816
2022-09-20,2037.526
2022-09-21,2011.016
2022-09-22,1964.11
2022-09-23,1920.465
2022-09-26,1895.14
2022-09-27,1899.788
2022-09-28,1931.579
2022-09-29,1911.068
2022-09-30,1907.362
2022-10-03,1949.023
2022-10-04,2023.74
2022-10-05,2010.479
2022-10-06,2003.492
2022-10-07,1948.395
2022-10-10,1922.269
2022-10-11,1899.95
2022-10-12,1888.143
2022-10-13,1903.653
2022-10-14,1881.129
2022-10-17,1927.143
2022-10-18,1956.069
2022-10-19,1924.871
2022-10-20,1921.475
2022-10-21,1932.564
2022-10-24,1953.182
2022-10-25,2000.572
2022-10-26,2019.298
2022-10-27,2011.389
2022-10-28,2020.006
2022-10-31,2014.087
2022-11-01,2024.428
2022-11-02,1982.973
2022-11-03,1963.908
2022-11-04,1987.509
2022-11-07,2005.999
2022-11-08,2033.801
2022-11-09,1997.665
2022-11-10,2113.707
2022-11-11,2159.366
2022-11-14,2141.823
2022-11-15,2169.361
2022-11-16,2139.019
2022-11-17,2111.999
2022-11-18,2127.075
2022-11-21,2107.615
2022-11-22,2135.825
2022-11-23,2159.288
2022-11-24,2174.826
2022-11-25,2173.243
2022-11-28,2146.178
2022-11-29,2136.353
2022-11-30,2181.68
2022-12-01,2225.892
2022-12-02,2220.654
2022-12-05,2181.302
2022-12-06,2146.987
2022-12-07,2144.874
2022-12-08,2160.063
2022-12-09,2159.641
2022-12-12,2173.829
2022-12-13,2213.875
2022-12-14,2208.573
2022-12-15,2143.787
2022-12-16,2115.886
2022-12-19,2094.375
2022-12-20,2094.73
2022-12-21,2124.544
2022-12-22,2098.861
2022-12-23,2101.288
2022-12-26,2101.814
2022-12-27,2100.124
2022-12-28,2080.905
2022-12-29,2117.115
2022-12-30,2106.723
2023-01-02,2109.948
2023-01-03,2103.794
2023-01-04,2127.026
2023-01-05,2099.7
2023-01-06,2136.952
2023-01-09,2166.567
2023-01-10,2175.637
2023-01-11,2207.524
2023-01-12,2221.75
2023-01-13,2237.079
2023-01-16,2238.68
2023-01-17,2247.315
2023-01-18,2244.805
2023-01-19,2206.093
2023-01-20,2239.879
2023-01-23,2273.511
2023-01-24,2271.319
2023-01-25,2268.875
2023-01-26,2287.747
2023-01-27,2298.755
2023-01-30,2275.87
2023-01-31,2293.704
2023-02-01,2327.16
2023-02-02,2377.583
2023-02-03,2341.472
2023-02-06,2307.597
2023-02-07,2327.584
2023-02-08,2315.248
2023-02-09,2308.793
2023-02-10,2282.198
2023-02-13,2303.33
2023-02-14,2310.883
2023-02-15,2329.745
2023-02-16,2317.961
2023-02-17,2299.687
2023-02-20,2302.073
2023-02-21,2258.757
2023-02-22,2247.166
2023-02-23,2255.637
2023-02-24,2229.888
2023-02-27,2241.807
2023-02-28,2239.469
2023-03-01,2239.829
2023-03-02,2248.711
2023-03-03,2281.673
2023-03-06,2280.925
2023-03-07,2251.976
2023-03-08,2250.853
2023-03-09,2228.522
2023-03-10,2184.888
2023-03-13,2173.423
2023-03-14,2193.143
2023-03-15,2152.843
2023-03-16,2186.236
2023-03-17,2169.496
2023-03-20,2181.92
2023-03-21,2213.507
2023-03-22,2193.526
2023-03-23,2206.238
2023-03-24,2188.603
2023-03-27,2203.906
2023-03-28,2205.913
2023-03-29,2231.865
2023-03-30,2253.311
2023-03-31,2283.826
2023-04-03,2280.99
2023-04-04,2271.629
2023-04-05,2238.56
2023-04-06,2239.212
2023-04-07,2239.672
2023-04-10,2241.031
2023-04-11,2261.66
2023-04-12,2262.578
2023-04-13,2291.174
2023-04-14,2282.618
2023-04-17,2286.666
2023-04-18,2296.736
2023-04-19,2285.821
2023-04-20,2280.987
2023-04-21,2283.689
2023-04-24,2289.036
2023-04-25,2253.981
2023-04-26,2239.09
2023-04-27,2256.525
2023-04-28,2271.151
2023-05-01,2272.775
2023-05-02,2250.217
2023-05-03,2255.559
2023-05-04,2246.864
2023-05-05,2273.552
2023-05-08,2277.166
2023-05-09,2271.247
2023-05-10,2276.788
2023-05-11,2271.21
2023-05-12,2267.927
2023-05-15,2284.623
2023-05-16,2263.693
2023-05-17,2275.914
2023-05-18,2295.458
2023-05-19,2297.863
2023-05-22,2310.508
2023-05-23,2280.427
2023-05-24,2251.219
2023-05-25,2250.338
2023-05-26,2268.367
2023-05-29,2271.135
2023-05-30,2269.655
2023-05-31,2249.177
2023-06-01,2271.342
2023-06-02,2308.867
2023-06-05,2307.372
2023-06-06,2318.013
2023-06-07,2305.27
2023-06-08,2308.322
2023-06-09,2307.881
2023-06-12,2327.93
2023-06-13,2355.892
2023-06-14,2359.231
2023-06-15,2377.211
2023-06-16,2376.045
2023-06-19,2365.036
2023-06-20,2350.866
2023-06-21,2342.373
2023-06-22,2332.822
2023-06-23,2305.077
2023-06-26,2308.357
2023-06-27,2331.804
2023-06-28,2342.997
2023-06-29,2350.896
2023-06-30,2374.158
2023-07-03,2376.039
2023-07-04,2376.979
2023-07-05,2361.075
2023-07-06,2327.469
2023-07-07,2337.842
2023-07-10,2362.223
2023-07-11,2391.072
2023-07-12,2418.578
2023-07-13,2451.664
2023-07-14,2446.473
2023-07-17,2459.4
2023-07-18,2473.227
2023-07-19,2472.853
2023-07-20,2436.431
2023-07-21,2430.801
2023-07-24,2428.285
2023-07-25,2440.652
2023-07-26,2441.771
2023-07-27,2431.379
2023-07-28,2447.83
2023-07-31,2461.635
2023-08-01,2443.361
2023-08-02,2395.097
2023-08-03,2385.795
2023-08-04,2387.878
2023-08-07,2394.611
2023-08-08,2375.76
2023-08-09,2370.605
2023-08-10,2375.519
2023-08-11,2359.817
2023-08-14,2359.024
2023-08-15,2339.568
2023-08-16,2319.848
2023-08-17,2287.213
2023-08-18,2285.013
2023-08-21,2286.971
2023-08-22,2293.133
2023-08-23,2317.41
2023-08-24,2294.703
2023-08-25,2292.05
2023-08-28,2314.476
2023-08-29,2348.729
2023-08-30,2371.107
2023-08-31,2369.852
2023-09-01,2374.673
2023-09-04,2375.084
2023-09-05,2353.514
2023-09-06,2345.423
2023-09-07,2333.744
2023-09-08,2324.019
2023-09-11,2333.22
2023-09-12,2320.488
2023-09-13,2308.856
2023-09-14,2326.197
2023-09-15,2310.575
2023-09-18,2300.477
2023-09-19,2290.539
2023-09-20,2288.351
2023-09-21,2238.252
2023-09-22,2239.953
2023-09-25,2235.856
2023-09-26,2211.384
2023-09-27,2214.693
2023-09-28,2236.587
2023-09-29,2242.668
2023-10-02,2216.562
2023-10-03,2177.866
2023-10-04,2186.499
2023-10-05,2197.237
2023-10-06,2220.008
2023-10-09,2226.567
2023-10-10,2257.935
2023-10-11,2263.068
2023-10-12,2239.681
2023-10-13,2210.639
2023-10-16,2228.195
2023-10-17,2239.609
2023-10-18,2199.587
2023-10-19,2169.674
2023-10-20,2139.838
2023-10-23,2135.324
2023-10-24,2144.091
2023-10-25,2107.888
2023-10-26,2085.73
2023-10-27,2082.853
2023-10-30,2088.855
2023-10-31,2104.081
2023-11-01,2111.012
2023-11-02,2163.202
2023-11-03,2210.66
2023-11-06,2206.587
2023-11-07,2207.424
2023-11-08,2213.527
2023-11-09,2209.942
2023-11-10,2213.669
2023-11-13,2219.126
2023-11-14,2286.007
2023-11-15,2301.483
2023-11-16,2285.088
2023-11-17,2301.043
2023-11-20,2320.321
2023-11-21,2315.748
2023-11-22,2318.563
2023-11-23,2322.116
2023-11-24,2329.998
2023-11-27,2326.263
2023-11-28,2325.679
2023-11-29,2338.994
2023-11-30,2349.454
2023-12-01,2376.709
2023-12-04,2368.617
2023-12-05,2353.079
2023-12-06,2360.004
2023-12-07,2364.314
2023-12-08,2372.721
2023-12-11,2383.98
2023-12-12,2397.581
2023-12-13,2426.444
2023-12-14,2477.192
2023-12-15,2467.72
2023-12-18,2467.859
2023-12-19,2493.397
2023-12-20,2470.749
2023-12-21,2492.397
2023-12-22,2503.094
2023-12-25,2503.564
2023-12-26,2513.264
2023-12-27,2531.724
2023-12-28,2535.243
2023-12-29,2522.721
2024-01-01,2522.813
2024-01-02,2482.491
2024-01-03,2434.244
2024-01-04,2435.793
2024-01-05,2434.847
2024-01-08,2466.596
2024-01-09,2466.175
2024-01-10,2477.107
2024-01-11,2474.173
2024-01-12,2483.104
2024-01-15,2477.496
2024-01-16,2455.904
2024-01-17,2431.586
2024-01-18,2450.587
2024-01-19,2469.157
2024-01-22,2499.602
2024-01-23,2495.507
2024-01-24,2491.336
2024-01-25,2492.752
2024-01-26,2491.011
2024-01-29,2512.623
2024-01-30,2510.47
2024-01-31,2493.513
2024-02-01,2506.412
2024-02-02,2517.802
2024-02-05,2495.807
2024-02-06,2517.351
2024-02-07,2533.245
2024-02-08,2552.165
2024-02-09,2568.062
2024-02-12,2571.302
2024-02-13,2531.052
2024-02-14,2567.132
2024-02-15,2593.351
2024-02-16,2588.415
2024-02-19,2589.671
2024-02-20,2574.822
2024-02-21,2560.054
2024-02-22,2609.15
2024-02-23,2613.152
2024-02-26,2618.733
2024-02-27,2626.026
2024-02-28,2621.378
2024-02-29,2639.774
2024-03-01,2660.828
2024-03-04,2669.604
2024-03-05,2645.472
2024-03-06,2671.422
2024-03-07,2701.769
2024-03-08,2694.722
2024-03-11,2672.112
2024-03-12,2692.003
2024-03-13,2693.35
2024-03-14,2672.667
2024-03-15,2654.671
2024-03-18,2664.279
2024-03-19,2666.258
2024-03-20,2685.334
2024-03-21,2715.354
2024-03-22,2702.95
2024-03-25,2700.977
2024-03-26,2702.136
2024-03-27,2713.098
2024-03-28,2711.58
2024-03-29,2712.218
2024-04-01,2695.007
2024-04-02,2668.25
2024-04-03,2672.725
2024-04-04,2662.498
2024-04-05,2667.271
2024-04-08,2681.024
2024-04-09,2684.719
2024-04-10,2650.667
2024-04-11,2654.698
2024-04-12,2617.414
2024-04-15,2583.016
2024-04-16,2565.283
2024-04-17,2546.911
2024-04-18,2539.789
2024-04-19,2507.498
2024-04-22,2529.948
2024-04-23,2571.809
2024-04-24,2577.207
2024-04-25,2567.02
2024-04-26,2585.298
2024-04-29,2599.927
2024-04-30,2560.627
2024-05-01,2554.048
2024-05-02,2577.551
2024-05-03,2602.628
2024-05-06,2633.821
2024-05-07,2638.19
2024-05-08,2622.317
2024-05-09,2635.071
2024-05-10,2637.214
2024-05-13,2635.152
2024-05-14,2650.247
2024-05-15,2686.395
2024-05-16,2679.264
2024-05-17,2677.025
2024-05-20,2691.498
2024-05-21,2676.642
2024-05-22,2664.963
2024-05-23,2645.649
2024-05-24,2660.8
2024-05-27,2667.961
2024-05-28,2650.526
2024-05-29,2611.965
2024-05-30,2608.042
2024-05-31,2616.868
2024-06-03,2614.496
2024-06-04,2606.926
2024-06-05,2631.857
2024-06-06,2632.025
2024-06-07,2617.231
2024-06-10,2623.89
2024-06-11,2615.09
2024-06-12,2653.001
2024-06-13,2632.24
2024-06-14,2602.763
2024-06-17,2607.974
2024-06-18,2627.8
2024-06-19,2625.701
2024-06-20,2619.334
2024-06-21,2611.735
2024-06-24,2621.985
2024-06-25,2622.091
2024-06-26,2615.123
2024-06-27,2627.816
2024-06-28,2619.316
2024-07-01,2606.061
2024-07-02,2615.442
2024-07-03,2641.541
2024-07-04,2647.619
2024-07-05,2651.793
2024-07-08,2653.589
2024-07-09,2643.642
2024-07-10,2659.086
2024-07-11,2689.184
2024-07-12,2713.233
2024-07-15,2713.115
2024-07-16,2735.343
2024-07-17,2695.482
2024-07-18,2673.938
2024-07-19,2660.539
2024-07-22,2683.094
2024-07-23,2684.056
2024-07-24,2633.663
2024-07-25,2616.531
2024-07-26,2645.472
2024-07-29,2649.353
2024-07-30,2650.492
2024-07-31,2692.783
2024-08-01,2642.586
2024-08-02,2570.338
2024-08-05,2501.783
2024-08-06,2541.082
2024-08-07,2535.821
2024-08-08,2579.981
2024-08-09,2595.057
2024-08-12,2592.306
2024-08-13,2635.202
2024-08-14,2652.045
2024-08-15,2683.437
2024-08-16,2697.406
2024-08-19,2720.813
2024-08-20,2719.661
2024-08-21,2742.038
2024-08-22,2729.007
2024-08-23,2767.213
2024-08-26,2758.448
2024-08-27,2761.134
2024-08-28,2742.836
2024-08-29,2749.885
2024-08-30,2764.621
2024-09-02,2758.728
2024-09-03,2706.83
2024-09-04,2689.966
2024-09-05,2676.448
2024-09-06,2652.175
2024-09-09,2668.625
2024-09-10,2670.831
2024-09-11,2689.022
2024-09-12,2722.378
2024-09-13,2753.035
2024-09-16,2761.279
2024-09-17,2767.391
2024-09-18,2760.595
2024-09-19,2809.643
2024-09-20,2796.902
2024-09-23,2809.873
2024-09-24,2825.092
2024-09-25,2818.652
2024-09-26,2840.582
2024-09-27,2859.808
2024-09-30,2848.528
2024-10-01,2828.115
2024-10-02,2821.185
2024-10-03,2812.607
2024-10-04,2826.393
2024-10-07,2820.022
2024-10-08,2818.826
2024-10-09,2840.451
2024-10-10,2834.504
2024-10-11,2862.379
2024-10-14,2869.757
2024-10-15,2858.508
2024-10-16,2852.271
2024-10-17,2851.931
2024-10-18,2862.31
2024-10-21,2848.356
2024-10-22,2826.318
2024-10-23,2794.266
2024-10-24,2807.949
2024-10-25,2808.425
2024-10-28,2821.416
2024-10-29,2828.993
2024-10-30,2817.402
2024-10-31,2778.966
2024-11-01,2781.992
2024-11-04,2789.004
2024-11-05,2824.551
2024-11-06,2862.887
2024-11-07,2909.834
2024-11-08,2926.667
2024-11-11,2936.164
2024-11-12,2916.197
2024-11-13,2899.53
2024-11-14,2878.58
2024-11-15,2841.984
2024-11-18,2857.29
2024-11-19,2888.244
2024-11-20,2899.736
2024-11-21,2933.325
2024-11-22,2960.555
2024-11-25,2983.183
2024-11-26,2973.16
2024-11-27,2977.781
2024-11-28,2982.032
2024-11-29,2994.805
2024-12-02,2994.797
2024-12-03,3018.523
2024-12-04,3046.19
2024-12-05,3043.652
2024-12-06,3055.376
2024-12-09,3019.864
2024-12-10,2978.538
2024-12-11,3001.584
2024-12-12,2994.504
2024-12-13,2970.746
2024-12-16,2979.587
2024-12-17,2959.677
2024-12-18,2883.436
2024-12-19,2850.878
2024-12-20,2888.213
2024-12-23,2885.55
2024-12-24,2899.683
2024-12-25,2898.801
2024-12-26,2898.89
2024-12-27,2885.916
2024-12-30,2859.989
2024-12-31,2848.327
2025-01-01,2848.39
2025-01-02,2856.131
2025-01-03,2880.151
2025-01-06,2900.26
2025-01-07,2880.3
2025-01-08,2876.032
2025-01-09,2874.507
2025-01-10,2839.562
2025-01-13,2831.006
2025-01-14,2850.975
2025-01-15,2893.498
2025-01-16,2912.998
2025-01-17,2931.142
2025-01-20,2945.201
2025-01-21,2979.253
2025-01-22,2997.76
2025-01-23,3008.449
2025-01-24,3013.25
2025-01-27,2962.923
2025-01-28,2994.048
2025-01-29,2997.821
2025-01-30,3025.656
2025-01-31,3003.594
2025-02-03,2961.691
2025-02-04,2982.898
2025-02-05,3008.867
2025-02-06,3009.727
2025-02-07,3011.187
2025-02-10,3027.944
2025-02-11,3009.181
2025-02-12,3005.443
2025-02-13,3059.246
2025-02-14,3077.016
2025-02-17,3088.087
2025-02-18,3093.592
2025-02-19,3071.182
2025-02-20,3034.325
2025-02-21,2975.635
2025-02-24,2964.564
2025-02-25,2938.672
2025-02-26,2965.739
2025-02-27,2915.821
2025-02-28,2931.883
2025-03-03,2914.117
2025-03-04,2886.095
2025-03-05,2945.864
2025-03-06,2898.589
2025-03-07,2885.909
2025-03-10,2814.692
2025-03-11,2802.489
2025-03-12,2826.981
2025-03-13,2781.359
2025-03-14,2842.138
2025-03-17,2880.852
2025-03-18,2867.501
2025-03-19,2892.983
2025-03-20,2881.864
2025-03-21,2874.683
2025-03-24,2909.014
2025-03-25,2915.58
2025-03-26,2875.311
2025-03-27,2858.912
2025-03-28,2815.982
2025-03-31,2787.768
2025-04-01,2810.852
2025-04-02,2834.24
2025-04-03,2740.506
2025-04-04,2581.332
2025-04-07,2520.207
2025-04-08,2533.907
2025-04-09,2658.29
2025-04-10,2672.378
2025-04-11,2704.275
2025-04-14,2754.914
2025-04-15,2774.492
2025-04-16,2754.451
2025-04-17,2759.188
2025-04-18,2762.155
2025-04-21,2730.326
2025-04-22,2765.745
2025-04-23,2807.54
2025-04-24,2851.844
2025-04-25,2865.64
2025-04-28,2873.388
2025-04-29,2894.166
2025-04-30,2903.667
2025-05-01,2908.559
2025-05-02,2975.606
2025-05-05,2978.551
2025-05-06,2974.179
2025-05-07,2987.569
2025-05-08,3011.309
2025-05-09,3015.12
2025-05-12,3059.567
2025-05-13,3094.913
2025-05-14,3107.075
2025-05-15,3108.456
2025-05-16,3126.942
2025-05-19,3141.197
2025-05-20,3138.848
2025-05-21,3105.751
2025-05-22,3091.649
2025-05-23,3093.384
2025-05-26,3113.316
2025-05-27,3138.252
2025-05-28,3127.266
2025-05-29,3134.118
2025-05-30,3140.409
2025-06-02,3164.391
2025-06-03,3179.402
2025-06-04,3196.165
2025-06-05,3201.102
2025-06-06,3199.224
2025-06-09,3194.645
2025-06-10,3189.065
2025-06-11,3195.92
2025-06-12,3202.383
2025-06-13,3166.126
2025-06-16,3208.44
2025-06-17,3183.752
2025-06-18,3190.692
2025-06-19,3173.68
2025-06-20,3174.601
2025-06-23,3179.435
2025-06-24,3233.831
2025-06-25,3214.777
2025-06-26,3246.297
2025-06-27,3270.729
2025-06-30,3297.132
2025-07-01,3280.343
2025-07-02,3281.263
2025-07-03,3304.451
2025-07-04,3302.501
2025-07-07,3290.919
2025-07-08,3274.41
2025-07-09,3293.343
2025-07-10,3282.626
2025-07-11,3259.651
2025-07-14,3269.17
2025-07-15,3248.206
2025-07-16,3251.721
2025-07-17,3280.164
2025-07-18,3310.287
2025-07-21,3299.395
2025-07-22,3299.224
2025-07-23,3338.222
2025-07-24,3349.608
2025-07-25,3357.645
2025-07-28,3349.432
2025-07-29,3337.505
2025-07-30,3340.261
2025-07-31,3319.707
2025-08-01,3287.158
2025-08-04,3333.527
2025-08-05,3330.14
2025-08-06,3340.995
2025-08-07,3343.179
2025-08-08,3316.852
2025-08-11,3291.926
2025-08-12,3325.786
2025-08-13,3347.076
2025-08-14,3324.805
2025-08-15,3336.5
2025-08-18,3348.247
2025-08-19,3329.236
2025-08-20,3316.816
2025-08-21,3308.341
2025-08-22,3364.586
2025-08-25,3342.446
2025-08-26,3344.126
2025-08-27,3348.275
2025-08-28,3382.458
2025-08-29,3364.792
2025-09-01,3366.322
2025-09-02,3333.03
2025-09-03,3332.521
2025-09-04,3342.91
2025-09-05,3371.684
2025-09-08,3388.471
2025-09-09,3388.824
2025-09-10,3392.346
2025-09-11,3426.768
2025-09-12,3417.03
2025-09-15,3436.804
2025-09-16,3424.45
2025-09-17,3418.246
2025-09-18,3432.692
2025-09-19,3432.61
2025-09-22,3447.85
2025-09-23,3434.72
2025-09-24,3403.235
2025-09-25,3376.982
2025-09-26,3388.573
2025-09-29,3404.863
2025-09-30,3401.65
2025-10-01,3403.497
2025-10-02,3421.191
2025-10-03,3428.936
2025-10-06,3445.288
2025-10-07,3420.246
2025-10-08,3447.468
2025-10-09,3430.879
2025-10-10,3356.027
2025-10-13,3385.0
2025-10-14,3382.695
2025-10-15,3406.026
2025-10-16,3399.684
2025-10-17,3373.441
2025-10-20,3416.038
2025-10-21,3422.294
2025-10-22,3400.396
2025-10-23,3433.49
2025-10-24,3452.719
2025-10-27,3476.019
2025-10-28,3463.079
2025-10-29,3446.386
2025-10-30,3402.566
2025-10-31,3432.137
2025-11-03,3431.46
2025-11-04,3375.667
2025-11-05,3380.594
2025-11-06,3351.121
2025-11-07,3365.561
2025-11-10,3405.11
2025-11-11,3411.955
2025-11-12,3420.077
2025-11-13,3362.232
2025-11-14,3344.623
2025-11-17,3293.306
2025-11-18,3257.126
2025-11-19,3258.0
2025-11-20,3219.958
2025-11-21,3227.653
2025-11-24,3262.454
2025-11-25,3295.44
2025-11-26,3329.844
2025-11-27,3340.536
2025-11-28,3373.076
2025-12-01,3345.891
2025-12-02,3351.282
2025-12-03,3369.385
2025-12-04,3398.56
2025-12-05,3399.534
2025-12-08,3398.818
2025-12-09,3383.269
2025-12-10,3400.433
2025-12-11,3427.509
2025-12-12,3383.318
2025-12-15,3371.151
2025-12-16,3355.268
2025-12-17,3325.471
2025-12-18,3352.227
2025-12-19,3387.292
2025-12-22,3432.072
2025-12-23,3431.048
2025-12-24,3432.997
2025-12-25,3432.488
2025-12-26,3426.469
2025-12-29,3415.467
2025-12-30,3408.741
2025-12-31,3385.541
2026-01-01,3385.701
2026-01-02,3408.861
2026-01-05,3452.371
2026-01-06,3500.369
2026-01-07,3501.644
2026-01-08,3466.374
2026-01-09,3482.524
2026-01-12,3500.978
2026-01-13,3507.191
2026-01-14,3499.392
2026-01-15,3508.382
2026-01-16,3514.138
2026-01-19,3510.222
2026-01-20,3483.619
2026-01-21,3501.889
2026-01-22,3523.061
2026-01-23,3524.872
2026-01-26,3547.688
2026-01-27,3567.112
2026-01-28,3555.41
2026-01-29,3511.701
2026-01-30,3457.702
2026-02-02,3444.717
2026-02-03,3452.601
2026-02-04,3413.753
2026-02-05,3359.515
2026-02-06,3433.573
2026-02-09,3508.043
2026-02-10,3530.766
2026-02-11,3525.49
2026-02-12,3456.284
2026-02-13,3459.277
2026-02-16,3459.915
2026-02-17,3456.167
2026-02-18,3502.746
2026-02-19,3505.753
2026-02-20,3521.413
2026-02-23,3480.938
2026-02-24,3511.232
2026-02-25,3552.281
2026-02-26,3571.529
2026-02-27,3562.649
2026-03-02,3547.017
2026-03-03,3454.046
2026-03-04,3475.035
2026-03-05,3439.386
2026-03-06,3390.035
2026-03-09,3390.815
2026-03-10,3416.579
2026-03-11,3406.897
2026-03-12,3350.503
2026-03-13,3317.307
2026-03-16,3351.603
2026-03-17,3373.739
2026-03-18,3360.581
2026-03-19,3330.468
2026-03-20,3263.165
2026-03-23,3278.274
2026-03-24,3288.526
2026-03-25,3338.641
2026-03-26,3259.053
2026-03-27,3209.597
2026-03-30,3166.211
2026-03-31,3247.061
2026-04-01,3332.443
2026-04-02,3325.103
2026-04-03,3335.65
2026-04-06,3340.328
2026-04-07,3324.156
2026-04-08,3475.32
2026-04-09,3453.471
2026-04-10,3474.14
2026-04-13,3501.93
2026-04-14,3572.426
2026-04-15,3578.173
2026-04-16,3592.429
2026-04-17,3648.431
2026-04-20,3653.456
2026-04-21,3626.205
2026-04-22,3627.361
2026-04-23,3596.546
2026-04-24,3595.979
2026-04-27,3595.9
2026-04-28,3532.488
2026-04-29,3527.308
2026-04-30,3609.505
2026-05-01,3630.823
2026-05-04,3625.328
2026-05-05,3655.401
2026-05-06,3728.333
2026-05-07,3725.535
2026-05-08,3717.817
2026-05-11,3758.235
2026-05-12,3723.664
2026-05-13,3737.736
2026-05-14,3735.728
2026-05-15,3655.399
2026-05-18,3623.01
2026-05-19,3597.465
2026-05-20,3646.087
2026-05-21,3678.121
2026-05-22,3718.715
2026-05-25,3760.182
2026-05-26,3766.785
2026-05-27,3751.628
2026-05-28,3765.568
2026-05-29,3804.585
2026-06-01,3772.957
2026-06-02,3803.979
2026-06-03,3774.236
2026-06-04,3774.781
2026-06-05,3660.059
2026-06-08,3656.509
2026-06-09,3643.065
2026-06-10,3589.349
2026-06-11,3653.272
2026-06-12,3690.766
2026-06-15,3772.552
2026-06-16,3731.494
2026-06-17,3720.216
2026-06-18,3745.251
2026-06-19,3736.69
2026-06-22,3770.465
2026-06-23,3680.782
2026-06-24,3689.481
2026-06-25,3711.296
2026-06-26,3662.378
2026-06-29,3715.351
2026-06-30,3761.353
2026-07-01,3737.078
2026-07-02,3718.35
2026-07-03,3738.362
2026-07-06,3752.894
2026-07-07,3683.231
2026-07-08,3643.868
2026-07-09,3695.983
2026-07-10,3681.953
2026-07-13,3639.431
2026-07-14,3666.207
2026-07-15,3652.092
2026-07-16,3605.755
2026-07-17,3573.637
2026-07-20,3568.883
2026-07-21,3619.301
2026-07-22,3607.159
2026-07-23,3583.202
2026-07-24,3548.397
2026-07-27,3566.458
2026-07-28,3539.241
2026-07-29,3503.807
2026-07-30,3574.871
2026-07-31,3585.823
2026-08-03,3634.587
2026-08-04,3720.022
2026-08-05,3729.755
2026-08-06,3698.801
2026-08-07,3764.177
2026-08-10,3757.727
2026-08-11,3767.92
2026-08-12,3811.785
2026-08-13,3821.669
2026-08-14,3830.835
2026-08-17,3838.125
2026-08-18,3755.093
2026-08-19,3747.383
2026-08-20,3737.432
2026-08-21,3757.422
2026-08-24,3725.164
2026-08-25,3751.421
2026-08-26,3750.608
2026-08-27,3770.351
2026-08-28,3726.921
2026-08-31,3709.078
2026-09-01,3645.404
2026-09-02,3634.184
2026-09-03,3669.855
2026-09-04,3683.413
2026-09-07,3696.313
2026-09-08,3692.423
2026-09-09,3661.657
2026-09-10,3603.962
2026-09-11,3625.778
2026-09-14,3566.91
2026-09-15,3547.386
2026-09-16,3567.052
2026-09-17,3591.636
2026-09-18,3588.157
2026-09-21,3636.079
2026-09-22,3661.639
2026-09-23,3628.175
2026-09-24,3617.256
2026-09-25,3638.172
2026-09-28,3596.789
2026-09-29,3598.52
2026-09-30,3597.103
