Date,WORLD MID GROWTH Mid Cap
2001-01-01,642.731
2001-01-02,614.1
2001-01-03,630.239
2001-01-04,623.419
2001-01-05,606.488
2001-01-08,599.284
2001-01-09,600.933
2001-01-10,612.693
2001-01-11,626.41
2001-01-12,633.906
2001-01-15,634.18
2001-01-16,632.639
2001-01-17,642.514
2001-01-18,650.552
2001-01-19,651.942
2001-01-22,651.386
2001-01-23,662.653
2001-01-24,662.257
2001-01-25,657.464
2001-01-26,659.066
2001-01-29,667.001
2001-01-30,670.007
2001-01-31,670.049
2001-02-01,669.602
2001-02-02,655.132
2001-02-05,650.591
2001-02-06,655.883
2001-02-07,647.0
2001-02-08,640.598
2001-02-09,633.08
2001-02-12,633.706
2001-02-13,626.065
2001-02-14,626.283
2001-02-15,632.981
2001-02-16,622.015
2001-02-19,619.772
2001-02-20,606.61
2001-02-21,597.171
2001-02-22,589.101
2001-02-23,590.01
2001-02-26,600.669
2001-02-27,592.236
2001-02-28,580.745
2001-03-01,576.106
2001-03-02,570.809
2001-03-05,568.88
2001-03-06,582.485
2001-03-07,585.146
2001-03-08,577.957
2001-03-09,564.125
2001-03-12,539.24
2001-03-13,536.775
2001-03-14,527.009
2001-03-15,524.126
2001-03-16,510.326
2001-03-19,519.455
2001-03-20,514.255
2001-03-21,503.995
2001-03-22,493.515
2001-03-23,510.845
2001-03-26,523.72
2001-03-27,529.661
2001-03-28,517.425
2001-03-29,509.117
2001-03-30,511.057
2001-04-02,499.02
2001-04-03,479.892
2001-04-04,479.77
2001-04-05,503.059
2001-04-06,498.33
2001-04-09,501.949
2001-04-10,516.742
2001-04-11,519.464
2001-04-12,532.383
2001-04-13,532.536
2001-04-16,526.633
2001-04-17,529.302
2001-04-18,554.721
2001-04-19,569.983
2001-04-20,567.292
2001-04-23,552.883
2001-04-24,548.38
2001-04-25,557.552
2001-04-26,563.494
2001-04-27,568.4
2001-04-30,577.037
2001-05-01,584.393
2001-05-02,589.993
2001-05-03,578.792
2001-05-04,584.506
2001-05-07,582.336
2001-05-08,581.872
2001-05-09,575.912
2001-05-10,573.733
2001-05-11,569.255
2001-05-14,562.81
2001-05-15,565.246
2001-05-16,576.671
2001-05-17,587.341
2001-05-18,587.533
2001-05-21,603.572
2001-05-22,605.527
2001-05-23,593.709
2001-05-24,596.063
2001-05-25,593.359
2001-05-28,593.161
2001-05-29,581.896
2001-05-30,566.498
2001-05-31,570.017
2001-06-01,574.8
2001-06-04,576.182
2001-06-05,586.707
2001-06-06,581.985
2001-06-07,586.621
2001-06-08,581.29
2001-06-11,569.273
2001-06-12,564.969
2001-06-13,562.45
2001-06-14,549.639
2001-06-15,547.747
2001-06-18,539.892
2001-06-19,539.43
2001-06-20,542.465
2001-06-21,545.079
2001-06-22,541.462
2001-06-25,541.937
2001-06-26,541.067
2001-06-27,541.11
2001-06-28,545.501
2001-06-29,554.514
2001-07-02,551.386
2001-07-03,547.773
2001-07-04,545.525
2001-07-05,535.3
2001-07-06,522.318
2001-07-09,521.52
2001-07-10,517.19
2001-07-11,514.085
2001-07-12,525.307
2001-07-13,526.457
2001-07-16,518.081
2001-07-17,519.457
2001-07-18,516.494
2001-07-19,520.07
2001-07-20,519.499
2001-07-23,512.696
2001-07-24,506.799
2001-07-25,511.151
2001-07-26,517.77
2001-07-27,523.005
2001-07-30,520.916
2001-07-31,523.456
2001-08-01,528.666
2001-08-02,532.886
2001-08-03,530.238
2001-08-06,525.059
2001-08-07,522.09
2001-08-08,513.25
2001-08-09,510.016
2001-08-10,509.735
2001-08-13,513.088
2001-08-14,513.89
2001-08-15,512.134
2001-08-16,507.305
2001-08-17,500.849
2001-08-20,498.135
2001-08-21,494.132
2001-08-22,499.043
2001-08-23,496.641
2001-08-24,505.057
2001-08-27,506.13
2001-08-28,498.913
2001-08-29,496.283
2001-08-30,488.201
2001-08-31,488.364
2001-09-03,484.749
2001-09-04,481.9
2001-09-05,473.872
2001-09-06,464.841
2001-09-07,460.873
2001-09-10,456.305
2001-09-11,450.057
2001-09-12,444.427
2001-09-13,445.909
2001-09-14,442.914
2001-09-17,422.222
2001-09-18,413.975
2001-09-19,410.18
2001-09-20,398.074
2001-09-21,387.779
2001-09-24,399.04
2001-09-25,403.958
2001-09-26,401.199
2001-09-27,403.705
2001-09-28,413.304
2001-10-01,407.917
2001-10-02,411.167
2001-10-03,422.372
2001-10-04,429.769
2001-10-05,430.232
2001-10-08,429.708
2001-10-09,428.77
2001-10-10,438.045
2001-10-11,450.182
2001-10-12,450.547
2001-10-15,448.375
2001-10-16,453.493
2001-10-17,448.279
2001-10-18,442.518
2001-10-19,444.567
2001-10-22,448.431
2001-10-23,451.693
2001-10-24,455.479
2001-10-25,462.208
2001-10-26,463.96
2001-10-29,455.213
2001-10-30,445.605
2001-10-31,448.271
2001-11-01,454.386
2001-11-02,454.414
2001-11-05,461.637
2001-11-06,467.57
2001-11-07,468.255
2001-11-08,466.666
2001-11-09,466.611
2001-11-12,465.097
2001-11-13,472.545
2001-11-14,475.148
2001-11-15,476.626
2001-11-16,479.105
2001-11-19,484.822
2001-11-20,477.403
2001-11-21,474.056
2001-11-22,475.263
2001-11-23,478.138
2001-11-26,485.754
2001-11-27,485.63
2001-11-28,477.21
2001-11-29,479.874
2001-11-30,481.153
2001-12-03,475.387
2001-12-04,484.553
2001-12-05,500.397
2001-12-06,502.254
2001-12-07,496.38
2001-12-10,488.97
2001-12-11,489.9
2001-12-12,490.298
2001-12-13,481.063
2001-12-14,480.594
2001-12-17,485.435
2001-12-18,488.696
2001-12-19,484.807
2001-12-20,477.97
2001-12-21,479.52
2001-12-24,479.258
2001-12-25,479.238
2001-12-26,481.526
2001-12-27,487.099
2001-12-28,491.748
2001-12-31,489.3
2002-01-01,489.3
2002-01-02,490.148
2002-01-03,496.769
2002-01-04,501.376
2002-01-07,496.982
2002-01-08,495.248
2002-01-09,493.694
2002-01-10,491.832
2002-01-11,488.731
2002-01-14,481.503
2002-01-15,481.712
2002-01-16,471.448
2002-01-17,475.837
2002-01-18,472.145
2002-01-21,471.589
2002-01-22,466.356
2002-01-23,472.642
2002-01-24,475.766
2002-01-25,474.191
2002-01-28,475.088
2002-01-29,468.384
2002-01-30,468.801
2002-01-31,472.094
2002-02-01,469.721
2002-02-04,460.012
2002-02-05,455.928
2002-02-06,452.788
2002-02-07,449.093
2002-02-08,456.208
2002-02-11,463.339
2002-02-12,463.808
2002-02-13,466.198
2002-02-14,465.528
2002-02-15,461.359
2002-02-18,460.334
2002-02-19,450.488
2002-02-20,452.172
2002-02-21,448.759
2002-02-22,449.271
2002-02-25,454.515
2002-02-26,457.384
2002-02-27,458.114
2002-02-28,455.887
2002-03-01,465.431
2002-03-04,481.693
2002-03-05,480.376
2002-03-06,485.713
2002-03-07,488.701
2002-03-08,493.829
2002-03-11,495.114
2002-03-12,489.139
2002-03-13,484.841
2002-03-14,486.478
2002-03-15,490.188
2002-03-18,493.225
2002-03-19,494.873
2002-03-20,489.66
2002-03-21,491.482
2002-03-22,487.49
2002-03-25,480.185
2002-03-26,481.131
2002-03-27,484.709
2002-03-28,487.644
2002-03-29,487.246
2002-04-01,488.741
2002-04-02,482.725
2002-04-03,478.955
2002-04-04,478.836
2002-04-05,477.483
2002-04-08,477.635
2002-04-09,474.401
2002-04-10,478.128
2002-04-11,472.034
2002-04-12,474.417
2002-04-15,476.323
2002-04-16,485.557
2002-04-17,487.096
2002-04-18,486.594
2002-04-19,486.493
2002-04-22,482.35
2002-04-23,480.395
2002-04-24,477.925
2002-04-25,477.785
2002-04-26,472.65
2002-04-29,468.967
2002-04-30,473.509
2002-05-01,475.719
2002-05-02,472.531
2002-05-03,468.929
2002-05-06,464.785
2002-05-07,460.676
2002-05-08,475.781
2002-05-09,470.765
2002-05-10,465.871
2002-05-13,470.592
2002-05-14,477.487
2002-05-15,480.097
2002-05-16,479.55
2002-05-17,483.722
2002-05-20,480.08
2002-05-21,475.072
2002-05-22,475.086
2002-05-23,477.427
2002-05-24,474.246
2002-05-27,473.549
2002-05-28,473.679
2002-05-29,471.197
2002-05-30,471.267
2002-05-31,471.279
2002-06-03,462.4
2002-06-04,460.686
2002-06-05,461.934
2002-06-06,457.193
2002-06-07,456.51
2002-06-10,456.68
2002-06-11,450.958
2002-06-12,448.799
2002-06-13,443.536
2002-06-14,441.021
2002-06-17,450.172
2002-06-18,450.14
2002-06-19,443.952
2002-06-20,438.282
2002-06-21,432.871
2002-06-24,432.14
2002-06-25,427.213
2002-06-26,425.775
2002-06-27,430.517
2002-06-28,435.383
2002-07-01,425.895
2002-07-02,414.266
2002-07-03,414.052
2002-07-04,414.595
2002-07-05,429.936
2002-07-08,425.107
2002-07-09,418.068
2002-07-10,406.598
2002-07-11,405.173
2002-07-12,406.047
2002-07-15,403.224
2002-07-16,400.545
2002-07-17,404.233
2002-07-18,399.226
2002-07-19,388.205
2002-07-22,375.93
2002-07-23,366.914
2002-07-24,376.872
2002-07-25,373.333
2002-07-26,371.882
2002-07-29,388.227
2002-07-30,392.166
2002-07-31,388.84
2002-08-01,377.016
2002-08-02,369.609
2002-08-05,358.273
2002-08-06,365.322
2002-08-07,369.344
2002-08-08,377.489
2002-08-09,380.166
2002-08-12,378.174
2002-08-13,372.837
2002-08-14,383.082
2002-08-15,390.457
2002-08-16,394.167
2002-08-19,400.815
2002-08-20,395.921
2002-08-21,401.268
2002-08-22,407.077
2002-08-23,400.119
2002-08-26,401.491
2002-08-27,396.794
2002-08-28,387.607
2002-08-29,387.672
2002-08-30,386.44
2002-09-02,384.909
2002-09-03,373.602
2002-09-04,377.451
2002-09-05,372.271
2002-09-06,380.017
2002-09-09,381.114
2002-09-10,385.095
2002-09-11,386.808
2002-09-12,379.176
2002-09-13,377.858
2002-09-16,375.623
2002-09-17,371.23
2002-09-18,369.313
2002-09-19,360.587
2002-09-20,360.259
2002-09-23,352.827
2002-09-24,347.723
2002-09-25,356.337
2002-09-26,361.632
2002-09-27,359.128
2002-09-30,353.221
2002-10-01,357.658
2002-10-02,354.078
2002-10-03,349.42
2002-10-04,342.377
2002-10-07,335.093
2002-10-08,337.533
2002-10-09,333.083
2002-10-10,339.097
2002-10-11,351.656
2002-10-14,354.555
2002-10-15,369.486
2002-10-16,362.676
2002-10-17,373.169
2002-10-18,373.775
2002-10-21,380.102
2002-10-22,374.077
2002-10-23,376.058
2002-10-24,373.343
2002-10-25,377.83
2002-10-28,377.138
2002-10-29,371.349
2002-10-30,376.716
2002-10-31,377.214
2002-11-01,382.804
2002-11-04,389.119
2002-11-05,390.208
2002-11-06,394.181
2002-11-07,386.997
2002-11-08,381.534
2002-11-11,372.9
2002-11-12,377.767
2002-11-13,377.07
2002-11-14,384.32
2002-11-15,387.097
2002-11-18,385.753
2002-11-19,382.625
2002-11-20,388.871
2002-11-21,398.737
2002-11-22,399.631
2002-11-25,400.17
2002-11-26,391.577
2002-11-27,401.332
2002-11-28,404.049
2002-11-29,403.395
2002-12-02,403.075
2002-12-03,396.566
2002-12-04,392.488
2002-12-05,388.996
2002-12-06,389.84
2002-12-09,379.891
2002-12-10,383.836
2002-12-11,385.276
2002-12-12,385.758
2002-12-13,379.454
2002-12-16,385.466
2002-12-17,383.708
2002-12-18,377.368
2002-12-19,375.815
2002-12-20,380.028
2002-12-23,382.223
2002-12-24,381.382
2002-12-25,381.293
2002-12-26,381.761
2002-12-27,376.358
2002-12-30,376.959
2002-12-31,378.604
2003-01-01,378.604
2003-01-02,388.148
2003-01-03,388.871
2003-01-06,394.563
2003-01-07,392.065
2003-01-08,385.239
2003-01-09,391.261
2003-01-10,393.427
2003-01-13,392.402
2003-01-14,394.103
2003-01-15,390.188
2003-01-16,389.906
2003-01-17,384.054
2003-01-20,383.0
2003-01-21,378.144
2003-01-22,375.705
2003-01-23,380.6
2003-01-24,374.833
2003-01-27,367.39
2003-01-28,371.233
2003-01-29,372.807
2003-01-30,369.216
2003-01-31,370.86
2003-02-03,373.182
2003-02-04,368.446
2003-02-05,368.192
2003-02-06,365.683
2003-02-07,362.535
2003-02-10,363.033
2003-02-11,363.074
2003-02-12,358.045
2003-02-13,355.662
2003-02-14,359.95
2003-02-17,361.374
2003-02-18,367.783
2003-02-19,365.106
2003-02-20,364.107
2003-02-21,367.064
2003-02-24,362.055
2003-02-25,360.122
2003-02-26,357.434
2003-02-27,360.165
2003-02-28,364.227
2003-03-03,363.106
2003-03-04,358.356
2003-03-05,358.537
2003-03-06,357.581
2003-03-07,358.015
2003-03-10,350.622
2003-03-11,347.639
2003-03-12,346.414
2003-03-13,357.931
2003-03-14,360.889
2003-03-17,371.623
2003-03-18,374.316
2003-03-19,373.849
2003-03-20,376.149
2003-03-21,381.62
2003-03-24,371.06
2003-03-25,375.807
2003-03-26,376.03
2003-03-27,375.449
2003-03-28,374.318
2003-03-31,368.143
2003-04-01,369.15
2003-04-02,378.481
2003-04-03,378.073
2003-04-04,376.91
2003-04-07,380.313
2003-04-08,377.577
2003-04-09,373.354
2003-04-10,375.079
2003-04-11,374.732
2003-04-14,379.191
2003-04-15,382.64
2003-04-16,379.057
2003-04-17,385.76
2003-04-18,385.845
2003-04-21,385.381
2003-04-22,391.017
2003-04-23,393.556
2003-04-24,392.063
2003-04-25,387.066
2003-04-28,392.35
2003-04-29,394.635
2003-04-30,396.768
2003-05-01,398.29
2003-05-02,404.306
2003-05-05,406.958
2003-05-06,412.449
2003-05-07,410.826
2003-05-08,406.01
2003-05-09,410.966
2003-05-12,416.037
2003-05-13,415.526
2003-05-14,415.453
2003-05-15,418.779
2003-05-16,420.745
2003-05-19,410.389
2003-05-20,409.494
2003-05-21,410.448
2003-05-22,416.059
2003-05-23,417.18
2003-05-26,417.728
2003-05-27,425.279
2003-05-28,425.796
2003-05-29,427.651
2003-05-30,433.765
2003-06-02,434.848
2003-06-03,432.917
2003-06-04,440.161
2003-06-05,446.072
2003-06-06,446.449
2003-06-09,440.713
2003-06-10,443.384
2003-06-11,450.416
2003-06-12,450.867
2003-06-13,446.589
2003-06-16,454.045
2003-06-17,455.097
2003-06-18,453.002
2003-06-19,446.798
2003-06-20,446.917
2003-06-23,439.542
2003-06-24,436.968
2003-06-25,439.236
2003-06-26,440.656
2003-06-27,439.888
2003-06-30,438.733
2003-07-01,440.941
2003-07-02,447.57
2003-07-03,447.238
2003-07-04,446.338
2003-07-07,454.045
2003-07-08,457.944
2003-07-09,457.814
2003-07-10,451.949
2003-07-11,453.146
2003-07-14,457.892
2003-07-15,456.41
2003-07-16,452.131
2003-07-17,444.385
2003-07-18,447.208
2003-07-21,444.002
2003-07-22,447.186
2003-07-23,450.437
2003-07-24,450.843
2003-07-25,454.519
2003-07-28,456.758
2003-07-29,455.234
2003-07-30,451.263
2003-07-31,451.671
2003-08-01,450.184
2003-08-04,448.928
2003-08-05,443.544
2003-08-06,440.508
2003-08-07,442.301
2003-08-08,442.622
2003-08-11,446.403
2003-08-12,451.081
2003-08-13,452.554
2003-08-14,455.257
2003-08-15,455.643
2003-08-18,460.423
2003-08-19,463.421
2003-08-20,465.821
2003-08-21,469.961
2003-08-22,467.191
2003-08-25,465.744
2003-08-26,464.729
2003-08-27,467.034
2003-08-28,471.419
2003-08-29,475.256
2003-09-01,478.039
2003-09-02,481.206
2003-09-03,483.374
2003-09-04,484.369
2003-09-05,482.78
2003-09-08,487.989
2003-09-09,485.258
2003-09-10,476.435
2003-09-11,478.466
2003-09-12,481.029
2003-09-15,479.985
2003-09-16,485.956
2003-09-17,486.787
2003-09-18,492.648
2003-09-19,493.344
2003-09-22,487.579
2003-09-23,490.758
2003-09-24,484.763
2003-09-25,479.867
2003-09-26,474.634
2003-09-29,478.137
2003-09-30,475.05
2003-10-01,483.238
2003-10-02,487.228
2003-10-03,494.738
2003-10-06,496.772
2003-10-07,500.318
2003-10-08,498.66
2003-10-09,502.094
2003-10-10,505.437
2003-10-13,508.088
2003-10-14,509.934
2003-10-15,509.836
2003-10-16,513.233
2003-10-17,508.172
2003-10-20,510.75
2003-10-21,513.401
2003-10-22,507.309
2003-10-23,502.081
2003-10-24,502.283
2003-10-27,505.231
2003-10-28,512.754
2003-10-29,516.316
2003-10-30,516.569
2003-10-31,515.03
2003-11-03,517.745
2003-11-04,518.934
2003-11-05,518.82
2003-11-06,519.371
2003-11-07,520.901
2003-11-10,516.845
2003-11-11,512.788
2003-11-12,519.775
2003-11-13,522.827
2003-11-14,517.68
2003-11-17,509.493
2003-11-18,507.685
2003-11-19,506.642
2003-11-20,505.187
2003-11-21,507.104
2003-11-24,514.557
2003-11-25,516.964
2003-11-26,522.516
2003-11-27,522.768
2003-11-28,524.375
2003-12-01,530.777
2003-12-02,531.332
2003-12-03,529.055
2003-12-04,527.739
2003-12-05,524.147
2003-12-08,524.99
2003-12-09,519.786
2003-12-10,515.461
2003-12-11,521.171
2003-12-12,524.301
2003-12-15,522.402
2003-12-16,520.13
2003-12-17,521.329
2003-12-18,527.894
2003-12-19,526.819
2003-12-22,528.631
2003-12-23,531.767
2003-12-24,532.378
2003-12-25,532.528
2003-12-26,533.469
2003-12-29,539.043
2003-12-30,540.875
2003-12-31,541.842
2004-01-01,541.842
2004-01-02,542.3
2004-01-05,549.843
2004-01-06,551.889
2004-01-07,551.872
2004-01-08,556.384
2004-01-09,557.669
2004-01-12,559.361
2004-01-13,556.316
2004-01-14,559.508
2004-01-15,559.636
2004-01-16,563.758
2004-01-19,564.626
2004-01-20,569.173
2004-01-21,570.184
2004-01-22,568.383
2004-01-23,567.347
2004-01-26,568.65
2004-01-27,567.405
2004-01-28,562.851
2004-01-29,557.819
2004-01-30,559.332
2004-02-02,560.072
2004-02-03,561.003
2004-02-04,555.312
2004-02-05,557.848
2004-02-06,567.915
2004-02-09,568.785
2004-02-10,570.357
2004-02-11,574.332
2004-02-12,576.217
2004-02-13,573.373
2004-02-16,573.878
2004-02-17,580.231
2004-02-18,579.047
2004-02-19,574.207
2004-02-20,568.262
2004-02-23,564.298
2004-02-24,563.739
2004-02-25,564.595
2004-02-26,565.849
2004-02-27,567.552
2004-03-01,576.051
2004-03-02,572.764
2004-03-03,568.994
2004-03-04,572.489
2004-03-05,577.135
2004-03-08,571.279
2004-03-09,567.064
2004-03-10,557.567
2004-03-11,549.913
2004-03-12,554.809
2004-03-15,546.621
2004-03-16,551.509
2004-03-17,558.178
2004-03-18,559.214
2004-03-19,556.03
2004-03-22,547.611
2004-03-23,546.94
2004-03-24,546.294
2004-03-25,555.781
2004-03-26,556.347
2004-03-29,564.031
2004-03-30,565.856
2004-03-31,568.6
2004-04-01,574.114
2004-04-02,579.114
2004-04-05,581.671
2004-04-06,579.805
2004-04-07,580.741
2004-04-08,580.375
2004-04-09,579.479
2004-04-12,582.092
2004-04-13,574.656
2004-04-14,569.756
2004-04-15,566.901
2004-04-16,569.524
2004-04-19,570.954
2004-04-20,566.16
2004-04-21,565.984
2004-04-22,572.703
2004-04-23,573.566
2004-04-26,572.66
2004-04-27,571.874
2004-04-28,562.18
2004-04-29,557.07
2004-04-30,551.172
2004-05-03,555.048
2004-05-04,558.836
2004-05-05,562.223
2004-05-06,553.93
2004-05-07,544.434
2004-05-10,529.617
2004-05-11,535.953
2004-05-12,536.344
2004-05-13,535.524
2004-05-14,532.152
2004-05-17,525.884
2004-05-18,531.6
2004-05-19,538.832
2004-05-20,534.699
2004-05-21,540.288
2004-05-24,543.018
2004-05-25,549.451
2004-05-26,552.875
2004-05-27,559.047
2004-05-28,561.194
2004-05-31,561.47
2004-06-01,560.393
2004-06-02,560.734
2004-06-03,554.657
2004-06-04,558.57
2004-06-07,569.697
2004-06-08,569.837
2004-06-09,562.719
2004-06-10,564.275
2004-06-11,562.046
2004-06-14,555.57
2004-06-15,559.754
2004-06-16,562.056
2004-06-17,561.054
2004-06-18,562.194
2004-06-21,561.05
2004-06-22,562.546
2004-06-23,566.534
2004-06-24,569.999
2004-06-25,571.977
2004-06-28,572.185
2004-06-29,571.844
2004-06-30,574.31
2004-07-01,570.128
2004-07-02,567.945
2004-07-05,565.604
2004-07-06,558.75
2004-07-07,560.924
2004-07-08,556.723
2004-07-09,559.133
2004-07-12,557.957
2004-07-13,556.0
2004-07-14,553.917
2004-07-15,552.504
2004-07-16,552.267
2004-07-19,551.211
2004-07-20,553.388
2004-07-21,545.742
2004-07-22,544.453
2004-07-23,537.76
2004-07-26,532.097
2004-07-27,534.274
2004-07-28,533.598
2004-07-29,537.449
2004-07-30,539.574
2004-08-02,539.604
2004-08-03,536.016
2004-08-04,531.99
2004-08-05,527.751
2004-08-06,521.509
2004-08-09,519.606
2004-08-10,526.348
2004-08-11,521.489
2004-08-12,516.882
2004-08-13,517.726
2004-08-16,523.264
2004-08-17,525.505
2004-08-18,530.377
2004-08-19,531.944
2004-08-20,534.035
2004-08-23,533.334
2004-08-24,531.388
2004-08-25,535.382
2004-08-26,537.164
2004-08-27,539.155
2004-08-30,534.622
2004-08-31,536.563
2004-09-01,540.535
2004-09-02,544.552
2004-09-03,540.39
2004-09-06,542.835
2004-09-07,546.039
2004-09-08,545.348
2004-09-09,546.63
2004-09-10,552.77
2004-09-13,556.675
2004-09-14,558.362
2004-09-15,551.0
2004-09-16,553.594
2004-09-17,556.048
2004-09-20,554.933
2004-09-21,560.366
2004-09-22,554.976
2004-09-23,554.614
2004-09-24,554.614
2004-09-27,550.046
2004-09-28,551.767
2004-09-29,554.338
2004-09-30,557.951
2004-10-01,566.683
2004-10-04,570.223
2004-10-05,569.897
2004-10-06,571.976
2004-10-07,568.366
2004-10-08,566.736
2004-10-11,566.577
2004-10-12,561.621
2004-10-13,559.558
2004-10-14,557.541
2004-10-15,559.49
2004-10-18,561.374
2004-10-19,562.043
2004-10-20,563.091
2004-10-21,569.442
2004-10-22,566.766
2004-10-25,565.587
2004-10-26,569.266
2004-10-27,576.797
2004-10-28,578.324
2004-10-29,579.353
2004-11-01,580.505
2004-11-02,583.308
2004-11-03,588.835
2004-11-04,593.907
2004-11-05,598.835
2004-11-08,597.21
2004-11-09,596.829
2004-11-10,597.554
2004-11-11,601.926
2004-11-12,609.014
2004-11-15,610.38
2004-11-16,607.943
2004-11-17,613.749
2004-11-18,613.746
2004-11-19,611.643
2004-11-22,612.073
2004-11-23,613.777
2004-11-24,619.103
2004-11-25,622.362
2004-11-26,622.075
2004-11-29,622.633
2004-11-30,620.033
2004-12-01,625.667
2004-12-02,625.674
2004-12-03,628.589
2004-12-06,628.439
2004-12-07,623.479
2004-12-08,619.629
2004-12-09,619.675
2004-12-10,619.394
2004-12-13,625.374
2004-12-14,628.379
2004-12-15,632.571
2004-12-16,629.128
2004-12-17,628.947
2004-12-20,631.561
2004-12-21,634.196
2004-12-22,635.718
2004-12-23,637.964
2004-12-24,639.816
2004-12-27,639.745
2004-12-28,643.412
2004-12-29,643.108
2004-12-30,645.993
2004-12-31,646.443
2005-01-03,639.542
2005-01-04,630.35
2005-01-05,625.055
2005-01-06,624.776
2005-01-07,623.277
2005-01-10,625.331
2005-01-11,623.985
2005-01-12,628.301
2005-01-13,626.252
2005-01-14,628.718
2005-01-17,630.449
2005-01-18,632.621
2005-01-19,629.665
2005-01-20,624.646
2005-01-21,622.905
2005-01-24,621.227
2005-01-25,620.98
2005-01-26,627.425
2005-01-27,628.623
2005-01-28,625.482
2005-01-31,631.564
2005-02-01,633.808
2005-02-02,637.342
2005-02-03,635.442
2005-02-04,642.874
2005-02-07,641.251
2005-02-08,640.058
2005-02-09,634.493
2005-02-10,637.908
2005-02-11,644.063
2005-02-14,646.893
2005-02-15,649.331
2005-02-16,648.039
2005-02-17,646.925
2005-02-18,647.696
2005-02-21,647.025
2005-02-22,643.003
2005-02-23,642.659
2005-02-24,647.514
2005-02-25,654.195
2005-02-28,653.697
2005-03-01,656.067
2005-03-02,654.573
2005-03-03,654.559
2005-03-04,661.63
2005-03-07,662.849
2005-03-08,661.896
2005-03-09,657.561
2005-03-10,655.331
2005-03-11,655.559
2005-03-14,655.732
2005-03-15,654.047
2005-03-16,650.906
2005-03-17,650.11
2005-03-18,649.156
2005-03-21,646.687
2005-03-22,645.263
2005-03-23,638.24
2005-03-24,639.309
2005-03-25,639.322
2005-03-28,637.853
2005-03-29,632.773
2005-03-30,637.766
2005-03-31,641.898
2005-04-01,641.301
2005-04-04,637.675
2005-04-05,641.542
2005-04-06,643.64
2005-04-07,647.542
2005-04-08,644.26
2005-04-11,645.513
2005-04-12,645.147
2005-04-13,641.091
2005-04-14,632.648
2005-04-15,622.204
2005-04-18,619.192
2005-04-19,626.763
2005-04-20,622.02
2005-04-21,628.89
2005-04-22,628.753
2005-04-25,631.67
2005-04-26,626.047
2005-04-27,622.471
2005-04-28,614.789
2005-04-29,617.959
2005-05-02,619.993
2005-05-03,620.323
2005-05-04,627.706
2005-05-05,628.359
2005-05-06,629.0
2005-05-09,630.676
2005-05-10,626.787
2005-05-11,626.579
2005-05-12,620.963
2005-05-13,618.502
2005-05-16,620.162
2005-05-17,622.154
2005-05-18,629.243
2005-05-19,632.988
2005-05-20,632.048
2005-05-23,636.024
2005-05-24,636.913
2005-05-25,634.563
2005-05-26,637.828
2005-05-27,638.923
2005-05-30,639.438
2005-05-31,637.762
2005-06-01,641.526
2005-06-02,644.414
2005-06-03,643.767
2005-06-06,644.591
2005-06-07,645.633
2005-06-08,645.925
2005-06-09,646.172
2005-06-10,645.271
2005-06-13,645.552
2005-06-14,647.523
2005-06-15,650.051
2005-06-16,654.54
2005-06-17,659.661
2005-06-20,657.482
2005-06-21,657.089
2005-06-22,657.924
2005-06-23,654.313
2005-06-24,649.657
2005-06-27,648.563
2005-06-28,653.612
2005-06-29,654.241
2005-06-30,652.487
2005-07-01,652.073
2005-07-04,651.696
2005-07-05,655.637
2005-07-06,655.656
2005-07-07,653.661
2005-07-08,659.699
2005-07-11,666.812
2005-07-12,670.49
2005-07-13,667.925
2005-07-14,667.858
2005-07-15,667.802
2005-07-18,667.666
2005-07-19,671.275
2005-07-20,673.955
2005-07-21,674.919
2005-07-22,678.73
2005-07-25,675.939
2005-07-26,675.895
2005-07-27,678.191
2005-07-28,683.458
2005-07-29,682.86
2005-08-01,686.416
2005-08-02,690.6
2005-08-03,692.115
2005-08-04,688.807
2005-08-05,681.568
2005-08-08,682.566
2005-08-09,684.872
2005-08-10,690.16
2005-08-11,695.022
2005-08-12,693.154
2005-08-15,692.647
2005-08-16,687.207
2005-08-17,686.112
2005-08-18,682.052
2005-08-19,683.73
2005-08-22,688.071
2005-08-23,686.463
2005-08-24,685.641
2005-08-25,685.801
2005-08-26,683.156
2005-08-29,683.293
2005-08-30,681.539
2005-08-31,691.38
2005-09-01,698.652
2005-09-02,697.971
2005-09-05,699.17
2005-09-06,703.287
2005-09-07,705.717
2005-09-08,703.432
2005-09-09,710.397
2005-09-12,709.39
2005-09-13,704.689
2005-09-14,704.882
2005-09-15,703.374
2005-09-16,705.431
2005-09-19,702.86
2005-09-20,700.683
2005-09-21,696.664
2005-09-22,694.166
2005-09-23,694.652
2005-09-26,699.33
2005-09-27,697.307
2005-09-28,700.772
2005-09-29,705.789
2005-09-30,710.08
2005-10-03,709.539
2005-10-04,707.207
2005-10-05,696.361
2005-10-06,689.934
2005-10-07,691.51
2005-10-10,687.373
2005-10-11,687.237
2005-10-12,681.044
2005-10-13,673.966
2005-10-14,681.489
2005-10-17,682.551
2005-10-18,672.778
2005-10-19,674.228
2005-10-20,670.317
2005-10-21,673.66
2005-10-24,682.129
2005-10-25,684.666
2005-10-26,682.451
2005-10-27,674.77
2005-10-28,679.578
2005-10-31,689.049
2005-11-01,691.084
2005-11-02,699.986
2005-11-03,704.44
2005-11-04,700.556
2005-11-07,701.083
2005-11-08,698.749
2005-11-09,699.296
2005-11-10,701.553
2005-11-11,704.088
2005-11-14,702.747
2005-11-15,700.534
2005-11-16,701.801
2005-11-17,711.495
2005-11-18,713.789
2005-11-21,720.026
2005-11-22,722.864
2005-11-23,726.558
2005-11-24,726.198
2005-11-25,726.572
2005-11-28,721.3
2005-11-29,722.826
2005-11-30,722.332
2005-12-01,732.172
2005-12-02,735.402
2005-12-05,735.981
2005-12-06,737.728
2005-12-07,735.022
2005-12-08,737.091
2005-12-09,741.107
2005-12-12,746.766
2005-12-13,747.312
2005-12-14,750.777
2005-12-15,746.815
2005-12-16,747.95
2005-12-19,744.044
2005-12-20,744.818
2005-12-21,747.774
2005-12-22,752.277
2005-12-23,753.454
2005-12-26,754.259
2005-12-27,749.175
2005-12-28,752.91
2005-12-29,752.506
2005-12-30,747.884
2006-01-02,748.792
2006-01-03,761.675
2006-01-04,772.698
2006-01-05,772.311
2006-01-06,781.976
2006-01-09,785.077
2006-01-10,783.899
2006-01-11,789.133
2006-01-12,787.5
2006-01-13,787.363
2006-01-16,788.393
2006-01-17,780.689
2006-01-18,774.393
2006-01-19,786.369
2006-01-20,778.386
2006-01-23,780.451
2006-01-24,784.995
2006-01-25,784.889
2006-01-26,792.425
2006-01-27,798.856
2006-01-30,798.961
2006-01-31,801.072
2006-02-01,801.661
2006-02-02,796.034
2006-02-03,791.479
2006-02-06,796.04
2006-02-07,788.519
2006-02-08,786.91
2006-02-09,787.484
2006-02-10,783.857
2006-02-13,776.764
2006-02-14,779.394
2006-02-15,781.334
2006-02-16,786.383
2006-02-17,785.331
2006-02-20,784.89
2006-02-21,786.747
2006-02-22,790.614
2006-02-23,793.236
2006-02-24,794.412
2006-02-27,797.11
2006-02-28,791.606
2006-03-01,797.677
2006-03-02,798.128
2006-03-03,795.67
2006-03-06,791.722
2006-03-07,780.38
2006-03-08,775.493
2006-03-09,779.391
2006-03-10,783.0
2006-03-13,788.506
2006-03-14,797.407
2006-03-15,802.314
2006-03-16,804.015
2006-03-17,807.127
2006-03-20,807.191
2006-03-21,801.325
2006-03-22,804.918
2006-03-23,803.6
2006-03-24,808.83
2006-03-27,809.303
2006-03-28,809.09
2006-03-29,814.085
2006-03-30,821.554
2006-03-31,818.4
2006-04-03,822.252
2006-04-04,827.376
2006-04-05,832.275
2006-04-06,835.445
2006-04-07,827.426
2006-04-10,826.807
2006-04-11,818.658
2006-04-12,816.489
2006-04-13,818.86
2006-04-14,818.678
2006-04-17,821.302
2006-04-18,831.436
2006-04-19,840.744
2006-04-20,839.474
2006-04-21,842.021
2006-04-24,838.962
2006-04-25,837.89
2006-04-26,840.221
2006-04-27,840.026
2006-04-28,839.953
2006-05-01,842.519
2006-05-02,849.494
2006-05-03,847.476
2006-05-04,855.031
2006-05-05,864.972
2006-05-08,868.448
2006-05-09,869.386
2006-05-10,867.694
2006-05-11,859.081
2006-05-12,845.666
2006-05-15,831.827
2006-05-16,827.266
2006-05-17,811.872
2006-05-18,804.458
2006-05-19,803.347
2006-05-22,787.816
2006-05-23,794.677
2006-05-24,785.968
2006-05-25,795.697
2006-05-26,805.423
2006-05-29,807.47
2006-05-30,796.214
2006-05-31,800.935
2006-06-01,807.182
2006-06-02,814.061
2006-06-05,801.076
2006-06-06,784.461
2006-06-07,776.593
2006-06-08,761.361
2006-06-09,766.267
2006-06-12,753.342
2006-06-13,734.649
2006-06-14,741.572
2006-06-15,765.958
2006-06-16,766.631
2006-06-19,758.527
2006-06-20,756.635
2006-06-21,766.425
2006-06-22,766.766
2006-06-23,768.227
2006-06-26,771.656
2006-06-27,766.409
2006-06-28,764.765
2006-06-29,783.458
2006-06-30,797.505
2006-07-03,802.892
2006-07-04,805.048
2006-07-05,792.214
2006-07-06,794.56
2006-07-07,790.105
2006-07-10,787.163
2006-07-11,787.143
2006-07-12,780.025
2006-07-13,767.095
2006-07-14,756.543
2006-07-17,747.942
2006-07-18,742.357
2006-07-19,759.997
2006-07-20,756.1
2006-07-21,745.586
2006-07-24,756.913
2006-07-25,764.923
2006-07-26,763.902
2006-07-27,768.54
2006-07-28,777.826
2006-07-31,780.943
2006-08-01,775.857
2006-08-02,785.263
2006-08-03,785.005
2006-08-04,787.172
2006-08-07,780.715
2006-08-08,778.637
2006-08-09,778.31
2006-08-10,776.29
2006-08-11,773.492
2006-08-14,775.482
2006-08-15,787.188
2006-08-16,800.34
2006-08-17,801.732
2006-08-18,801.134
2006-08-21,799.504
2006-08-22,799.521
2006-08-23,795.387
2006-08-24,793.249
2006-08-25,791.736
2006-08-28,794.754
2006-08-29,797.514
2006-08-30,801.677
2006-08-31,803.841
2006-09-01,808.898
2006-09-04,813.98
2006-09-05,813.867
2006-09-06,802.768
2006-09-07,794.39
2006-09-08,795.581
2006-09-11,790.214
2006-09-12,798.656
2006-09-13,803.278
2006-09-14,804.206
2006-09-15,803.363
2006-09-18,806.4
2006-09-19,803.216
2006-09-20,805.65
2006-09-21,805.349
2006-09-22,800.254
2006-09-25,803.112
2006-09-26,808.202
2006-09-27,814.794
2006-09-28,816.133
2006-09-29,814.978
2006-10-02,814.649
2006-10-03,808.773
2006-10-04,813.769
2006-10-05,822.749
2006-10-06,816.999
2006-10-09,819.758
2006-10-10,822.172
2006-10-11,818.671
2006-10-12,826.148
2006-10-13,829.663
2006-10-16,837.647
2006-10-17,831.442
2006-10-18,832.175
2006-10-19,836.343
2006-10-20,835.459
2006-10-23,836.908
2006-10-24,839.076
2006-10-25,842.913
2006-10-26,850.35
2006-10-27,846.455
2006-10-30,844.345
2006-10-31,846.733
2006-11-01,842.054
2006-11-02,840.731
2006-11-03,839.996
2006-11-06,848.132
2006-11-07,854.239
2006-11-08,852.673
2006-11-09,850.243
2006-11-10,854.476
2006-11-13,854.42
2006-11-14,859.077
2006-11-15,862.988
2006-11-16,863.022
2006-11-17,860.973
2006-11-20,858.914
2006-11-21,864.399
2006-11-22,873.684
2006-11-23,874.466
2006-11-24,874.041
2006-11-27,862.651
2006-11-28,861.908
2006-11-29,874.363
2006-11-30,878.725
2006-12-01,879.274
2006-12-04,886.215
2006-12-05,888.491
2006-12-06,890.303
2006-12-07,890.337
2006-12-08,890.265
2006-12-11,889.074
2006-12-12,887.705
2006-12-13,890.585
2006-12-14,895.468
2006-12-15,894.029
2006-12-18,889.762
2006-12-19,889.497
2006-12-20,892.358
2006-12-21,888.878
2006-12-22,884.589
2006-12-25,884.265
2006-12-26,884.993
2006-12-27,891.972
2006-12-28,891.99
2006-12-29,890.459
2007-01-01,890.459
2007-01-02,896.842
2007-01-03,891.679
2007-01-04,887.356
2007-01-05,879.857
2007-01-08,883.282
2007-01-09,884.678
2007-01-10,882.245
2007-01-11,888.83
2007-01-12,896.55
2007-01-15,900.71
2007-01-16,898.371
2007-01-17,899.477
2007-01-18,895.132
2007-01-19,898.833
2007-01-22,897.404
2007-01-23,903.015
2007-01-24,909.316
2007-01-25,901.601
2007-01-26,897.354
2007-01-29,898.108
2007-01-30,902.116
2007-01-31,905.574
2007-02-01,915.124
2007-02-02,918.002
2007-02-05,916.574
2007-02-06,920.082
2007-02-07,924.178
2007-02-08,921.946
2007-02-09,918.16
2007-02-12,911.874
2007-02-13,918.307
2007-02-14,931.757
2007-02-15,937.575
2007-02-16,936.09
2007-02-19,938.193
2007-02-20,939.569
2007-02-21,938.915
2007-02-22,942.326
2007-02-23,944.646
2007-02-26,944.932
2007-02-27,918.092
2007-02-28,911.806
2007-03-01,904.665
2007-03-02,896.433
2007-03-05,878.172
2007-03-06,892.042
2007-03-07,896.186
2007-03-08,906.465
2007-03-09,908.353
2007-03-12,913.172
2007-03-13,899.976
2007-03-14,891.63
2007-03-15,902.178
2007-03-16,902.654
2007-03-19,912.563
2007-03-20,919.296
2007-03-21,929.765
2007-03-22,937.21
2007-03-23,938.177
2007-03-26,937.898
2007-03-27,934.013
2007-03-28,929.206
2007-03-29,931.506
2007-03-30,931.97
2007-04-02,936.288
2007-04-03,944.277
2007-04-04,948.402
2007-04-05,951.236
2007-04-06,950.95
2007-04-09,950.068
2007-04-10,955.653
2007-04-11,951.24
2007-04-12,955.413
2007-04-13,957.52
2007-04-16,967.235
2007-04-17,966.957
2007-04-18,967.75
2007-04-19,963.043
2007-04-20,970.172
2007-04-23,971.499
2007-04-24,970.223
2007-04-25,977.483
2007-04-26,977.593
2007-04-27,975.939
2007-04-30,970.391
2007-05-01,968.672
2007-05-02,977.483
2007-05-03,977.946
2007-05-04,984.494
2007-05-07,987.897
2007-05-08,982.61
2007-05-09,988.132
2007-05-10,977.571
2007-05-11,983.289
2007-05-14,980.573
2007-05-15,978.998
2007-05-16,979.977
2007-05-17,978.831
2007-05-18,984.055
2007-05-21,986.633
2007-05-22,988.398
2007-05-23,992.227
2007-05-24,980.014
2007-05-25,982.121
2007-05-28,983.351
2007-05-29,986.954
2007-05-30,990.099
2007-05-31,1000.0
2007-06-01,1004.563
2007-06-04,1009.026
2007-06-05,1005.418
2007-06-06,992.293
2007-06-07,976.196
2007-06-08,977.229
2007-06-11,982.25
2007-06-12,974.679
2007-06-13,981.734
2007-06-14,991.824
2007-06-15,1002.273
2007-06-18,1002.882
2007-06-19,1001.881
2007-06-20,998.353
2007-06-21,999.531
2007-06-22,993.809
2007-06-25,987.256
2007-06-26,982.6
2007-06-27,984.928
2007-06-28,990.905
2007-06-29,994.101
2007-07-02,1004.993
2007-07-03,1009.114
2007-07-04,1012.096
2007-07-05,1012.567
2007-07-06,1018.669
2007-07-09,1021.873
2007-07-10,1015.707
2007-07-11,1018.406
2007-07-12,1030.407
2007-07-13,1035.646
2007-07-16,1032.834
2007-07-17,1031.094
2007-07-18,1028.008
2007-07-19,1036.681
2007-07-20,1029.993
2007-07-23,1029.994
2007-07-24,1013.754
2007-07-25,1005.078
2007-07-26,980.892
2007-07-27,965.425
2007-07-30,972.791
2007-07-31,974.244
2007-08-01,966.986
2007-08-02,972.1
2007-08-03,958.182
2007-08-06,959.896
2007-08-07,965.496
2007-08-08,982.822
2007-08-09,965.203
2007-08-10,952.517
2007-08-13,957.0
2007-08-14,941.313
2007-08-15,921.343
2007-08-16,898.005
2007-08-17,911.81
2007-08-20,920.827
2007-08-21,924.7
2007-08-22,941.913
2007-08-23,945.235
2007-08-24,953.508
2007-08-27,950.913
2007-08-28,932.266
2007-08-29,944.232
2007-08-30,947.061
2007-08-31,962.22
2007-09-03,963.552
2007-09-04,971.784
2007-09-05,962.053
2007-09-06,967.124
2007-09-07,951.605
2007-09-10,942.517
2007-09-11,956.922
2007-09-12,957.912
2007-09-13,960.177
2007-09-14,957.855
2007-09-17,948.518
2007-09-18,965.414
2007-09-19,983.516
2007-09-20,984.241
2007-09-21,988.584
2007-09-24,987.214
2007-09-25,984.946
2007-09-26,991.713
2007-09-27,1002.905
2007-09-28,1004.407
2007-10-01,1014.586
2007-10-02,1016.348
2007-10-03,1014.196
2007-10-04,1014.793
2007-10-05,1026.604
2007-10-08,1023.08
2007-10-09,1030.575
2007-10-10,1034.935
2007-10-11,1033.853
2007-10-12,1035.355
2007-10-15,1031.065
2007-10-16,1019.711
2007-10-17,1026.744
2007-10-18,1028.846
2007-10-19,1008.601
2007-10-22,1001.114
2007-10-23,1015.68
2007-10-24,1010.675
2007-10-25,1016.741
2007-10-26,1025.31
2007-10-29,1034.335
2007-10-30,1026.983
2007-10-31,1039.502
2007-11-01,1024.115
2007-11-02,1023.007
2007-11-05,1013.337
2007-11-06,1025.608
2007-11-07,1011.887
2007-11-08,1007.268
2007-11-09,992.718
2007-11-12,970.446
2007-11-13,982.978
2007-11-14,987.542
2007-11-15,971.944
2007-11-16,967.928
2007-11-19,947.614
2007-11-20,955.002
2007-11-21,936.935
2007-11-22,938.95
2007-11-23,951.404
2007-11-26,948.19
2007-11-27,949.829
2007-11-28,970.867
2007-11-29,976.889
2007-11-30,980.902
2007-12-03,979.212
2007-12-04,971.154
2007-12-05,982.177
2007-12-06,990.579
2007-12-07,999.111
2007-12-10,1004.012
2007-12-11,990.539
2007-12-12,993.382
2007-12-13,980.278
2007-12-14,970.448
2007-12-17,948.607
2007-12-18,951.884
2007-12-19,952.354
2007-12-20,957.544
2007-12-21,971.953
2007-12-24,977.848
2007-12-25,979.299
2007-12-26,983.728
2007-12-27,977.513
2007-12-28,981.886
2007-12-31,979.949
2008-01-01,979.949
2008-01-02,972.97
2008-01-03,969.331
2008-01-04,944.239
2008-01-07,930.454
2008-01-08,923.208
2008-01-09,918.587
2008-01-10,916.458
2008-01-11,905.351
2008-01-14,917.638
2008-01-15,891.033
2008-01-16,872.455
2008-01-17,858.895
2008-01-18,858.312
2008-01-21,836.273
2008-01-22,836.878
2008-01-23,840.68
2008-01-24,868.056
2008-01-25,870.633
2008-01-28,874.387
2008-01-29,885.256
2008-01-30,880.033
2008-01-31,888.369
2008-02-01,907.705
2008-02-04,909.789
2008-02-05,878.105
2008-02-06,869.192
2008-02-07,863.719
2008-02-08,866.717
2008-02-11,870.35
2008-02-12,880.604
2008-02-13,890.803
2008-02-14,890.955
2008-02-15,885.804
2008-02-18,889.595
2008-02-19,895.846
2008-02-20,893.773
2008-02-21,894.926
2008-02-22,895.669
2008-02-25,911.405
2008-02-26,921.334
2008-02-27,925.468
2008-02-28,918.701
2008-02-29,899.394
2008-03-03,892.128
2008-03-04,885.964
2008-03-05,898.302
2008-03-06,888.871
2008-03-07,875.153
2008-03-10,855.985
2008-03-11,874.01
2008-03-12,880.062
2008-03-13,881.034
2008-03-14,870.432
2008-03-17,844.774
2008-03-18,870.011
2008-03-19,850.585
2008-03-20,850.044
2008-03-21,851.467
2008-03-24,863.22
2008-03-25,885.299
2008-03-26,887.127
2008-03-27,885.845
2008-03-28,880.77
2008-03-31,884.187
2008-04-01,900.913
2008-04-02,909.188
2008-04-03,911.231
2008-04-04,919.491
2008-04-07,922.337
2008-04-08,914.742
2008-04-09,908.477
2008-04-10,912.254
2008-04-11,901.403
2008-04-14,898.264
2008-04-15,901.034
2008-04-16,926.885
2008-04-17,923.543
2008-04-18,933.774
2008-04-21,938.905
2008-04-22,933.062
2008-04-23,935.464
2008-04-24,930.122
2008-04-25,940.618
2008-04-28,944.327
2008-04-29,935.682
2008-04-30,938.124
2008-05-01,939.871
2008-05-02,949.635
2008-05-05,951.757
2008-05-06,960.151
2008-05-07,953.475
2008-05-08,961.125
2008-05-09,955.595
2008-05-12,962.161
2008-05-13,966.173
2008-05-14,968.463
2008-05-15,980.221
2008-05-16,988.852
2008-05-19,991.225
2008-05-20,983.168
2008-05-21,974.498
2008-05-22,974.26
2008-05-23,964.405
2008-05-26,960.869
2008-05-27,960.954
2008-05-28,966.829
2008-05-29,965.717
2008-05-30,975.044
2008-06-02,969.808
2008-06-03,967.404
2008-06-04,967.775
2008-06-05,978.323
2008-06-06,966.655
2008-06-09,962.188
2008-06-10,945.238
2008-06-11,934.274
2008-06-12,930.265
2008-06-13,939.149
2008-06-16,948.31
2008-06-17,951.908
2008-06-18,943.754
2008-06-19,941.206
2008-06-20,928.997
2008-06-23,928.354
2008-06-24,920.108
2008-06-25,923.94
2008-06-26,908.071
2008-06-27,908.755
2008-06-30,907.971
2008-07-01,899.529
2008-07-02,878.326
2008-07-03,868.352
2008-07-04,866.01
2008-07-07,865.447
2008-07-08,862.434
2008-07-09,861.446
2008-07-10,861.431
2008-07-11,854.338
2008-07-14,856.309
2008-07-15,843.599
2008-07-16,851.18
2008-07-17,861.237
2008-07-18,860.957
2008-07-21,870.837
2008-07-22,868.602
2008-07-23,867.617
2008-07-24,847.841
2008-07-25,849.477
2008-07-28,842.476
2008-07-29,843.74
2008-07-30,857.828
2008-07-31,849.714
2008-08-01,838.498
2008-08-04,823.799
2008-08-05,832.417
2008-08-06,843.259
2008-08-07,835.326
2008-08-08,835.368
2008-08-11,842.106
2008-08-12,834.551
2008-08-13,831.885
2008-08-14,836.387
2008-08-15,833.222
2008-08-18,827.514
2008-08-19,818.133
2008-08-20,825.38
2008-08-21,830.211
2008-08-22,834.311
2008-08-25,825.82
2008-08-26,825.594
2008-08-27,832.037
2008-08-28,841.098
2008-08-29,839.625
2008-09-01,833.38
2008-09-02,822.975
2008-09-03,809.679
2008-09-04,786.433
2008-09-05,778.466
2008-09-08,785.95
2008-09-09,758.268
2008-09-10,761.082
2008-09-11,760.999
2008-09-12,778.698
2008-09-15,748.14
2008-09-16,744.198
2008-09-17,723.126
2008-09-18,739.045
2008-09-19,779.097
2008-09-22,766.789
2008-09-23,754.379
2008-09-24,748.799
2008-09-25,753.439
2008-09-26,739.316
2008-09-29,684.547
2008-09-30,697.25
2008-10-01,689.587
2008-10-02,653.35
2008-10-03,646.958
2008-10-06,605.426
2008-10-07,585.039
2008-10-08,569.138
2008-10-09,549.244
2008-10-10,521.948
2008-10-13,574.124
2008-10-14,581.492
2008-10-15,533.913
2008-10-16,529.548
2008-10-17,535.138
2008-10-20,556.757
2008-10-21,545.004
2008-10-22,507.011
2008-10-23,497.611
2008-10-24,475.43
2008-10-27,452.99
2008-10-28,480.405
2008-10-29,504.658
2008-10-30,525.928
2008-10-31,530.404
2008-11-03,533.536
2008-11-04,563.368
2008-11-05,547.309
2008-11-06,512.853
2008-11-07,520.819
2008-11-10,521.917
2008-11-11,500.678
2008-11-12,478.443
2008-11-13,493.374
2008-11-14,482.235
2008-11-17,471.782
2008-11-18,470.038
2008-11-19,447.325
2008-11-20,419.003
2008-11-21,433.399
2008-11-24,463.971
2008-11-25,473.868
2008-11-26,485.602
2008-11-27,489.645
2008-11-28,493.2
2008-12-01,458.693
2008-12-02,465.631
2008-12-03,472.771
2008-12-04,461.311
2008-12-05,464.509
2008-12-08,487.86
2008-12-09,487.439
2008-12-10,497.708
2008-12-11,492.985
2008-12-12,492.697
2008-12-15,495.923
2008-12-16,509.76
2008-12-17,520.851
2008-12-18,515.667
2008-12-19,510.01
2008-12-22,499.196
2008-12-23,497.901
2008-12-24,497.873
2008-12-25,498.503
2008-12-26,501.745
2008-12-29,505.979
2008-12-30,514.508
2008-12-31,517.968
2009-01-01,517.968
2009-01-02,533.754
2009-01-05,535.822
2009-01-06,539.9
2009-01-07,531.352
2009-01-08,532.527
2009-01-09,522.497
2009-01-12,509.266
2009-01-13,503.944
2009-01-14,488.681
2009-01-15,488.815
2009-01-16,497.606
2009-01-19,494.203
2009-01-20,472.752
2009-01-21,483.148
2009-01-22,478.948
2009-01-23,477.587
2009-01-26,486.083
2009-01-27,493.757
2009-01-28,506.011
2009-01-29,495.434
2009-01-30,487.028
2009-02-02,479.543
2009-02-03,487.855
2009-02-04,493.0
2009-02-05,498.096
2009-02-06,508.66
2009-02-09,510.652
2009-02-10,495.871
2009-02-11,494.015
2009-02-12,492.453
2009-02-13,494.463
2009-02-16,491.665
2009-02-17,472.078
2009-02-18,467.044
2009-02-19,465.986
2009-02-20,458.276
2009-02-23,447.781
2009-02-24,453.005
2009-02-25,450.9
2009-02-26,449.723
2009-02-27,447.433
2009-03-02,424.959
2009-03-03,421.779
2009-03-04,435.159
2009-03-05,424.708
2009-03-06,422.921
2009-03-09,418.135
2009-03-10,438.281
2009-03-11,440.599
2009-03-12,448.168
2009-03-13,453.754
2009-03-16,456.447
2009-03-17,463.448
2009-03-18,469.112
2009-03-19,480.333
2009-03-20,471.149
2009-03-23,490.448
2009-03-24,487.152
2009-03-25,489.52
2009-03-26,498.791
2009-03-27,488.501
2009-03-30,473.231
2009-03-31,479.289
2009-04-01,484.52
2009-04-02,506.824
2009-04-03,508.219
2009-04-06,504.21
2009-04-07,492.924
2009-04-08,497.308
2009-04-09,512.809
2009-04-10,512.867
2009-04-13,513.612
2009-04-14,513.118
2009-04-15,512.893
2009-04-16,521.765
2009-04-17,525.09
2009-04-20,506.527
2009-04-21,510.88
2009-04-22,516.678
2009-04-23,520.513
2009-04-24,531.554
2009-04-27,526.939
2009-04-28,521.622
2009-04-29,534.278
2009-04-30,538.45
2009-05-01,539.918
2009-05-04,556.537
2009-05-05,557.977
2009-05-06,560.769
2009-05-07,555.631
2009-05-08,565.057
2009-05-11,560.894
2009-05-12,559.927
2009-05-13,544.982
2009-05-14,547.578
2009-05-15,550.238
2009-05-18,559.863
2009-05-19,568.65
2009-05-20,573.031
2009-05-21,562.069
2009-05-22,564.679
2009-05-25,565.714
2009-05-26,575.07
2009-05-27,573.814
2009-05-28,573.864
2009-05-29,583.434
2009-06-01,600.998
2009-06-02,604.022
2009-06-03,592.728
2009-06-04,593.489
2009-06-05,590.059
2009-06-08,584.236
2009-06-09,593.105
2009-06-10,596.193
2009-06-11,601.913
2009-06-12,598.904
2009-06-15,583.655
2009-06-16,577.588
2009-06-17,574.243
2009-06-18,574.658
2009-06-19,578.507
2009-06-22,562.599
2009-06-23,562.593
2009-06-24,571.476
2009-06-25,576.792
2009-06-26,581.961
2009-06-29,583.882
2009-06-30,582.264
2009-07-01,587.068
2009-07-02,573.778
2009-07-03,572.593
2009-07-06,566.408
2009-07-07,559.473
2009-07-08,553.904
2009-07-09,558.487
2009-07-10,556.081
2009-07-13,559.214
2009-07-14,566.298
2009-07-15,580.711
2009-07-16,586.601
2009-07-17,588.183
2009-07-20,596.87
2009-07-21,604.145
2009-07-22,606.47
2009-07-23,617.037
2009-07-24,619.221
2009-07-27,619.958
2009-07-28,617.318
2009-07-29,613.744
2009-07-30,621.241
2009-07-31,625.632
2009-08-03,639.206
2009-08-04,640.483
2009-08-05,637.748
2009-08-06,635.047
2009-08-07,637.471
2009-08-10,636.334
2009-08-11,631.36
2009-08-12,637.108
2009-08-13,646.521
2009-08-14,641.763
2009-08-17,623.978
2009-08-18,630.964
2009-08-19,634.637
2009-08-20,642.045
2009-08-21,651.886
2009-08-24,654.631
2009-08-25,656.137
2009-08-26,653.022
2009-08-27,652.637
2009-08-28,658.815
2009-08-31,651.998
2009-09-01,642.089
2009-09-02,637.16
2009-09-03,642.431
2009-09-04,649.531
2009-09-07,656.11
2009-09-08,667.397
2009-09-09,673.412
2009-09-10,680.248
2009-09-11,683.188
2009-09-14,681.837
2009-09-15,684.57
2009-09-16,696.046
2009-09-17,697.401
2009-09-18,693.785
2009-09-21,689.833
2009-09-22,698.018
2009-09-23,694.134
2009-09-24,683.48
2009-09-25,680.02
2009-09-28,686.714
2009-09-29,686.005
2009-09-30,688.665
2009-10-01,671.479
2009-10-02,662.488
2009-10-05,669.69
2009-10-06,683.753
2009-10-07,683.942
2009-10-08,694.975
2009-10-09,696.509
2009-10-12,700.625
2009-10-13,698.468
2009-10-14,709.653
2009-10-15,712.193
2009-10-16,707.085
2009-10-19,715.927
2009-10-20,712.159
2009-10-21,709.323
2009-10-22,708.24
2009-10-23,701.039
2009-10-26,693.754
2009-10-27,685.197
2009-10-28,666.918
2009-10-29,678.504
2009-10-30,666.16
2009-11-02,667.679
2009-11-03,668.507
2009-11-04,676.727
2009-11-05,684.408
2009-11-06,686.838
2009-11-09,701.947
2009-11-10,700.138
2009-11-11,702.923
2009-11-12,695.89
2009-11-13,700.767
2009-11-16,711.7
2009-11-17,706.474
2009-11-18,705.783
2009-11-19,692.157
2009-11-20,688.4
2009-11-23,698.494
2009-11-24,694.884
2009-11-25,702.388
2009-11-26,693.789
2009-11-27,688.514
2009-11-30,690.58
2009-12-01,706.449
2009-12-02,708.862
2009-12-03,706.367
2009-12-04,706.53
2009-12-07,706.482
2009-12-08,698.535
2009-12-09,696.449
2009-12-10,699.835
2009-12-11,701.539
2009-12-14,710.914
2009-12-15,708.097
2009-12-16,714.724
2009-12-17,702.731
2009-12-18,703.013
2009-12-21,710.454
2009-12-22,713.787
2009-12-23,719.835
2009-12-24,722.964
2009-12-25,722.618
2009-12-28,724.523
2009-12-29,725.463
2009-12-30,721.79
2009-12-31,720.333
2010-01-01,720.333
2010-01-04,735.621
2010-01-05,739.78
2010-01-06,742.265
2010-01-07,742.007
2010-01-08,746.32
2010-01-11,752.064
2010-01-12,743.471
2010-01-13,746.689
2010-01-14,750.298
2010-01-15,741.269
2010-01-18,742.332
2010-01-19,744.423
2010-01-20,733.119
2010-01-21,723.16
2010-01-22,712.55
2010-01-25,712.698
2010-01-26,707.973
2010-01-27,704.979
2010-01-28,696.911
2010-01-29,689.692
2010-02-01,698.97
2010-02-02,709.912
2010-02-03,705.943
2010-02-04,683.64
2010-02-05,676.117
2010-02-08,674.407
2010-02-09,682.132
2010-02-10,681.981
2010-02-11,688.754
2010-02-12,688.417
2010-02-15,688.315
2010-02-16,698.778
2010-02-17,704.535
2010-02-18,707.432
2010-02-19,705.642
2010-02-22,710.226
2010-02-23,702.298
2010-02-24,705.599
2010-02-25,701.344
2010-02-26,707.799
2010-03-01,716.536
2010-03-02,722.688
2010-03-03,727.806
2010-03-04,726.328
2010-03-05,736.309
2010-03-08,738.041
2010-03-09,736.851
2010-03-10,742.628
2010-03-11,743.856
2010-03-12,748.449
2010-03-15,742.297
2010-03-16,751.368
2010-03-17,756.891
2010-03-18,750.745
2010-03-19,745.613
2010-03-22,749.79
2010-03-23,755.463
2010-03-24,748.878
2010-03-25,747.84
2010-03-26,750.0
2010-03-29,756.159
2010-03-30,755.387
2010-03-31,755.577
2010-04-01,764.072
2010-04-02,764.232
2010-04-05,770.5
2010-04-06,771.202
2010-04-07,768.275
2010-04-08,766.092
2010-04-09,775.554
2010-04-12,778.619
2010-04-13,776.646
2010-04-14,786.103
2010-04-15,787.658
2010-04-16,775.898
2010-04-19,769.184
2010-04-20,779.079
2010-04-21,779.446
2010-04-22,780.656
2010-04-23,788.149
2010-04-26,790.766
2010-04-27,772.457
2010-04-28,765.579
2010-04-29,777.636
2010-04-30,770.149
2010-05-03,773.67
2010-05-04,751.837
2010-05-05,740.718
2010-05-06,722.775
2010-05-07,701.823
2010-05-10,739.531
2010-05-11,733.454
2010-05-12,747.901
2010-05-13,743.361
2010-05-14,723.938
2010-05-17,718.159
2010-05-18,714.008
2010-05-19,701.39
2010-05-20,678.734
2010-05-21,688.252
2010-05-24,682.189
2010-05-25,671.198
2010-05-26,678.329
2010-05-27,701.439
2010-05-28,698.616
2010-05-31,698.967
2010-06-01,689.715
2010-06-02,698.096
2010-06-03,708.685
2010-06-04,686.667
2010-06-07,671.441
2010-06-08,672.298
2010-06-09,680.054
2010-06-10,700.188
2010-06-11,704.709
2010-06-14,714.12
2010-06-15,726.426
2010-06-16,726.947
2010-06-17,726.693
2010-06-18,728.363
2010-06-21,730.587
2010-06-22,718.889
2010-06-23,714.396
2010-06-24,704.632
2010-06-25,705.225
2010-06-28,706.441
2010-06-29,680.829
2010-06-30,676.04
2010-07-01,673.581
2010-07-02,673.697
2010-07-05,672.164
2010-07-06,682.303
2010-07-07,694.857
2010-07-08,702.889
2010-07-09,707.837
2010-07-12,705.603
2010-07-13,719.426
2010-07-14,722.54
2010-07-15,722.9
2010-07-16,707.676
2010-07-19,707.207
2010-07-20,711.916
2010-07-21,710.069
2010-07-22,725.034
2010-07-23,732.057
2010-07-26,740.07
2010-07-27,734.718
2010-07-28,731.937
2010-07-29,730.751
2010-07-30,729.789
2010-08-02,747.334
2010-08-03,747.282
2010-08-04,749.385
2010-08-05,749.424
2010-08-06,749.135
2010-08-09,752.989
2010-08-10,741.033
2010-08-11,718.214
2010-08-12,713.661
2010-08-13,712.677
2010-08-16,715.679
2010-08-17,726.847
2010-08-18,728.571
2010-08-19,723.241
2010-08-20,715.061
2010-08-23,712.334
2010-08-24,702.376
2010-08-25,699.356
2010-08-26,703.074
2010-08-27,711.797
2010-08-30,707.388
2010-08-31,705.274
2010-09-01,727.37
2010-09-02,735.409
2010-09-03,743.178
2010-09-06,746.253
2010-09-07,737.028
2010-09-08,741.936
2010-09-09,745.419
2010-09-10,747.089
2010-09-13,758.286
2010-09-14,762.015
2010-09-15,763.832
2010-09-16,762.541
2010-09-17,763.997
2010-09-20,774.77
2010-09-21,772.983
2010-09-22,773.514
2010-09-23,769.938
2010-09-24,784.624
2010-09-27,782.85
2010-09-28,788.707
2010-09-29,791.472
2010-09-30,788.397
2010-10-01,790.477
2010-10-04,783.851
2010-10-05,799.683
2010-10-06,799.985
2010-10-07,800.076
2010-10-08,804.362
2010-10-11,805.878
2010-10-12,804.087
2010-10-13,814.485
2010-10-14,816.646
2010-10-15,816.139
2010-10-18,815.031
2010-10-19,800.406
2010-10-20,810.174
2010-10-21,812.732
2010-10-22,813.469
2010-10-25,819.883
2010-10-26,816.314
2010-10-27,811.236
2010-10-28,815.046
2010-10-29,818.729
2010-11-01,820.602
2010-11-02,827.885
2010-11-03,826.535
2010-11-04,846.101
2010-11-05,848.31
2010-11-08,847.917
2010-11-09,847.102
2010-11-10,841.467
2010-11-11,840.859
2010-11-12,831.433
2010-11-15,831.147
2010-11-16,814.725
2010-11-17,818.043
2010-11-18,831.964
2010-11-19,836.317
2010-11-22,837.707
2010-11-23,824.724
2010-11-24,836.128
2010-11-25,838.343
2010-11-26,830.928
2010-11-29,822.711
2010-11-30,819.591
2010-12-01,836.632
2010-12-02,851.993
2010-12-03,861.084
2010-12-06,861.382
2010-12-07,864.399
2010-12-08,859.073
2010-12-09,858.771
2010-12-10,863.295
2010-12-13,868.245
2010-12-14,869.137
2010-12-15,864.96
2010-12-16,867.664
2010-12-17,869.894
2010-12-20,871.253
2010-12-21,879.044
2010-12-22,878.275
2010-12-23,877.077
2010-12-24,877.489
2010-12-27,876.284
2010-12-28,877.35
2010-12-29,880.891
2010-12-30,880.842
2010-12-31,882.356
2011-01-03,888.445
2011-01-04,885.373
2011-01-05,881.535
2011-01-06,880.092
2011-01-07,879.938
2011-01-10,878.041
2011-01-11,885.541
2011-01-12,894.481
2011-01-13,897.132
2011-01-14,898.812
2011-01-17,897.755
2011-01-18,905.849
2011-01-19,896.924
2011-01-20,881.824
2011-01-21,885.293
2011-01-24,891.181
2011-01-25,889.165
2011-01-26,900.594
2011-01-27,902.757
2011-01-28,889.809
2011-01-31,893.806
2011-02-01,909.313
2011-02-02,909.286
2011-02-03,909.793
2011-02-04,913.356
2011-02-07,919.424
2011-02-08,923.698
2011-02-09,919.946
2011-02-10,919.432
2011-02-11,924.045
2011-02-14,928.988
2011-02-15,925.592
2011-02-16,929.87
2011-02-17,933.697
2011-02-18,934.743
2011-02-21,931.625
2011-02-22,914.715
2011-02-23,905.923
2011-02-24,905.61
2011-02-25,921.056
2011-02-28,927.653
2011-03-01,920.397
2011-03-02,921.555
2011-03-03,934.106
2011-03-04,932.509
2011-03-07,925.167
2011-03-08,924.981
2011-03-09,922.967
2011-03-10,902.365
2011-03-11,903.484
2011-03-14,897.381
2011-03-15,878.789
2011-03-16,873.419
2011-03-17,887.42
2011-03-18,893.822
2011-03-21,909.163
2011-03-22,908.881
2011-03-23,910.937
2011-03-24,922.543
2011-03-25,924.944
2011-03-28,920.185
2011-03-29,924.878
2011-03-30,936.067
2011-03-31,937.161
2011-04-01,942.143
2011-04-04,947.013
2011-04-05,947.799
2011-04-06,948.918
2011-04-07,943.826
2011-04-08,947.156
2011-04-11,942.641
2011-04-12,930.476
2011-04-13,937.129
2011-04-14,935.942
2011-04-15,939.709
2011-04-18,924.42
2011-04-19,932.217
2011-04-20,953.546
2011-04-21,961.811
2011-04-22,962.081
2011-04-25,959.215
2011-04-26,964.333
2011-04-27,966.153
2011-04-28,972.786
2011-04-29,976.392
2011-05-02,977.247
2011-05-03,966.478
2011-05-04,957.687
2011-05-05,948.752
2011-05-06,953.938
2011-05-09,954.252
2011-05-10,965.298
2011-05-11,958.774
2011-05-12,954.934
2011-05-13,950.337
2011-05-16,944.424
2011-05-17,936.115
2011-05-18,947.53
2011-05-19,950.777
2011-05-20,946.421
2011-05-23,928.637
2011-05-24,930.165
2011-05-25,934.381
2011-05-26,941.275
2011-05-27,951.377
2011-05-30,952.69
2011-05-31,963.716
2011-06-01,949.838
2011-06-02,945.431
2011-06-03,938.549
2011-06-06,930.136
2011-06-07,932.231
2011-06-08,920.983
2011-06-09,925.837
2011-06-10,911.004
2011-06-13,908.048
2011-06-14,922.151
2011-06-15,906.327
2011-06-16,895.222
2011-06-17,898.689
2011-06-20,900.103
2011-06-21,919.275
2011-06-22,919.094
2011-06-23,909.296
2011-06-24,904.356
2011-06-27,908.444
2011-06-28,920.965
2011-06-29,933.309
2011-06-30,945.345
2011-07-01,954.815
2011-07-04,958.611
2011-07-05,958.437
2011-07-06,956.257
2011-07-07,965.997
2011-07-08,959.083
2011-07-11,936.205
2011-07-12,931.343
2011-07-13,942.513
2011-07-14,932.322
2011-07-15,937.354
2011-07-18,923.862
2011-07-19,941.292
2011-07-20,944.066
2011-07-21,955.22
2011-07-22,961.068
2011-07-25,956.191
2011-07-26,954.419
2011-07-27,935.004
2011-07-28,927.96
2011-07-29,926.028
2011-08-01,918.647
2011-08-02,892.215
2011-08-03,888.841
2011-08-04,841.273
2011-08-05,829.748
2011-08-08,778.395
2011-08-09,809.599
2011-08-10,791.812
2011-08-11,819.834
2011-08-12,832.66
2011-08-15,850.119
2011-08-16,840.154
2011-08-17,839.438
2011-08-18,795.711
2011-08-19,785.785
2011-08-22,784.983
2011-08-23,807.108
2011-08-24,815.008
2011-08-25,803.699
2011-08-26,815.368
2011-08-29,839.76
2011-08-30,847.537
2011-08-31,859.315
2011-09-01,851.338
2011-09-02,830.724
2011-09-05,817.003
2011-09-06,810.145
2011-09-07,835.804
2011-09-08,832.54
2011-09-09,807.38
2011-09-12,799.12
2011-09-13,808.605
2011-09-14,819.334
2011-09-15,833.478
2011-09-16,837.149
2011-09-19,824.734
2011-09-20,825.328
2011-09-21,807.728
2011-09-22,769.46
2011-09-23,771.202
2011-09-26,779.756
2011-09-27,803.057
2011-09-28,785.978
2011-09-29,784.847
2011-09-30,763.729
2011-10-03,738.714
2011-10-04,742.367
2011-10-05,759.667
2011-10-06,781.109
2011-10-07,780.341
2011-10-10,803.036
2011-10-11,804.92
2011-10-12,816.962
2011-10-13,815.403
2011-10-14,828.769
2011-10-17,815.61
2011-10-18,822.427
2011-10-19,817.026
2011-10-20,811.919
2011-10-21,835.089
2011-10-24,854.82
2011-10-25,842.32
2011-10-26,844.817
2011-10-27,881.578
2011-10-28,885.263
2011-10-31,857.566
2011-11-01,828.195
2011-11-02,840.396
2011-11-03,855.306
2011-11-04,854.803
2011-11-07,853.124
2011-11-08,859.155
2011-11-09,830.526
2011-11-10,828.469
2011-11-11,849.179
2011-11-14,840.851
2011-11-15,839.294
2011-11-16,830.163
2011-11-17,814.167
2011-11-18,809.703
2011-11-21,792.134
2011-11-22,790.455
2011-11-23,772.294
2011-11-24,771.428
2011-11-25,768.962
2011-11-28,795.543
2011-11-29,800.136
2011-11-30,834.022
2011-12-01,833.397
2011-12-02,834.945
2011-12-05,842.971
2011-12-06,836.497
2011-12-07,836.105
2011-12-08,819.271
2011-12-09,827.783
2011-12-12,814.571
2011-12-13,804.912
2011-12-14,786.385
2011-12-15,789.037
2011-12-16,795.032
2011-12-19,786.533
2011-12-20,810.648
2011-12-21,808.295
2011-12-22,814.341
2011-12-23,819.19
2011-12-26,819.647
2011-12-27,821.645
2011-12-28,810.623
2011-12-29,816.887
2011-12-30,821.104
2012-01-02,823.067
2012-01-03,836.015
2012-01-04,834.118
2012-01-05,831.45
2012-01-06,828.597
2012-01-09,830.612
2012-01-10,841.894
2012-01-11,839.05
2012-01-12,843.406
2012-01-13,837.904
2012-01-16,838.53
2012-01-17,845.034
2012-01-18,856.174
2012-01-19,863.596
2012-01-20,860.634
2012-01-23,866.367
2012-01-24,862.335
2012-01-25,870.647
2012-01-26,874.849
2012-01-27,874.198
2012-01-30,868.243
2012-01-31,872.267
2012-02-01,885.806
2012-02-02,888.761
2012-02-03,897.741
2012-02-06,897.006
2012-02-07,898.126
2012-02-08,900.523
2012-02-09,903.853
2012-02-10,894.79
2012-02-13,900.572
2012-02-14,898.539
2012-02-15,900.134
2012-02-16,903.932
2012-02-17,907.601
2012-02-20,913.863
2012-02-21,911.069
2012-02-22,908.703
2012-02-23,914.783
2012-02-24,919.355
2012-02-27,916.794
2012-02-28,918.601
2012-02-29,916.104
2012-03-01,921.071
2012-03-02,915.986
2012-03-05,908.2
2012-03-06,887.99
2012-03-07,894.828
2012-03-08,911.155
2012-03-09,913.105
2012-03-12,909.166
2012-03-13,920.835
2012-03-14,914.393
2012-03-15,920.169
2012-03-16,924.48
2012-03-19,927.265
2012-03-20,918.71
2012-03-21,919.904
2012-03-22,912.732
2012-03-23,917.082
2012-03-26,929.116
2012-03-27,927.031
2012-03-28,919.211
2012-03-29,917.821
2012-03-30,925.052
2012-04-02,934.11
2012-04-03,930.324
2012-04-04,909.526
2012-04-05,910.434
2012-04-06,909.811
2012-04-09,902.68
2012-04-10,887.262
2012-04-11,894.94
2012-04-12,910.368
2012-04-13,900.005
2012-04-16,897.725
2012-04-17,912.147
2012-04-18,909.931
2012-04-19,907.747
2012-04-20,908.831
2012-04-23,893.745
2012-04-24,895.336
2012-04-25,908.514
2012-04-26,916.963
2012-04-27,922.913
2012-04-30,920.014
2012-05-01,922.492
2012-05-02,921.442
2012-05-03,914.33
2012-05-04,898.374
2012-05-07,895.699
2012-05-08,885.011
2012-05-09,878.767
2012-05-10,881.392
2012-05-11,880.429
2012-05-14,865.734
2012-05-15,857.653
2012-05-16,850.935
2012-05-17,836.855
2012-05-18,826.479
2012-05-21,841.036
2012-05-22,847.739
2012-05-23,841.182
2012-05-24,843.22
2012-05-25,843.607
2012-05-28,845.762
2012-05-29,855.212
2012-05-30,838.839
2012-05-31,833.435
2012-06-01,811.204
2012-06-04,809.76
2012-06-05,818.107
2012-06-06,835.659
2012-06-07,838.916
2012-06-08,837.925
2012-06-11,831.955
2012-06-12,837.737
2012-06-13,832.423
2012-06-14,834.718
2012-06-15,844.425
2012-06-18,850.796
2012-06-19,862.177
2012-06-20,863.978
2012-06-21,843.81
2012-06-22,841.996
2012-06-25,829.6
2012-06-26,831.659
2012-06-27,838.439
2012-06-28,834.635
2012-06-29,862.163
2012-07-02,864.735
2012-07-03,875.043
2012-07-04,874.851
2012-07-05,871.863
2012-07-06,859.256
2012-07-09,853.884
2012-07-10,849.363
2012-07-11,845.735
2012-07-12,839.557
2012-07-13,852.376
2012-07-16,851.119
2012-07-17,853.257
2012-07-18,861.222
2012-07-19,870.296
2012-07-20,857.858
2012-07-23,842.611
2012-07-24,835.894
2012-07-25,837.767
2012-07-26,858.659
2012-07-27,873.518
2012-07-30,873.239
2012-07-31,868.49
2012-08-01,864.715
2012-08-02,856.636
2012-08-03,875.064
2012-08-06,882.108
2012-08-07,890.598
2012-08-08,890.058
2012-08-09,891.913
2012-08-10,892.302
2012-08-13,889.383
2012-08-14,889.269
2012-08-15,892.205
2012-08-16,900.959
2012-08-17,903.728
2012-08-20,900.552
2012-08-21,904.603
2012-08-22,901.166
2012-08-23,900.091
2012-08-24,899.694
2012-08-27,899.12
2012-08-28,897.82
2012-08-29,898.418
2012-08-30,890.468
2012-08-31,897.323
2012-09-03,898.053
2012-09-04,894.423
2012-09-05,893.381
2012-09-06,910.237
2012-09-07,921.978
2012-09-10,917.655
2012-09-11,919.278
2012-09-12,924.684
2012-09-13,931.942
2012-09-14,947.429
2012-09-17,941.712
2012-09-18,936.737
2012-09-19,940.952
2012-09-20,935.508
2012-09-21,938.385
2012-09-24,931.444
2012-09-25,926.303
2012-09-26,915.311
2012-09-27,924.794
2012-09-28,922.541
2012-10-01,925.999
2012-10-02,926.441
2012-10-03,924.699
2012-10-04,932.444
2012-10-05,936.41
2012-10-08,930.267
2012-10-09,918.899
2012-10-10,912.292
2012-10-11,915.958
2012-10-12,913.916
2012-10-15,918.249
2012-10-16,928.924
2012-10-17,934.24
2012-10-18,933.476
2012-10-19,921.154
2012-10-22,918.928
2012-10-23,906.586
2012-10-24,905.108
2012-10-25,908.715
2012-10-26,908.147
2012-10-29,907.335
2012-10-30,910.012
2012-10-31,911.735
2012-11-01,924.129
2012-11-02,917.403
2012-11-05,917.522
2012-11-06,923.026
2012-11-07,910.107
2012-11-08,899.984
2012-11-09,899.617
2012-11-12,897.791
2012-11-13,897.934
2012-11-14,887.47
2012-11-15,884.051
2012-11-16,884.631
2012-11-19,902.778
2012-11-20,904.194
2012-11-21,906.229
2012-11-22,910.807
2012-11-23,920.784
2012-11-26,917.665
2012-11-27,916.751
2012-11-28,919.664
2012-11-29,926.086
2012-11-30,926.767
2012-12-03,925.641
2012-12-04,925.636
2012-12-05,926.186
2012-12-06,929.344
2012-12-07,930.191
2012-12-10,932.426
2012-12-11,937.768
2012-12-12,938.963
2012-12-13,933.564
2012-12-14,933.51
2012-12-17,939.165
2012-12-18,948.574
2012-12-19,950.951
2012-12-20,953.985
2012-12-21,946.964
2012-12-24,945.37
2012-12-25,945.729
2012-12-26,941.861
2012-12-27,943.083
2012-12-28,937.018
2012-12-31,946.702
2013-01-01,946.732
2013-01-02,966.491
2013-01-03,964.858
2013-01-04,968.499
2013-01-07,966.404
2013-01-08,963.59
2013-01-09,966.873
2013-01-10,972.221
2013-01-11,973.685
2013-01-14,972.95
2013-01-15,977.116
2013-01-16,975.153
2013-01-17,981.499
2013-01-18,983.311
2013-01-21,984.646
2013-01-22,987.67
2013-01-23,986.143
2013-01-24,990.05
2013-01-25,999.044
2013-01-28,995.699
2013-01-29,996.689
2013-01-30,995.439
2013-01-31,994.264
2013-02-01,1003.91
2013-02-04,993.562
2013-02-05,997.049
2013-02-06,1001.063
2013-02-07,996.632
2013-02-08,1003.097
2013-02-11,998.35
2013-02-12,1003.43
2013-02-13,1004.506
2013-02-14,1005.769
2013-02-15,1003.788
2013-02-18,1003.697
2013-02-19,1010.524
2013-02-20,1000.084
2013-02-21,987.173
2013-02-22,996.439
2013-02-25,985.842
2013-02-26,985.814
2013-02-27,997.396
2013-02-28,1002.079
2013-03-01,999.739
2013-03-04,1002.46
2013-03-05,1013.226
2013-03-06,1014.836
2013-03-07,1016.741
2013-03-08,1018.97
2013-03-11,1021.491
2013-03-12,1020.428
2013-03-13,1020.524
2013-03-14,1027.506
2013-03-15,1028.339
2013-03-18,1021.117
2013-03-19,1017.687
2013-03-20,1024.505
2013-03-21,1018.644
2013-03-22,1020.319
2013-03-25,1016.375
2013-03-26,1021.392
2013-03-27,1020.996
2013-03-28,1029.628
2013-03-29,1030.215
2013-04-01,1021.153
2013-04-02,1022.179
2013-04-03,1013.729
2013-04-04,1010.554
2013-04-05,1008.522
2013-04-08,1014.884
2013-04-09,1018.496
2013-04-10,1032.419
2013-04-11,1039.641
2013-04-12,1034.06
2013-04-15,1009.013
2013-04-16,1017.735
2013-04-17,1003.014
2013-04-18,998.15
2013-04-19,1006.799
2013-04-22,1010.394
2013-04-23,1023.935
2013-04-24,1029.281
2013-04-25,1037.967
2013-04-26,1035.118
2013-04-29,1040.766
2013-04-30,1048.617
2013-05-01,1040.987
2013-05-02,1043.724
2013-05-03,1053.809
2013-05-06,1055.598
2013-05-07,1061.959
2013-05-08,1071.905
2013-05-09,1070.087
2013-05-10,1073.301
2013-05-13,1072.423
2013-05-14,1079.672
2013-05-15,1081.598
2013-05-16,1078.694
2013-05-17,1082.153
2013-05-20,1084.763
2013-05-21,1086.82
2013-05-22,1077.935
2013-05-23,1066.887
2013-05-24,1066.03
2013-05-27,1064.724
2013-05-28,1069.764
2013-05-29,1065.345
2013-05-30,1069.902
2013-05-31,1058.482
2013-06-03,1055.988
2013-06-04,1054.774
2013-06-05,1039.976
2013-06-06,1044.545
2013-06-07,1054.806
2013-06-10,1057.966
2013-06-11,1049.606
2013-06-12,1046.412
2013-06-13,1053.074
2013-06-14,1054.453
2013-06-17,1065.413
2013-06-18,1070.872
2013-06-19,1066.633
2013-06-20,1028.313
2013-06-21,1023.765
2013-06-24,1009.625
2013-06-25,1019.209
2013-06-26,1026.254
2013-06-27,1036.418
2013-06-28,1035.176
2013-07-01,1047.152
2013-07-02,1046.272
2013-07-03,1045.114
2013-07-04,1049.747
2013-07-05,1051.636
2013-07-08,1056.025
2013-07-09,1062.569
2013-07-10,1068.42
2013-07-11,1085.64
2013-07-12,1087.692
2013-07-15,1088.373
2013-07-16,1087.133
2013-07-17,1087.792
2013-07-18,1094.327
2013-07-19,1096.678
2013-07-22,1100.604
2013-07-23,1097.947
2013-07-24,1095.585
2013-07-25,1097.791
2013-07-26,1094.634
2013-07-29,1089.196
2013-07-30,1093.7
2013-07-31,1094.29
2013-08-01,1110.211
2013-08-02,1115.946
2013-08-05,1115.187
2013-08-06,1113.588
2013-08-07,1104.377
2013-08-08,1112.307
2013-08-09,1112.87
2013-08-12,1110.211
2013-08-13,1111.359
2013-08-14,1109.783
2013-08-15,1093.801
2013-08-16,1094.863
2013-08-19,1090.358
2013-08-20,1095.153
2013-08-21,1087.559
2013-08-22,1095.714
2013-08-23,1101.918
2013-08-26,1099.998
2013-08-27,1083.25
2013-08-28,1079.678
2013-08-29,1082.985
2013-08-30,1076.432
2013-09-02,1082.69
2013-09-03,1086.933
2013-09-04,1096.323
2013-09-05,1098.077
2013-09-06,1100.433
2013-09-09,1113.646
2013-09-10,1124.431
2013-09-11,1129.36
2013-09-12,1125.947
2013-09-13,1126.567
2013-09-16,1136.853
2013-09-17,1137.917
2013-09-18,1147.54
2013-09-19,1156.514
2013-09-20,1148.743
2013-09-23,1143.493
2013-09-24,1143.395
2013-09-25,1141.203
2013-09-26,1144.388
2013-09-27,1144.487
2013-09-30,1140.093
2013-10-01,1148.936
2013-10-02,1145.483
2013-10-03,1138.926
2013-10-04,1142.504
2013-10-07,1132.521
2013-10-08,1119.779
2013-10-09,1113.82
2013-10-10,1131.585
2013-10-11,1139.757
2013-10-14,1143.624
2013-10-15,1137.867
2013-10-16,1146.875
2013-10-17,1158.977
2013-10-18,1168.674
2013-10-21,1170.788
2013-10-22,1176.932
2013-10-23,1168.437
2013-10-24,1173.697
2013-10-25,1171.991
2013-10-28,1170.624
2013-10-29,1173.338
2013-10-30,1169.579
2013-10-31,1165.931
2013-11-01,1159.526
2013-11-04,1166.12
2013-11-05,1160.742
2013-11-06,1163.182
2013-11-07,1147.717
2013-11-08,1153.07
2013-11-11,1157.716
2013-11-12,1156.135
2013-11-13,1158.781
2013-11-14,1166.052
2013-11-15,1172.019
2013-11-18,1168.243
2013-11-19,1161.398
2013-11-20,1158.154
2013-11-21,1164.014
2013-11-22,1167.828
2013-11-25,1168.041
2013-11-26,1169.979
2013-11-27,1171.281
2013-11-28,1174.399
2013-11-29,1174.056
2013-12-02,1170.074
2013-12-03,1164.394
2013-12-04,1157.091
2013-12-05,1156.202
2013-12-06,1163.151
2013-12-09,1167.686
2013-12-10,1167.455
2013-12-11,1156.407
2013-12-12,1149.006
2013-12-13,1150.83
2013-12-16,1157.637
2013-12-17,1156.904
2013-12-18,1168.695
2013-12-19,1170.458
2013-12-20,1179.056
2013-12-23,1186.817
2013-12-24,1189.286
2013-12-25,1189.372
2013-12-26,1193.171
2013-12-27,1197.496
2013-12-30,1201.155
2013-12-31,1205.75
2014-01-01,1205.79
2014-01-02,1195.408
2014-01-03,1197.457
2014-01-06,1193.146
2014-01-07,1197.105
2014-01-08,1202.36
2014-01-09,1199.405
2014-01-10,1207.008
2014-01-13,1199.59
2014-01-14,1205.56
2014-01-15,1209.81
2014-01-16,1209.976
2014-01-17,1208.981
2014-01-20,1208.639
2014-01-21,1211.584
2014-01-22,1215.871
2014-01-23,1208.502
2014-01-24,1183.238
2014-01-27,1172.339
2014-01-28,1182.145
2014-01-29,1179.347
2014-01-30,1180.158
2014-01-31,1174.678
2014-02-03,1154.812
2014-02-04,1155.456
2014-02-05,1156.291
2014-02-06,1172.977
2014-02-07,1187.703
2014-02-10,1190.86
2014-02-11,1203.649
2014-02-12,1208.46
2014-02-13,1213.619
2014-02-14,1217.375
2014-02-17,1220.91
2014-02-18,1227.797
2014-02-19,1226.187
2014-02-20,1228.127
2014-02-21,1232.486
2014-02-24,1240.068
2014-02-25,1242.019
2014-02-26,1240.02
2014-02-27,1244.273
2014-02-28,1248.128
2014-03-03,1232.776
2014-03-04,1249.771
2014-03-05,1250.608
2014-03-06,1256.878
2014-03-07,1253.564
2014-03-10,1247.399
2014-03-11,1243.924
2014-03-12,1237.703
2014-03-13,1226.865
2014-03-14,1220.721
2014-03-17,1229.599
2014-03-18,1239.117
2014-03-19,1234.074
2014-03-20,1227.189
2014-03-21,1223.806
2014-03-24,1213.066
2014-03-25,1216.896
2014-03-26,1214.839
2014-03-27,1215.284
2014-03-28,1220.923
2014-03-31,1232.37
2014-04-01,1243.264
2014-04-02,1246.727
2014-04-03,1240.61
2014-04-04,1231.849
2014-04-07,1214.242
2014-04-08,1217.022
2014-04-09,1228.626
2014-04-10,1211.119
2014-04-11,1193.672
2014-04-14,1193.095
2014-04-15,1193.892
2014-04-16,1210.019
2014-04-17,1217.491
2014-04-18,1218.504
2014-04-21,1219.302
2014-04-22,1228.961
2014-04-23,1227.002
2014-04-24,1227.367
2014-04-25,1216.113
2014-04-28,1211.644
2014-04-29,1218.861
2014-04-30,1226.852
2014-05-01,1230.442
2014-05-02,1233.132
2014-05-05,1234.176
2014-05-06,1230.032
2014-05-07,1225.183
2014-05-08,1225.125
2014-05-09,1224.151
2014-05-12,1237.144
2014-05-13,1238.265
2014-05-14,1233.816
2014-05-15,1223.286
2014-05-16,1222.717
2014-05-19,1228.021
2014-05-20,1221.808
2014-05-21,1228.722
2014-05-22,1236.009
2014-05-23,1240.897
2014-05-26,1245.432
2014-05-27,1250.534
2014-05-28,1251.259
2014-05-29,1256.358
2014-05-30,1257.165
2014-06-02,1260.446
2014-06-03,1258.859
2014-06-04,1263.496
2014-06-05,1270.03
2014-06-06,1278.791
2014-06-09,1279.015
2014-06-10,1276.567
2014-06-11,1272.772
2014-06-12,1268.696
2014-06-13,1268.829
2014-06-16,1268.947
2014-06-17,1272.243
2014-06-18,1276.95
2014-06-19,1282.33
2014-06-20,1283.759
2014-06-23,1282.164
2014-06-24,1276.004
2014-06-25,1274.672
2014-06-26,1276.701
2014-06-27,1279.68
2014-06-30,1284.49
2014-07-01,1294.414
2014-07-02,1295.041
2014-07-03,1301.271
2014-07-04,1300.404
2014-07-07,1290.134
2014-07-08,1278.264
2014-07-09,1282.788
2014-07-10,1271.478
2014-07-11,1270.793
2014-07-14,1279.149
2014-07-15,1272.462
2014-07-16,1279.862
2014-07-17,1267.831
2014-07-18,1275.118
2014-07-21,1271.776
2014-07-22,1281.515
2014-07-23,1282.977
2014-07-24,1284.551
2014-07-25,1279.429
2014-07-28,1277.288
2014-07-29,1274.994
2014-07-30,1272.938
2014-07-31,1253.792
2014-08-01,1249.138
2014-08-04,1252.799
2014-08-05,1244.134
2014-08-06,1240.522
2014-08-07,1235.28
2014-08-08,1240.377
2014-08-11,1251.585
2014-08-12,1249.816
2014-08-13,1256.221
2014-08-14,1261.741
2014-08-15,1260.628
2014-08-18,1271.812
2014-08-19,1277.282
2014-08-20,1278.723
2014-08-21,1280.567
2014-08-22,1279.377
2014-08-25,1285.955
2014-08-26,1289.654
2014-08-27,1290.894
2014-08-28,1286.289
2014-08-29,1289.42
2014-09-01,1288.938
2014-09-02,1289.58
2014-09-03,1292.033
2014-09-04,1287.618
2014-09-05,1288.169
2014-09-08,1283.324
2014-09-09,1273.529
2014-09-10,1274.361
2014-09-11,1274.833
2014-09-12,1268.722
2014-09-15,1262.284
2014-09-16,1263.472
2014-09-17,1265.694
2014-09-18,1270.778
2014-09-19,1266.81
2014-09-22,1254.263
2014-09-23,1245.265
2014-09-24,1250.168
2014-09-25,1237.432
2014-09-26,1241.115
2014-09-29,1239.878
2014-09-30,1234.306
2014-10-01,1217.203
2014-10-02,1210.279
2014-10-03,1216.444
2014-10-06,1219.188
2014-10-07,1203.861
2014-10-08,1210.638
2014-10-09,1193.4
2014-10-10,1168.914
2014-10-13,1155.166
2014-10-14,1157.734
2014-10-15,1153.89
2014-10-16,1156.224
2014-10-17,1170.525
2014-10-20,1182.475
2014-10-21,1204.873
2014-10-22,1200.051
2014-10-23,1211.222
2014-10-24,1218.468
2014-10-27,1217.597
2014-10-28,1233.36
2014-10-29,1233.196
2014-10-30,1234.737
2014-10-31,1248.171
2014-11-03,1242.739
2014-11-04,1240.21
2014-11-05,1245.074
2014-11-06,1250.242
2014-11-07,1251.519
2014-11-10,1256.044
2014-11-11,1258.059
2014-11-12,1259.605
2014-11-13,1258.393
2014-11-14,1260.78
2014-11-17,1256.311
2014-11-18,1269.317
2014-11-19,1265.482
2014-11-20,1268.962
2014-11-21,1276.572
2014-11-24,1279.881
2014-11-25,1282.891
2014-11-26,1283.803
2014-11-27,1280.52
2014-11-28,1274.372
2014-12-01,1265.031
2014-12-02,1267.948
2014-12-03,1275.949
2014-12-04,1274.507
2014-12-05,1275.364
2014-12-08,1263.846
2014-12-09,1262.958
2014-12-10,1243.71
2014-12-11,1243.192
2014-12-12,1229.858
2014-12-15,1218.902
2014-12-16,1220.237
2014-12-17,1233.398
2014-12-18,1256.005
2014-12-19,1265.559
2014-12-22,1268.63
2014-12-23,1271.155
2014-12-24,1273.124
2014-12-25,1272.708
2014-12-26,1275.028
2014-12-29,1276.263
2014-12-30,1269.311
2014-12-31,1263.239
2015-01-01,1263.238
2015-01-02,1260.488
2015-01-05,1237.938
2015-01-06,1221.781
2015-01-07,1226.348
2015-01-08,1248.8
2015-01-09,1245.118
2015-01-12,1236.446
2015-01-13,1238.049
2015-01-14,1229.522
2015-01-15,1224.292
2015-01-16,1230.49
2015-01-19,1237.803
2015-01-20,1239.531
2015-01-21,1247.833
2015-01-22,1256.993
2015-01-23,1256.478
2015-01-26,1263.802
2015-01-27,1263.624
2015-01-28,1253.475
2015-01-29,1256.475
2015-01-30,1246.396
2015-02-02,1254.249
2015-02-03,1269.112
2015-02-04,1268.839
2015-02-05,1279.606
2015-02-06,1273.572
2015-02-09,1268.928
2015-02-10,1279.849
2015-02-11,1277.254
2015-02-12,1296.367
2015-02-13,1304.251
2015-02-16,1303.891
2015-02-17,1305.545
2015-02-18,1313.938
2015-02-19,1317.783
2015-02-20,1323.964
2015-02-23,1326.733
2015-02-24,1327.714
2015-02-25,1333.083
2015-02-26,1329.199
2015-02-27,1329.783
2015-03-02,1334.86
2015-03-03,1328.01
2015-03-04,1320.629
2015-03-05,1325.155
2015-03-06,1310.299
2015-03-09,1309.069
2015-03-10,1291.052
2015-03-11,1294.301
2015-03-12,1308.371
2015-03-13,1302.788
2015-03-16,1316.767
2015-03-17,1314.771
2015-03-18,1326.815
2015-03-19,1327.089
2015-03-20,1342.313
2015-03-23,1343.359
2015-03-24,1341.202
2015-03-25,1328.552
2015-03-26,1318.962
2015-03-27,1323.844
2015-03-30,1331.796
2015-03-31,1322.807
2015-04-01,1319.135
2015-04-02,1329.915
2015-04-03,1330.942
2015-04-06,1342.852
2015-04-07,1341.614
2015-04-08,1347.602
2015-04-09,1351.155
2015-04-10,1353.452
2015-04-13,1347.409
2015-04-14,1354.102
2015-04-15,1356.18
2015-04-16,1357.075
2015-04-17,1341.091
2015-04-20,1346.128
2015-04-21,1354.738
2015-04-22,1355.8
2015-04-23,1361.675
2015-04-24,1363.494
2015-04-27,1363.1
2015-04-28,1361.202
2015-04-29,1356.482
2015-04-30,1345.533
2015-05-01,1352.799
2015-05-04,1356.464
2015-05-05,1343.808
2015-05-06,1344.656
2015-05-07,1343.423
2015-05-08,1359.426
2015-05-11,1358.254
2015-05-12,1355.607
2015-05-13,1361.805
2015-05-14,1370.479
2015-05-15,1375.301
2015-05-18,1378.864
2015-05-19,1373.327
2015-05-20,1373.983
2015-05-21,1378.672
2015-05-22,1372.528
2015-05-25,1372.164
2015-05-26,1355.223
2015-05-27,1362.716
2015-05-28,1360.567
2015-05-29,1352.461
2015-06-01,1352.976
2015-06-02,1358.498
2015-06-03,1364.527
2015-06-04,1353.38
2015-06-05,1345.436
2015-06-08,1339.153
2015-06-09,1337.746
2015-06-10,1355.776
2015-06-11,1359.115
2015-06-12,1354.404
2015-06-15,1342.942
2015-06-16,1348.336
2015-06-17,1347.582
2015-06-18,1363.237
2015-06-19,1363.231
2015-06-22,1376.254
2015-06-23,1374.514
2015-06-24,1363.663
2015-06-25,1362.026
2015-06-26,1357.615
2015-06-29,1328.218
2015-06-30,1329.306
2015-07-01,1338.976
2015-07-02,1337.139
2015-07-03,1336.434
2015-07-06,1325.007
2015-07-07,1322.246
2015-07-08,1304.984
2015-07-09,1313.577
2015-07-10,1331.787
2015-07-13,1344.237
2015-07-14,1351.853
2015-07-15,1346.378
2015-07-16,1354.653
2015-07-17,1351.42
2015-07-20,1351.455
2015-07-21,1348.188
2015-07-22,1343.072
2015-07-23,1342.386
2015-07-24,1329.889
2015-07-27,1316.45
2015-07-28,1326.904
2015-07-29,1338.069
2015-07-30,1337.736
2015-07-31,1347.736
2015-08-03,1342.938
2015-08-04,1344.603
2015-08-05,1347.399
2015-08-06,1336.953
2015-08-07,1333.845
2015-08-10,1350.292
2015-08-11,1339.159
2015-08-12,1334.562
2015-08-13,1337.041
2015-08-14,1340.16
2015-08-17,1346.518
2015-08-18,1344.373
2015-08-19,1331.139
2015-08-20,1306.584
2015-08-21,1275.223
2015-08-24,1231.792
2015-08-25,1229.654
2015-08-26,1252.162
2015-08-27,1277.005
2015-08-28,1284.177
2015-08-31,1274.456
2015-09-01,1242.217
2015-09-02,1255.427
2015-09-03,1261.231
2015-09-04,1242.105
2015-09-07,1243.946
2015-09-08,1264.678
2015-09-09,1265.927
2015-09-10,1265.392
2015-09-11,1266.869
2015-09-14,1262.054
2015-09-15,1270.476
2015-09-16,1282.961
2015-09-17,1284.998
2015-09-18,1270.647
2015-09-21,1266.999
2015-09-22,1243.765
2015-09-23,1239.957
2015-09-24,1230.148
2015-09-25,1234.564
2015-09-28,1207.08
2015-09-29,1192.94
2015-09-30,1218.866
2015-10-01,1225.575
2015-10-02,1240.803
2015-10-05,1262.929
2015-10-06,1261.187
2015-10-07,1268.96
2015-10-08,1276.735
2015-10-09,1286.019
2015-10-12,1284.915
2015-10-13,1273.799
2015-10-14,1268.741
2015-10-15,1285.141
2015-10-16,1286.504
2015-10-19,1284.853
2015-10-20,1285.375
2015-10-21,1280.152
2015-10-22,1286.769
2015-10-23,1294.877
2015-10-26,1295.488
2015-10-27,1288.712
2015-10-28,1302.679
2015-10-29,1298.785
2015-10-30,1306.046
2015-11-02,1312.042
2015-11-03,1309.734
2015-11-04,1307.829
2015-11-05,1306.027
2015-11-06,1302.517
2015-11-09,1293.119
2015-11-10,1292.636
2015-11-11,1293.524
2015-11-12,1278.905
2015-11-13,1265.876
2015-11-16,1273.912
2015-11-17,1281.38
2015-11-18,1292.355
2015-11-19,1301.142
2015-11-20,1303.919
2015-11-23,1302.743
2015-11-24,1301.236
2015-11-25,1307.092
2015-11-26,1312.547
2015-11-27,1310.743
2015-11-30,1309.257
2015-12-01,1320.941
2015-12-02,1310.93
2015-12-03,1298.422
2015-12-04,1308.129
2015-12-07,1304.136
2015-12-08,1293.862
2015-12-09,1286.894
2015-12-10,1286.352
2015-12-11,1268.056
2015-12-14,1260.978
2015-12-15,1270.045
2015-12-16,1285.0
2015-12-17,1274.924
2015-12-18,1262.758
2015-12-21,1266.074
2015-12-22,1273.996
2015-12-23,1288.158
2015-12-24,1289.699
2015-12-25,1289.033
2015-12-28,1288.76
2015-12-29,1300.489
2015-12-30,1294.661
2015-12-31,1286.731
2016-01-01,1286.731
2016-01-04,1262.617
2016-01-05,1260.959
2016-01-06,1242.728
2016-01-07,1219.036
2016-01-08,1208.596
2016-01-11,1201.679
2016-01-12,1202.896
2016-01-13,1188.911
2016-01-14,1182.575
2016-01-15,1163.755
2016-01-18,1156.605
2016-01-19,1158.639
2016-01-20,1140.143
2016-01-21,1141.825
2016-01-22,1173.743
2016-01-25,1163.542
2016-01-26,1174.329
2016-01-27,1170.234
2016-01-28,1162.442
2016-01-29,1187.775
2016-02-01,1197.986
2016-02-02,1174.973
2016-02-03,1176.443
2016-02-04,1183.601
2016-02-05,1157.525
2016-02-08,1128.923
2016-02-09,1122.786
2016-02-10,1127.129
2016-02-11,1116.654
2016-02-12,1125.171
2016-02-15,1141.494
2016-02-16,1155.333
2016-02-17,1176.686
2016-02-18,1178.691
2016-02-19,1177.878
2016-02-22,1192.226
2016-02-23,1182.606
2016-02-24,1180.097
2016-02-25,1195.061
2016-02-26,1198.915
2016-02-29,1195.451
2016-03-01,1217.404
2016-03-02,1223.437
2016-03-03,1233.389
2016-03-04,1238.87
2016-03-07,1238.6
2016-03-08,1224.518
2016-03-09,1225.941
2016-03-10,1225.488
2016-03-11,1250.782
2016-03-14,1252.978
2016-03-15,1243.611
2016-03-16,1247.563
2016-03-17,1266.32
2016-03-18,1269.485
2016-03-21,1267.958
2016-03-22,1270.436
2016-03-23,1259.965
2016-03-24,1255.279
2016-03-25,1256.043
2016-03-28,1260.866
2016-03-29,1272.611
2016-03-30,1287.551
2016-03-31,1288.564
2016-04-01,1280.547
2016-04-04,1279.347
2016-04-05,1263.107
2016-04-06,1275.855
2016-04-07,1267.47
2016-04-08,1275.565
2016-04-11,1274.923
2016-04-12,1278.136
2016-04-13,1295.95
2016-04-14,1297.793
2016-04-15,1297.133
2016-04-18,1299.557
2016-04-19,1311.742
2016-04-20,1312.297
2016-04-21,1310.156
2016-04-22,1306.609
2016-04-25,1305.314
2016-04-26,1311.056
2016-04-27,1314.869
2016-04-28,1307.955
2016-04-29,1304.081
2016-05-02,1307.13
2016-05-03,1294.591
2016-05-04,1282.972
2016-05-05,1280.563
2016-05-06,1281.879
2016-05-09,1283.295
2016-05-10,1298.908
2016-05-11,1292.023
2016-05-12,1288.35
2016-05-13,1279.374
2016-05-16,1287.425
2016-05-17,1286.723
2016-05-18,1284.452
2016-05-19,1273.941
2016-05-20,1287.764
2016-05-23,1286.089
2016-05-24,1299.498
2016-05-25,1306.509
2016-05-26,1309.18
2016-05-27,1312.901
2016-05-30,1313.329
2016-05-31,1315.363
2016-06-01,1314.37
2016-06-02,1317.981
2016-06-03,1324.185
2016-06-06,1329.549
2016-06-07,1338.125
2016-06-08,1341.85
2016-06-09,1333.815
2016-06-10,1310.537
2016-06-13,1293.846
2016-06-14,1279.623
2016-06-15,1285.606
2016-06-16,1274.799
2016-06-17,1284.597
2016-06-20,1313.22
2016-06-21,1313.186
2016-06-22,1312.376
2016-06-23,1331.157
2016-06-24,1260.273
2016-06-27,1221.222
2016-06-28,1244.862
2016-06-29,1274.786
2016-06-30,1287.681
2016-07-01,1296.902
2016-07-04,1296.512
2016-07-05,1280.123
2016-07-06,1276.68
2016-07-07,1283.498
2016-07-08,1299.858
2016-07-11,1314.275
2016-07-12,1324.992
2016-07-13,1327.187
2016-07-14,1332.474
2016-07-15,1327.24
2016-07-18,1330.598
2016-07-19,1329.058
2016-07-20,1338.856
2016-07-21,1337.226
2016-07-22,1337.751
2016-07-25,1337.14
2016-07-26,1343.623
2016-07-27,1340.416
2016-07-28,1344.504
2016-07-29,1358.261
2016-08-01,1352.728
2016-08-02,1341.495
2016-08-03,1337.127
2016-08-04,1340.127
2016-08-05,1345.117
2016-08-08,1346.105
2016-08-09,1351.987
2016-08-10,1353.7
2016-08-11,1361.868
2016-08-12,1363.347
2016-08-15,1366.346
2016-08-16,1358.451
2016-08-17,1354.847
2016-08-18,1362.437
2016-08-19,1359.356
2016-08-22,1363.952
2016-08-23,1370.557
2016-08-24,1362.266
2016-08-25,1359.074
2016-08-26,1357.695
2016-08-29,1353.903
2016-08-30,1350.081
2016-08-31,1345.301
2016-09-01,1352.76
2016-09-02,1358.754
2016-09-05,1361.458
2016-09-06,1368.027
2016-09-07,1370.791
2016-09-08,1365.372
2016-09-09,1332.955
2016-09-12,1337.302
2016-09-13,1324.13
2016-09-14,1323.423
2016-09-15,1333.106
2016-09-16,1326.514
2016-09-19,1334.089
2016-09-20,1332.973
2016-09-21,1346.716
2016-09-22,1363.152
2016-09-23,1355.207
2016-09-26,1346.491
2016-09-27,1350.283
2016-09-28,1356.316
2016-09-29,1350.119
2016-09-30,1355.957
2016-10-03,1354.557
2016-10-04,1348.156
2016-10-05,1347.086
2016-10-06,1344.321
2016-10-07,1334.486
2016-10-10,1337.351
2016-10-11,1321.289
2016-10-12,1315.863
2016-10-13,1312.482
2016-10-14,1314.529
2016-10-17,1309.77
2016-10-18,1321.124
2016-10-19,1329.204
2016-10-20,1322.786
2016-10-21,1319.919
2016-10-24,1322.768
2016-10-25,1311.78
2016-10-26,1309.491
2016-10-27,1301.511
2016-10-28,1303.286
2016-10-31,1308.229
2016-11-01,1302.653
2016-11-02,1292.51
2016-11-03,1289.121
2016-11-04,1285.764
2016-11-07,1301.774
2016-11-08,1305.077
2016-11-09,1301.734
2016-11-10,1302.489
2016-11-11,1299.944
2016-11-14,1296.707
2016-11-15,1305.221
2016-11-16,1305.494
2016-11-17,1315.736
2016-11-18,1307.958
2016-11-21,1318.003
2016-11-22,1320.197
2016-11-23,1319.605
2016-11-24,1322.958
2016-11-25,1328.939
2016-11-28,1323.154
2016-11-29,1324.769
2016-11-30,1317.805
2016-12-01,1310.186
2016-12-02,1309.731
2016-12-05,1318.56
2016-12-06,1325.106
2016-12-07,1337.001
2016-12-08,1339.427
2016-12-09,1338.883
2016-12-12,1334.863
2016-12-13,1341.86
2016-12-14,1332.606
2016-12-15,1320.068
2016-12-16,1320.254
2016-12-19,1324.686
2016-12-20,1324.97
2016-12-21,1326.153
2016-12-22,1321.597
2016-12-23,1324.479
2016-12-26,1324.546
2016-12-27,1326.313
2016-12-28,1319.951
2016-12-29,1323.582
2016-12-30,1323.589
2017-01-02,1325.827
2017-01-03,1326.73
2017-01-04,1343.294
2017-01-05,1350.56
2017-01-06,1350.474
2017-01-09,1346.396
2017-01-10,1351.317
2017-01-11,1349.59
2017-01-12,1355.356
2017-01-13,1360.728
2017-01-16,1358.089
2017-01-17,1357.031
2017-01-18,1360.817
2017-01-19,1352.162
2017-01-20,1356.769
2017-01-23,1357.394
2017-01-24,1367.998
2017-01-25,1378.365
2017-01-26,1377.286
2017-01-27,1379.261
2017-01-30,1370.6
2017-01-31,1374.323
2017-02-01,1373.205
2017-02-02,1377.116
2017-02-03,1383.782
2017-02-06,1376.566
2017-02-07,1375.882
2017-02-08,1382.193
2017-02-09,1387.162
2017-02-10,1395.728
2017-02-13,1399.287
2017-02-14,1397.062
2017-02-15,1402.837
2017-02-16,1404.046
2017-02-17,1404.524
2017-02-20,1405.651
2017-02-21,1410.891
2017-02-22,1407.02
2017-02-23,1407.069
2017-02-24,1404.7
2017-02-27,1407.447
2017-02-28,1403.463
2017-03-01,1412.418
2017-03-02,1405.101
2017-03-03,1402.365
2017-03-06,1399.4
2017-03-07,1394.363
2017-03-08,1390.063
2017-03-09,1388.492
2017-03-10,1398.885
2017-03-13,1406.368
2017-03-14,1399.746
2017-03-15,1409.91
2017-03-16,1420.4
2017-03-17,1421.012
2017-03-20,1419.847
2017-03-21,1407.073
2017-03-22,1404.124
2017-03-23,1407.576
2017-03-24,1410.429
2017-03-27,1410.844
2017-03-28,1420.977
2017-03-29,1422.677
2017-03-30,1423.092
2017-03-31,1420.047
2017-04-03,1416.619
2017-04-04,1415.351
2017-04-05,1413.048
2017-04-06,1416.233
2017-04-07,1416.312
2017-04-10,1419.182
2017-04-11,1422.687
2017-04-12,1417.892
2017-04-13,1413.836
2017-04-14,1412.231
2017-04-17,1422.615
2017-04-18,1417.079
2017-04-19,1419.167
2017-04-20,1427.804
2017-04-21,1424.848
2017-04-24,1446.925
2017-04-25,1452.793
2017-04-26,1455.448
2017-04-27,1455.708
2017-04-28,1451.918
2017-05-01,1455.826
2017-05-02,1460.837
2017-05-03,1454.609
2017-05-04,1457.397
2017-05-05,1469.506
2017-05-08,1468.788
2017-05-09,1467.153
2017-05-10,1471.507
2017-05-11,1465.938
2017-05-12,1465.88
2017-05-15,1474.512
2017-05-16,1478.232
2017-05-17,1462.19
2017-05-18,1461.754
2017-05-19,1475.363
2017-05-22,1485.081
2017-05-23,1483.081
2017-05-24,1483.886
2017-05-25,1490.17
2017-05-26,1487.39
2017-05-29,1486.933
2017-05-30,1485.473
2017-05-31,1487.733
2017-06-01,1502.392
2017-06-02,1512.807
2017-06-05,1509.855
2017-06-06,1503.851
2017-06-07,1504.798
2017-06-08,1500.946
2017-06-09,1495.326
2017-06-12,1488.783
2017-06-13,1501.232
2017-06-14,1504.229
2017-06-15,1489.086
2017-06-16,1495.614
2017-06-19,1505.13
2017-06-20,1493.789
2017-06-21,1494.131
2017-06-22,1497.219
2017-06-23,1502.469
2017-06-26,1503.438
2017-06-27,1492.421
2017-06-28,1500.803
2017-06-29,1490.553
2017-06-30,1491.208
2017-07-03,1491.316
2017-07-04,1488.825
2017-07-05,1490.675
2017-07-06,1480.641
2017-07-07,1483.765
2017-07-10,1488.39
2017-07-11,1488.306
2017-07-12,1502.692
2017-07-13,1506.631
2017-07-14,1517.211
2017-07-17,1519.254
2017-07-18,1520.461
2017-07-19,1527.323
2017-07-20,1530.692
2017-07-21,1527.043
2017-07-24,1524.156
2017-07-25,1525.977
2017-07-26,1526.807
2017-07-27,1525.702
2017-07-28,1524.611
2017-07-31,1523.943
2017-08-01,1531.576
2017-08-02,1527.046
2017-08-03,1525.992
2017-08-04,1523.349
2017-08-07,1526.308
2017-08-08,1518.562
2017-08-09,1512.997
2017-08-10,1498.26
2017-08-11,1497.784
2017-08-14,1508.825
2017-08-15,1503.251
2017-08-16,1511.778
2017-08-17,1503.732
2017-08-18,1498.11
2017-08-21,1499.923
2017-08-22,1509.969
2017-08-23,1507.963
2017-08-24,1509.043
2017-08-25,1512.63
2017-08-28,1514.685
2017-08-29,1512.773
2017-08-30,1516.657
2017-08-31,1530.419
2017-09-01,1536.811
2017-09-04,1534.322
2017-09-05,1530.602
2017-09-06,1532.092
2017-09-07,1540.602
2017-09-08,1543.633
2017-09-11,1554.325
2017-09-12,1558.434
2017-09-13,1553.057
2017-09-14,1551.431
2017-09-15,1552.444
2017-09-18,1557.421
2017-09-19,1559.829
2017-09-20,1563.245
2017-09-21,1554.726
2017-09-22,1560.954
2017-09-25,1554.698
2017-09-26,1548.638
2017-09-27,1553.297
2017-09-28,1559.411
2017-09-29,1566.17
2017-10-02,1569.217
2017-10-03,1573.917
2017-10-04,1578.071
2017-10-05,1577.521
2017-10-06,1574.467
2017-10-09,1574.108
2017-10-10,1581.045
2017-10-11,1583.298
2017-10-12,1586.987
2017-10-13,1590.385
2017-10-16,1588.637
2017-10-17,1583.923
2017-10-18,1585.844
2017-10-19,1588.644
2017-10-20,1591.856
2017-10-23,1589.507
2017-10-24,1588.485
2017-10-25,1582.278
2017-10-26,1586.92
2017-10-27,1593.108
2017-10-30,1594.056
2017-10-31,1599.596
2017-11-01,1599.959
2017-11-02,1600.476
2017-11-03,1604.231
2017-11-06,1608.657
2017-11-07,1605.736
2017-11-08,1609.632
2017-11-09,1599.652
2017-11-10,1598.482
2017-11-13,1591.932
2017-11-14,1591.574
2017-11-15,1581.999
2017-11-16,1599.741
2017-11-17,1602.803
2017-11-20,1607.291
2017-11-21,1615.118
2017-11-22,1616.699
2017-11-23,1620.17
2017-11-24,1625.445
2017-11-27,1621.417
2017-11-28,1628.244
2017-11-29,1626.148
2017-11-30,1636.022
2017-12-01,1625.564
2017-12-04,1621.344
2017-12-05,1616.94
2017-12-06,1608.197
2017-12-07,1617.594
2017-12-08,1624.786
2017-12-11,1628.656
2017-12-12,1625.632
2017-12-13,1627.843
2017-12-14,1623.575
2017-12-15,1628.772
2017-12-18,1648.464
2017-12-19,1645.764
2017-12-20,1647.817
2017-12-21,1650.874
2017-12-22,1651.169
2017-12-25,1651.999
2017-12-26,1654.02
2017-12-27,1659.76
2017-12-28,1665.663
2017-12-29,1662.497
2018-01-01,1662.618
2018-01-02,1672.465
2018-01-03,1681.854
2018-01-04,1696.103
2018-01-05,1706.406
2018-01-08,1709.746
2018-01-09,1711.63
2018-01-10,1707.054
2018-01-11,1714.755
2018-01-12,1724.436
2018-01-15,1733.593
2018-01-16,1727.729
2018-01-17,1737.474
2018-01-18,1736.702
2018-01-19,1750.142
2018-01-22,1754.754
2018-01-23,1763.199
2018-01-24,1765.155
2018-01-25,1765.291
2018-01-26,1774.342
2018-01-29,1763.71
2018-01-30,1750.162
2018-01-31,1751.361
2018-02-01,1754.283
2018-02-02,1719.678
2018-02-05,1673.341
2018-02-06,1656.162
2018-02-07,1663.611
2018-02-08,1622.075
2018-02-09,1619.689
2018-02-12,1640.151
2018-02-13,1645.123
2018-02-14,1670.679
2018-02-15,1693.507
2018-02-16,1698.636
2018-02-19,1696.429
2018-02-20,1694.29
2018-02-21,1691.833
2018-02-22,1687.902
2018-02-23,1700.301
2018-02-26,1707.067
2018-02-27,1694.651
2018-02-28,1679.999
2018-03-01,1658.756
2018-03-02,1661.658
2018-03-05,1673.539
2018-03-06,1691.778
2018-03-07,1693.255
2018-03-08,1701.645
2018-03-09,1720.374
2018-03-12,1725.5
2018-03-13,1719.432
2018-03-14,1712.642
2018-03-15,1711.332
2018-03-16,1709.774
2018-03-19,1697.798
2018-03-20,1699.386
2018-03-21,1702.061
2018-03-22,1675.953
2018-03-23,1651.763
2018-03-26,1670.088
2018-03-27,1662.893
2018-03-28,1649.571
2018-03-29,1663.542
2018-03-30,1665.412
2018-04-02,1646.094
2018-04-03,1647.491
2018-04-04,1649.942
2018-04-05,1667.888
2018-04-06,1648.782
2018-04-09,1654.826
2018-04-10,1676.471
2018-04-11,1669.744
2018-04-12,1676.144
2018-04-13,1673.984
2018-04-16,1685.463
2018-04-17,1703.431
2018-04-18,1715.161
2018-04-19,1706.454
2018-04-20,1694.696
2018-04-23,1689.331
2018-04-24,1674.889
2018-04-25,1664.06
2018-04-26,1675.451
2018-04-27,1677.915
2018-04-30,1672.066
2018-05-01,1667.576
2018-05-02,1669.38
2018-05-03,1668.684
2018-05-04,1680.491
2018-05-07,1690.846
2018-05-08,1694.221
2018-05-09,1702.874
2018-05-10,1710.796
2018-05-11,1718.383
2018-05-14,1718.892
2018-05-15,1705.949
2018-05-16,1709.287
2018-05-17,1713.438
2018-05-18,1715.774
2018-05-21,1723.755
2018-05-22,1718.554
2018-05-23,1713.544
2018-05-24,1714.28
2018-05-25,1713.325
2018-05-28,1711.099
2018-05-29,1694.198
2018-05-30,1705.529
2018-05-31,1703.471
2018-06-01,1716.574
2018-06-04,1727.395
2018-06-05,1729.523
2018-06-06,1745.01
2018-06-07,1742.555
2018-06-08,1744.602
2018-06-11,1751.088
2018-06-12,1756.911
2018-06-13,1756.896
2018-06-14,1757.693
2018-06-15,1751.316
2018-06-18,1746.624
2018-06-19,1726.673
2018-06-20,1736.215
2018-06-21,1724.31
2018-06-22,1728.013
2018-06-25,1700.075
2018-06-26,1701.66
2018-06-27,1690.211
2018-06-28,1684.326
2018-06-29,1696.875
2018-07-02,1684.468
2018-07-03,1689.249
2018-07-04,1686.588
2018-07-05,1696.828
2018-07-06,1712.409
2018-07-09,1727.542
2018-07-10,1729.649
2018-07-11,1717.036
2018-07-12,1727.75
2018-07-13,1731.432
2018-07-16,1728.743
2018-07-17,1736.084
2018-07-18,1739.336
2018-07-19,1735.529
2018-07-20,1740.278
2018-07-23,1735.633
2018-07-24,1735.789
2018-07-25,1744.019
2018-07-26,1748.773
2018-07-27,1739.142
2018-07-30,1726.107
2018-07-31,1729.819
2018-08-01,1724.16
2018-08-02,1725.432
2018-08-03,1727.963
2018-08-06,1729.933
2018-08-07,1734.011
2018-08-08,1732.51
2018-08-09,1734.594
2018-08-10,1714.204
2018-08-13,1702.461
2018-08-14,1708.787
2018-08-15,1684.415
2018-08-16,1695.439
2018-08-17,1702.055
2018-08-20,1710.849
2018-08-21,1722.256
2018-08-22,1729.606
2018-08-23,1726.171
2018-08-24,1739.923
2018-08-27,1756.333
2018-08-28,1760.906
2018-08-29,1766.344
2018-08-30,1759.658
2018-08-31,1756.988
2018-09-03,1754.616
2018-09-04,1746.188
2018-09-05,1730.94
2018-09-06,1722.268
2018-09-07,1717.297
2018-09-10,1724.494
2018-09-11,1729.72
2018-09-12,1735.279
2018-09-13,1737.83
2018-09-14,1745.235
2018-09-17,1737.648
2018-09-18,1749.387
2018-09-19,1749.562
2018-09-20,1760.355
2018-09-21,1760.875
2018-09-24,1756.353
2018-09-25,1760.424
2018-09-26,1757.274
2018-09-27,1750.831
2018-09-28,1747.05
2018-10-01,1744.817
2018-10-02,1732.171
2018-10-03,1733.484
2018-10-04,1707.932
2018-10-05,1691.619
2018-10-08,1672.483
2018-10-09,1663.081
2018-10-10,1619.077
2018-10-11,1590.101
2018-10-12,1606.704
2018-10-15,1602.423
2018-10-16,1633.837
2018-10-17,1628.467
2018-10-18,1607.103
2018-10-19,1590.863
2018-10-22,1586.164
2018-10-23,1559.527
2018-10-24,1523.951
2018-10-25,1531.438
2018-10-26,1513.669
2018-10-29,1508.384
2018-10-30,1530.65
2018-10-31,1555.607
2018-11-01,1581.816
2018-11-02,1588.795
2018-11-05,1578.156
2018-11-06,1581.956
2018-11-07,1603.973
2018-11-08,1599.46
2018-11-09,1580.345
2018-11-12,1550.216
2018-11-13,1551.399
2018-11-14,1545.078
2018-11-15,1551.428
2018-11-16,1555.551
2018-11-19,1532.509
2018-11-20,1506.968
2018-11-21,1520.849
2018-11-22,1522.291
2018-11-23,1521.485
2018-11-26,1540.888
2018-11-27,1532.182
2018-11-28,1554.166
2018-11-29,1563.161
2018-11-30,1557.433
2018-12-03,1584.468
2018-12-04,1546.788
2018-12-05,1537.497
2018-12-06,1518.833
2018-12-07,1501.374
2018-12-10,1484.629
2018-12-11,1487.248
2018-12-12,1511.975
2018-12-13,1502.074
2018-12-14,1480.597
2018-12-17,1460.219
2018-12-18,1455.724
2018-12-19,1447.984
2018-12-20,1418.073
2018-12-21,1398.938
2018-12-24,1385.286
2018-12-25,1377.86
2018-12-26,1411.473
2018-12-27,1423.513
2018-12-28,1430.813
2018-12-31,1442.807
2019-01-01,1442.867
2019-01-02,1434.795
2019-01-03,1413.178
2019-01-04,1450.174
2019-01-07,1473.332
2019-01-08,1488.405
2019-01-09,1510.103
2019-01-10,1515.219
2019-01-11,1514.017
2019-01-14,1505.171
2019-01-15,1515.067
2019-01-16,1520.079
2019-01-17,1528.483
2019-01-18,1551.3
2019-01-21,1552.64
2019-01-22,1536.801
2019-01-23,1533.091
2019-01-24,1541.367
2019-01-25,1559.53
2019-01-28,1551.65
2019-01-29,1553.145
2019-01-30,1566.417
2019-01-31,1575.655
2019-02-01,1581.869
2019-02-04,1587.434
2019-02-05,1600.018
2019-02-06,1597.045
2019-02-07,1582.066
2019-02-08,1573.547
2019-02-11,1578.084
2019-02-12,1596.322
2019-02-13,1605.637
2019-02-14,1604.584
2019-02-15,1616.427
2019-02-18,1623.934
2019-02-19,1624.286
2019-02-20,1629.939
2019-02-21,1626.432
2019-02-22,1636.119
2019-02-25,1642.033
2019-02-26,1640.041
2019-02-27,1641.723
2019-02-28,1638.741
2019-03-01,1653.068
2019-03-04,1647.738
2019-03-05,1641.282
2019-03-06,1632.691
2019-03-07,1617.134
2019-03-08,1606.6
2019-03-11,1623.371
2019-03-12,1632.45
2019-03-13,1641.09
2019-03-14,1641.08
2019-03-15,1652.814
2019-03-18,1660.011
2019-03-19,1663.516
2019-03-20,1655.059
2019-03-21,1671.258
2019-03-22,1642.394
2019-03-25,1634.291
2019-03-26,1647.648
2019-03-27,1640.744
2019-03-28,1646.324
2019-03-29,1660.497
2019-04-01,1681.406
2019-04-02,1682.701
2019-04-03,1697.75
2019-04-04,1692.643
2019-04-05,1701.173
2019-04-08,1702.713
2019-04-09,1692.924
2019-04-10,1700.9
2019-04-11,1704.521
2019-04-12,1714.212
2019-04-15,1717.91
2019-04-16,1716.954
2019-04-17,1708.781
2019-04-18,1708.609
2019-04-19,1709.806
2019-04-22,1709.867
2019-04-23,1722.125
2019-04-24,1722.582
2019-04-25,1710.225
2019-04-26,1719.682
2019-04-29,1718.974
2019-04-30,1720.215
2019-05-01,1713.945
2019-05-02,1711.227
2019-05-03,1723.939
2019-05-06,1712.691
2019-05-07,1689.377
2019-05-08,1689.429
2019-05-09,1678.407
2019-05-10,1683.446
2019-05-13,1648.702
2019-05-14,1663.176
2019-05-15,1672.508
2019-05-16,1685.714
2019-05-17,1676.816
2019-05-20,1664.16
2019-05-21,1677.261
2019-05-22,1673.878
2019-05-23,1650.202
2019-05-24,1657.407
2019-05-27,1657.466
2019-05-28,1654.566
2019-05-29,1633.632
2019-05-30,1638.444
2019-05-31,1633.069
2019-06-03,1632.186
2019-06-04,1654.236
2019-06-05,1676.21
2019-06-06,1679.239
2019-06-07,1697.796
2019-06-10,1708.495
2019-06-11,1711.825
2019-06-12,1712.105
2019-06-13,1712.653
2019-06-14,1703.517
2019-06-17,1700.581
2019-06-18,1717.525
2019-06-19,1731.438
2019-06-20,1748.393
2019-06-21,1738.811
2019-06-24,1738.739
2019-06-25,1731.44
2019-06-26,1723.792
2019-06-27,1733.7
2019-06-28,1748.397
2019-07-01,1759.986
2019-07-02,1761.95
2019-07-03,1774.607
2019-07-04,1776.379
2019-07-05,1765.431
2019-07-08,1753.465
2019-07-09,1751.268
2019-07-10,1753.73
2019-07-11,1758.239
2019-07-12,1766.397
2019-07-15,1770.547
2019-07-16,1767.681
2019-07-17,1764.285
2019-07-18,1760.594
2019-07-19,1761.832
2019-07-22,1760.491
2019-07-23,1769.261
2019-07-24,1780.605
2019-07-25,1769.34
2019-07-26,1774.361
2019-07-29,1770.0
2019-07-30,1761.801
2019-07-31,1753.028
2019-08-01,1743.314
2019-08-02,1718.823
2019-08-05,1675.996
2019-08-06,1687.297
2019-08-07,1697.024
2019-08-08,1725.768
2019-08-09,1715.562
2019-08-12,1700.786
2019-08-13,1708.322
2019-08-14,1673.003
2019-08-15,1667.593
2019-08-16,1687.328
2019-08-19,1703.527
2019-08-20,1700.681
2019-08-21,1717.78
2019-08-22,1712.296
2019-08-23,1690.903
2019-08-26,1691.559
2019-08-27,1697.084
2019-08-28,1696.281
2019-08-29,1712.246
2019-08-30,1718.755
2019-09-02,1715.648
2019-09-03,1707.127
2019-09-04,1725.176
2019-09-05,1745.932
2019-09-06,1750.395
2019-09-09,1738.576
2019-09-10,1729.08
2019-09-11,1741.279
2019-09-12,1747.224
2019-09-13,1750.589
2019-09-16,1745.107
2019-09-17,1754.562
2019-09-18,1751.353
2019-09-19,1753.78
2019-09-20,1748.315
2019-09-23,1743.416
2019-09-24,1738.1
2019-09-25,1734.18
2019-09-26,1733.623
2019-09-27,1725.864
2019-09-30,1728.658
2019-10-01,1714.185
2019-10-02,1687.254
2019-10-03,1695.56
2019-10-04,1711.937
2019-10-07,1713.845
2019-10-08,1689.651
2019-10-09,1699.544
2019-10-10,1705.935
2019-10-11,1732.508
2019-10-14,1728.927
2019-10-15,1746.633
2019-10-16,1743.781
2019-10-17,1753.598
2019-10-18,1747.961
2019-10-21,1755.955
2019-10-22,1748.169
2019-10-23,1749.271
2019-10-24,1763.529
2019-10-25,1770.664
2019-10-28,1778.752
2019-10-29,1779.669
2019-10-30,1784.153
2019-10-31,1779.613
2019-11-01,1796.14
2019-11-04,1801.356
2019-11-05,1797.351
2019-11-06,1795.316
2019-11-07,1801.888
2019-11-08,1802.329
2019-11-11,1804.328
2019-11-12,1807.642
2019-11-13,1809.588
2019-11-14,1808.023
2019-11-15,1823.217
2019-11-18,1827.072
2019-11-19,1832.094
2019-11-20,1828.816
2019-11-21,1819.021
2019-11-22,1822.143
2019-11-25,1838.636
2019-11-26,1850.64
2019-11-27,1857.394
2019-11-28,1855.719
2019-11-29,1846.315
2019-12-02,1833.866
2019-12-03,1827.054
2019-12-04,1832.608
2019-12-05,1838.031
2019-12-06,1847.876
2019-12-09,1842.785
2019-12-10,1837.437
2019-12-11,1839.002
2019-12-12,1843.778
2019-12-13,1855.227
2019-12-16,1869.506
2019-12-17,1868.148
2019-12-18,1861.992
2019-12-19,1867.665
2019-12-20,1874.203
2019-12-23,1876.471
2019-12-24,1880.808
2019-12-25,1880.097
2019-12-26,1883.916
2019-12-27,1888.233
2019-12-30,1879.79
2019-12-31,1882.722
2020-01-01,1882.764
2020-01-02,1894.905
2020-01-03,1888.485
2020-01-06,1886.194
2020-01-07,1889.489
2020-01-08,1890.458
2020-01-09,1901.884
2020-01-10,1903.971
2020-01-13,1910.815
2020-01-14,1914.937
2020-01-15,1919.275
2020-01-16,1931.158
2020-01-17,1933.253
2020-01-20,1934.435
2020-01-21,1931.856
2020-01-22,1939.64
2020-01-23,1934.643
2020-01-24,1930.784
2020-01-27,1900.753
2020-01-28,1910.041
2020-01-29,1911.359
2020-01-30,1905.993
2020-01-31,1884.542
2020-02-03,1891.379
2020-02-04,1917.817
2020-02-05,1925.975
2020-02-06,1932.059
2020-02-07,1917.037
2020-02-10,1922.428
2020-02-11,1935.316
2020-02-12,1944.668
2020-02-13,1944.551
2020-02-14,1949.401
2020-02-17,1947.388
2020-02-18,1940.356
2020-02-19,1948.443
2020-02-20,1939.624
2020-02-21,1925.059
2020-02-24,1874.506
2020-02-25,1827.118
2020-02-26,1812.867
2020-02-27,1763.271
2020-02-28,1728.79
2020-03-02,1770.387
2020-03-03,1764.236
2020-03-04,1801.288
2020-03-05,1772.631
2020-03-06,1735.517
2020-03-09,1625.666
2020-03-10,1652.885
2020-03-11,1587.879
2020-03-12,1436.082
2020-03-13,1483.308
2020-03-16,1351.362
2020-03-17,1390.037
2020-03-18,1314.832
2020-03-19,1335.522
2020-03-20,1313.144
2020-03-23,1276.057
2020-03-24,1388.931
2020-03-25,1429.376
2020-03-26,1502.453
2020-03-27,1473.302
2020-03-30,1501.11
2020-03-31,1489.175
2020-04-01,1439.345
2020-04-02,1439.73
2020-04-03,1416.691
2020-04-06,1497.308
2020-04-07,1520.396
2020-04-08,1556.036
2020-04-09,1583.775
2020-04-10,1584.632
2020-04-13,1569.672
2020-04-14,1611.827
2020-04-15,1578.539
2020-04-16,1580.751
2020-04-17,1628.206
2020-04-20,1619.007
2020-04-21,1571.275
2020-04-22,1599.961
2020-04-23,1609.31
2020-04-24,1617.528
2020-04-27,1653.464
2020-04-28,1658.461
2020-04-29,1696.298
2020-04-30,1679.883
2020-05-01,1646.569
2020-05-04,1639.243
2020-05-05,1667.289
2020-05-06,1668.988
2020-05-07,1694.748
2020-05-08,1723.725
2020-05-11,1728.216
2020-05-12,1711.311
2020-05-13,1681.269
2020-05-14,1670.6
2020-05-15,1684.906
2020-05-18,1732.691
2020-05-19,1735.154
2020-05-20,1763.055
2020-05-21,1751.38
2020-05-22,1758.003
2020-05-25,1771.781
2020-05-26,1799.027
2020-05-27,1800.047
2020-05-28,1821.352
2020-05-29,1833.047
2020-06-01,1850.133
2020-06-02,1868.897
2020-06-03,1890.496
2020-06-04,1880.962
2020-06-05,1900.891
2020-06-08,1908.397
2020-06-09,1895.568
2020-06-10,1899.29
2020-06-11,1822.493
2020-06-12,1821.586
2020-06-15,1831.952
2020-06-16,1870.853
2020-06-17,1880.489
2020-06-18,1883.209
2020-06-19,1887.081
2020-06-22,1894.426
2020-06-23,1905.853
2020-06-24,1861.274
2020-06-25,1868.907
2020-06-26,1857.765
2020-06-29,1860.439
2020-06-30,1883.014
2020-07-01,1899.438
2020-07-02,1913.222
2020-07-03,1915.7
2020-07-06,1943.142
2020-07-07,1936.726
2020-07-08,1946.644
2020-07-09,1946.65
2020-07-10,1944.826
2020-07-13,1929.75
2020-07-14,1939.9
2020-07-15,1973.596
2020-07-16,1960.969
2020-07-17,1975.031
2020-07-20,2000.917
2020-07-21,2008.597
2020-07-22,2013.158
2020-07-23,2001.292
2020-07-24,1980.109
2020-07-27,2006.161
2020-07-28,1992.013
2020-07-29,2013.819
2020-07-30,2006.864
2020-07-31,2006.192
2020-08-03,2029.413
2020-08-04,2036.08
2020-08-05,2057.714
2020-08-06,2049.28
2020-08-07,2039.548
2020-08-10,2029.585
2020-08-11,2031.126
2020-08-12,2049.107
2020-08-13,2066.063
2020-08-14,2055.566
2020-08-17,2070.905
2020-08-18,2075.83
2020-08-19,2065.809
2020-08-20,2057.365
2020-08-21,2053.124
2020-08-24,2063.085
2020-08-25,2067.916
2020-08-26,2087.979
2020-08-27,2075.928
2020-08-28,2084.645
2020-08-31,2089.494
2020-09-01,2109.026
2020-09-02,2129.371
2020-09-03,2063.714
2020-09-04,2018.683
2020-09-07,2030.903
2020-09-08,2001.359
2020-09-09,2030.493
2020-09-10,2018.771
2020-09-11,2015.847
2020-09-14,2041.829
2020-09-15,2057.491
2020-09-16,2062.91
2020-09-17,2050.595
2020-09-18,2051.2
2020-09-21,2021.952
2020-09-22,2033.381
2020-09-23,2013.256
2020-09-24,1997.7
2020-09-25,2024.5
2020-09-28,2058.799
2020-09-29,2065.895
2020-09-30,2065.007
2020-10-01,2085.999
2020-10-02,2076.006
2020-10-05,2114.085
2020-10-06,2105.046
2020-10-07,2127.991
2020-10-08,2143.872
2020-10-09,2167.009
2020-10-12,2185.676
2020-10-13,2185.376
2020-10-14,2181.744
2020-10-15,2165.02
2020-10-16,2167.049
2020-10-19,2159.521
2020-10-20,2160.245
2020-10-21,2154.573
2020-10-22,2153.936
2020-10-23,2164.68
2020-10-26,2124.559
2020-10-27,2125.131
2020-10-28,2074.411
2020-10-29,2072.266
2020-10-30,2045.968
2020-11-02,2068.104
2020-11-03,2114.383
2020-11-04,2166.544
2020-11-05,2220.38
2020-11-06,2233.886
2020-11-09,2213.116
2020-11-10,2191.436
2020-11-11,2220.247
2020-11-12,2218.272
2020-11-13,2225.608
2020-11-16,2246.14
2020-11-17,2247.198
2020-11-18,2235.415
2020-11-19,2250.259
2020-11-20,2257.885
2020-11-23,2255.278
2020-11-24,2262.359
2020-11-25,2273.492
2020-11-26,2278.659
2020-11-27,2302.788
2020-11-30,2306.34
2020-12-01,2313.488
2020-12-02,2300.918
2020-12-03,2318.611
2020-12-04,2331.717
2020-12-07,2333.002
2020-12-08,2348.682
2020-12-09,2329.768
2020-12-10,2343.225
2020-12-11,2345.185
2020-12-14,2353.514
2020-12-15,2371.586
2020-12-16,2383.282
2020-12-17,2416.536
2020-12-18,2423.716
2020-12-21,2410.791
2020-12-22,2423.864
2020-12-23,2428.71
2020-12-24,2430.565
2020-12-25,2430.906
2020-12-28,2421.612
2020-12-29,2428.985
2020-12-30,2441.891
2020-12-31,2434.92
2021-01-01,2434.92
2021-01-04,2426.626
2021-01-05,2442.632
2021-01-06,2442.124
2021-01-07,2480.955
2021-01-08,2504.147
2021-01-11,2483.76
2021-01-12,2489.921
2021-01-13,2492.017
2021-01-14,2493.418
2021-01-15,2461.469
2021-01-18,2463.612
2021-01-19,2484.29
2021-01-20,2503.071
2021-01-21,2507.957
2021-01-22,2500.283
2021-01-25,2490.182
2021-01-26,2464.715
2021-01-27,2410.059
2021-01-28,2439.069
2021-01-29,2406.987
2021-02-01,2445.892
2021-02-02,2486.712
2021-02-03,2486.876
2021-02-04,2503.667
2021-02-05,2525.39
2021-02-08,2547.845
2021-02-09,2558.696
2021-02-10,2556.165
2021-02-11,2573.468
2021-02-12,2589.752
2021-02-15,2599.225
2021-02-16,2586.923
2021-02-17,2555.266
2021-02-18,2544.895
2021-02-19,2570.327
2021-02-22,2518.867
2021-02-23,2503.111
2021-02-24,2500.297
2021-02-25,2460.259
2021-02-26,2441.624
2021-03-01,2494.632
2021-03-02,2474.909
2021-03-03,2418.539
2021-03-04,2358.713
2021-03-05,2353.555
2021-03-08,2331.236
2021-03-09,2387.488
2021-03-10,2390.977
2021-03-11,2449.532
2021-03-12,2441.846
2021-03-15,2462.812
2021-03-16,2458.835
2021-03-17,2452.918
2021-03-18,2420.576
2021-03-19,2428.378
2021-03-22,2447.182
2021-03-23,2420.746
2021-03-24,2385.17
2021-03-25,2383.806
2021-03-26,2422.552
2021-03-29,2403.237
2021-03-30,2403.155
2021-03-31,2429.971
2021-04-01,2471.555
2021-04-02,2474.686
2021-04-05,2488.919
2021-04-06,2506.383
2021-04-07,2498.063
2021-04-08,2527.939
2021-04-09,2539.2
2021-04-12,2529.764
2021-04-13,2553.071
2021-04-14,2551.113
2021-04-15,2577.487
2021-04-16,2582.161
2021-04-19,2570.686
2021-04-20,2543.173
2021-04-21,2557.783
2021-04-22,2572.211
2021-04-23,2596.014
2021-04-26,2615.8
2021-04-27,2608.47
2021-04-28,2595.432
2021-04-29,2586.839
2021-04-30,2556.371
2021-05-03,2551.912
2021-05-04,2511.508
2021-05-05,2518.783
2021-05-06,2502.159
2021-05-07,2538.335
2021-05-10,2510.825
2021-05-11,2486.475
2021-05-12,2429.435
2021-05-13,2425.627
2021-05-14,2476.589
2021-05-17,2468.577
2021-05-18,2484.16
2021-05-19,2468.142
2021-05-20,2511.452
2021-05-21,2514.136
2021-05-24,2533.309
2021-05-25,2544.63
2021-05-26,2552.389
2021-05-27,2559.079
2021-05-28,2569.493
2021-05-31,2568.621
2021-06-01,2570.828
2021-06-02,2568.834
2021-06-03,2549.103
2021-06-04,2573.633
2021-06-07,2583.284
2021-06-08,2593.371
2021-06-09,2586.464
2021-06-10,2598.942
2021-06-11,2607.724
2021-06-14,2618.152
2021-06-15,2610.744
2021-06-16,2613.699
2021-06-17,2606.178
2021-06-18,2582.602
2021-06-21,2600.313
2021-06-22,2625.421
2021-06-23,2627.362
2021-06-24,2641.715
2021-06-25,2653.02
2021-06-28,2654.885
2021-06-29,2658.713
2021-06-30,2641.181
2021-07-01,2644.697
2021-07-02,2657.223
2021-07-05,2662.012
2021-07-06,2665.591
2021-07-07,2667.635
2021-07-08,2643.893
2021-07-09,2665.812
2021-07-12,2675.094
2021-07-13,2660.607
2021-07-14,2645.669
2021-07-15,2627.167
2021-07-16,2615.647
2021-07-19,2585.581
2021-07-20,2611.026
2021-07-21,2643.328
2021-07-22,2662.933
2021-07-23,2680.472
2021-07-26,2680.108
2021-07-27,2667.787
2021-07-28,2679.841
2021-07-29,2697.825
2021-07-30,2682.225
2021-08-02,2698.113
2021-08-03,2701.516
2021-08-04,2708.674
2021-08-05,2723.561
2021-08-06,2702.568
2021-08-09,2701.035
2021-08-10,2700.375
2021-08-11,2702.526
2021-08-12,2707.287
2021-08-13,2712.099
2021-08-16,2696.829
2021-08-17,2677.579
2021-08-18,2669.539
2021-08-19,2653.396
2021-08-20,2670.251
2021-08-23,2707.793
2021-08-24,2731.071
2021-08-25,2738.718
2021-08-26,2726.87
2021-08-27,2749.344
2021-08-30,2761.022
2021-08-31,2755.565
2021-09-01,2774.836
2021-09-02,2795.2
2021-09-03,2802.83
2021-09-06,2810.196
2021-09-07,2796.776
2021-09-08,2779.984
2021-09-09,2777.533
2021-09-10,2776.722
2021-09-13,2761.608
2021-09-14,2765.205
2021-09-15,2764.517
2021-09-16,2769.157
2021-09-17,2751.267
2021-09-20,2709.175
2021-09-21,2716.776
2021-09-22,2738.394
2021-09-23,2767.184
2021-09-24,2752.959
2021-09-27,2725.256
2021-09-28,2651.583
2021-09-29,2635.093
2021-09-30,2631.791
2021-10-01,2636.151
2021-10-04,2600.147
2021-10-05,2615.205
2021-10-06,2605.899
2021-10-07,2639.985
2021-10-08,2630.05
2021-10-11,2620.524
2021-10-12,2629.911
2021-10-13,2661.216
2021-10-14,2698.906
2021-10-15,2717.546
2021-10-18,2725.368
2021-10-19,2745.876
2021-10-20,2749.999
2021-10-21,2766.047
2021-10-22,2767.497
2021-10-25,2773.353
2021-10-26,2770.563
2021-10-27,2749.773
2021-10-28,2779.816
2021-10-29,2774.349
2021-11-01,2798.603
2021-11-02,2800.115
2021-11-03,2799.519
2021-11-04,2817.823
2021-11-05,2811.911
2021-11-08,2837.489
2021-11-09,2837.216
2021-11-10,2794.707
2021-11-11,2804.572
2021-11-12,2834.941
2021-11-15,2834.737
2021-11-16,2845.539
2021-11-17,2829.505
2021-11-18,2819.937
2021-11-19,2819.078
2021-11-22,2777.074
2021-11-23,2749.681
2021-11-24,2754.576
2021-11-25,2760.904
2021-11-26,2715.186
2021-11-29,2731.705
2021-11-30,2685.891
2021-12-01,2656.051
2021-12-02,2671.629
2021-12-03,2630.083
2021-12-06,2638.243
2021-12-07,2717.951
2021-12-08,2739.985
2021-12-09,2703.095
2021-12-10,2691.066
2021-12-13,2674.693
2021-12-14,2634.6
2021-12-15,2660.995
2021-12-16,2645.132
2021-12-17,2644.92
2021-12-20,2611.143
2021-12-21,2667.496
2021-12-22,2694.409
2021-12-23,2713.88
2021-12-24,2717.102
2021-12-27,2735.97
2021-12-28,2732.906
2021-12-29,2738.335
2021-12-30,2738.449
2021-12-31,2734.858
2022-01-03,2714.273
2022-01-04,2698.499
2022-01-05,2636.414
2022-01-06,2603.694
2022-01-07,2576.561
2022-01-10,2551.008
2022-01-11,2579.895
2022-01-12,2597.991
2022-01-13,2553.87
2022-01-14,2522.131
2022-01-17,2523.455
2022-01-18,2472.189
2022-01-19,2458.926
2022-01-20,2453.605
2022-01-21,2399.713
2022-01-24,2384.238
2022-01-25,2336.599
2022-01-26,2335.044
2022-01-27,2289.559
2022-01-28,2329.042
2022-01-31,2402.644
2022-02-01,2431.919
2022-02-02,2446.469
2022-02-03,2390.379
2022-02-04,2399.018
2022-02-07,2402.6
2022-02-08,2408.609
2022-02-09,2472.461
2022-02-10,2453.23
2022-02-11,2409.446
2022-02-14,2378.375
2022-02-15,2426.69
2022-02-16,2429.286
2022-02-17,2380.823
2022-02-18,2348.728
2022-02-21,2336.298
2022-02-22,2316.362
2022-02-23,2283.256
2022-02-24,2297.19
2022-02-25,2358.046
2022-02-28,2371.066
2022-03-01,2343.941
2022-03-02,2358.714
2022-03-03,2322.674
2022-03-04,2273.688
2022-03-07,2205.407
2022-03-08,2185.364
2022-03-09,2271.902
2022-03-10,2261.117
2022-03-11,2225.372
2022-03-14,2207.088
2022-03-15,2230.286
2022-03-16,2310.222
2022-03-17,2361.965
2022-03-18,2399.871
2022-03-21,2389.803
2022-03-22,2407.555
2022-03-23,2385.914
2022-03-24,2396.162
2022-03-25,2385.858
2022-03-28,2390.269
2022-03-29,2453.195
2022-03-30,2436.165
2022-03-31,2405.292
2022-04-01,2402.753
2022-04-04,2426.908
2022-04-05,2396.135
2022-04-06,2343.708
2022-04-07,2343.742
2022-04-08,2335.419
2022-04-11,2302.087
2022-04-12,2288.442
2022-04-13,2315.126
2022-04-14,2296.566
2022-04-15,2293.41
2022-04-18,2275.073
2022-04-19,2305.135
2022-04-20,2315.037
2022-04-21,2276.987
2022-04-22,2215.656
2022-04-25,2210.791
2022-04-26,2152.741
2022-04-27,2145.09
2022-04-28,2180.004
2022-04-29,2152.208
2022-05-02,2153.108
2022-05-03,2158.602
2022-05-04,2189.883
2022-05-05,2126.07
2022-05-06,2081.098
2022-05-09,1980.597
2022-05-10,1989.93
2022-05-11,1971.884
2022-05-12,1970.09
2022-05-13,2041.232
2022-05-16,2028.141
2022-05-17,2070.399
2022-05-18,2015.928
2022-05-19,2034.322
2022-05-20,2041.367
2022-05-23,2062.072
2022-05-24,2019.485
2022-05-25,2033.842
2022-05-26,2074.539
2022-05-27,2132.815
2022-05-30,2155.002
2022-05-31,2116.402
2022-06-01,2095.625
2022-06-02,2148.204
2022-06-03,2127.142
2022-06-06,2137.025
2022-06-07,2146.972
2022-06-08,2135.741
2022-06-09,2085.383
2022-06-10,2022.458
2022-06-13,1938.935
2022-06-14,1915.475
2022-06-15,1940.699
2022-06-16,1880.458
2022-06-17,1885.13
2022-06-20,1891.837
2022-06-21,1917.392
2022-06-22,1909.883
2022-06-23,1927.834
2022-06-24,1986.305
2022-06-27,1997.601
2022-06-28,1966.968
2022-06-29,1948.998
2022-06-30,1929.791
2022-07-01,1938.036
2022-07-04,1945.697
2022-07-05,1944.143
2022-07-06,1948.682
2022-07-07,1990.21
2022-07-08,1992.377
2022-07-11,1959.989
2022-07-12,1938.554
2022-07-13,1931.869
2022-07-14,1905.101
2022-07-15,1942.548
2022-07-18,1958.66
2022-07-19,2004.406
2022-07-20,2034.065
2022-07-21,2056.457
2022-07-22,2045.197
2022-07-25,2037.762
2022-07-26,2010.603
2022-07-27,2050.191
2022-07-28,2092.372
2022-07-29,2119.628
2022-08-01,2130.626
2022-08-02,2121.86
2022-08-03,2130.238
2022-08-04,2145.826
2022-08-05,2140.29
2022-08-08,2156.978
2022-08-09,2128.806
2022-08-10,2192.148
2022-08-11,2193.302
2022-08-12,2210.19
2022-08-15,2214.2
2022-08-16,2209.122
2022-08-17,2181.15
2022-08-18,2183.36
2022-08-19,2141.406
2022-08-22,2101.766
2022-08-23,2098.362
2022-08-24,2111.309
2022-08-25,2136.039
2022-08-26,2081.374
2022-08-29,2048.627
2022-08-30,2037.582
2022-08-31,2030.403
2022-09-01,1991.432
2022-09-02,2002.78
2022-09-05,1991.022
2022-09-06,1985.434
2022-09-07,2008.618
2022-09-08,2036.694
2022-09-09,2079.501
2022-09-12,2104.495
2022-09-13,2036.832
2022-09-14,2030.171
2022-09-15,2006.722
2022-09-16,1976.294
2022-09-19,1980.521
2022-09-20,1953.393
2022-09-21,1927.961
2022-09-22,1882.993
2022-09-23,1841.15
2022-09-26,1816.838
2022-09-27,1821.294
2022-09-28,1851.754
2022-09-29,1831.876
2022-09-30,1828.322
2022-10-03,1868.256
2022-10-04,1939.864
2022-10-05,1927.153
2022-10-06,1920.451
2022-10-07,1867.632
2022-10-10,1842.59
2022-10-11,1821.196
2022-10-12,1809.878
2022-10-13,1824.74
2022-10-14,1803.143
2022-10-17,1847.25
2022-10-18,1874.976
2022-10-19,1845.072
2022-10-20,1841.803
2022-10-21,1852.409
2022-10-24,1872.172
2022-10-25,1917.596
2022-10-26,1935.545
2022-10-27,1927.964
2022-10-28,1936.197
2022-10-31,1930.516
2022-11-01,1940.415
2022-11-02,1900.681
2022-11-03,1882.398
2022-11-04,1905.008
2022-11-07,1922.716
2022-11-08,1949.279
2022-11-09,1914.632
2022-11-10,2025.835
2022-11-11,2069.573
2022-11-14,2052.724
2022-11-15,2079.117
2022-11-16,2050.025
2022-11-17,2024.123
2022-11-18,2038.542
2022-11-21,2019.878
2022-11-22,2046.901
2022-11-23,2069.373
2022-11-24,2084.248
2022-11-25,2082.728
2022-11-28,2056.789
2022-11-29,2047.355
2022-11-30,2090.773
2022-12-01,2133.134
2022-12-02,2128.115
2022-12-05,2090.399
2022-12-06,2057.496
2022-12-07,2055.451
2022-12-08,2070.0
2022-12-09,2069.596
2022-12-12,2083.193
2022-12-13,2121.568
2022-12-14,2116.446
2022-12-15,2054.338
2022-12-16,2027.602
2022-12-19,2006.979
2022-12-20,2007.319
2022-12-21,2035.884
2022-12-22,2011.273
2022-12-23,2013.55
2022-12-26,2014.054
2022-12-27,2012.432
2022-12-28,1994.016
2022-12-29,2028.562
2022-12-30,2018.603
2023-01-02,2021.693
2023-01-03,2015.796
2023-01-04,2038.051
2023-01-05,2011.866
2023-01-06,2047.561
2023-01-09,2075.913
2023-01-10,2084.604
2023-01-11,2115.156
2023-01-12,2128.778
2023-01-13,2143.466
2023-01-16,2145.0
2023-01-17,2153.273
2023-01-18,2150.868
2023-01-19,2113.773
2023-01-20,2146.137
2023-01-23,2178.287
2023-01-24,2176.184
2023-01-25,2173.843
2023-01-26,2191.924
2023-01-27,2202.458
2023-01-30,2180.528
2023-01-31,2197.604
2023-02-01,2229.659
2023-02-02,2277.956
2023-02-03,2243.359
2023-02-06,2210.904
2023-02-07,2230.029
2023-02-08,2218.202
2023-02-09,2211.987
2023-02-10,2186.49
2023-02-13,2206.736
2023-02-14,2213.967
2023-02-15,2232.038
2023-02-16,2220.738
2023-02-17,2203.225
2023-02-20,2205.51
2023-02-21,2164.004
2023-02-22,2152.888
2023-02-23,2160.975
2023-02-24,2136.276
2023-02-27,2147.671
2023-02-28,2145.389
2023-03-01,2145.734
2023-03-02,2154.237
2023-03-03,2185.776
2023-03-06,2185.056
2023-03-07,2157.314
2023-03-08,2156.231
2023-03-09,2134.825
2023-03-10,2093.025
2023-03-13,2082.032
2023-03-14,2100.871
2023-03-15,2062.267
2023-03-16,2094.215
2023-03-17,2078.179
2023-03-20,2090.08
2023-03-21,2120.292
2023-03-22,2101.152
2023-03-23,2113.302
2023-03-24,2096.386
2023-03-27,2111.044
2023-03-28,2112.966
2023-03-29,2137.824
2023-03-30,2158.065
2023-03-31,2187.28
2023-04-03,2184.564
2023-04-04,2175.592
2023-04-05,2143.914
2023-04-06,2144.509
2023-04-07,2144.95
2023-04-10,2146.251
2023-04-11,2165.986
2023-04-12,2166.862
2023-04-13,2194.229
2023-04-14,2186.022
2023-04-17,2189.899
2023-04-18,2199.515
2023-04-19,2189.061
2023-04-20,2184.425
2023-04-21,2186.846
2023-04-24,2191.933
2023-04-25,2158.363
2023-04-26,2144.071
2023-04-27,2160.746
2023-04-28,2174.729
2023-05-01,2176.284
2023-05-02,2154.664
2023-05-03,2159.779
2023-05-04,2151.412
2023-05-05,2176.903
2023-05-08,2180.365
2023-05-09,2174.66
2023-05-10,2179.866
2023-05-11,2174.472
2023-05-12,2171.272
2023-05-15,2187.204
2023-05-16,2167.15
2023-05-17,2178.795
2023-05-18,2197.498
2023-05-19,2199.74
2023-05-22,2211.692
2023-05-23,2182.87
2023-05-24,2154.874
2023-05-25,2153.988
2023-05-26,2171.206
2023-05-29,2173.835
2023-05-30,2172.367
2023-05-31,2152.753
2023-06-01,2173.958
2023-06-02,2209.871
2023-06-05,2208.425
2023-06-06,2218.556
2023-06-07,2206.312
2023-06-08,2209.223
2023-06-09,2208.796
2023-06-12,2227.984
2023-06-13,2254.739
2023-06-14,2257.897
2023-06-15,2275.059
2023-06-16,2273.925
2023-06-19,2263.38
2023-06-20,2249.809
2023-06-21,2241.676
2023-06-22,2232.536
2023-06-23,2205.969
2023-06-26,2209.098
2023-06-27,2231.536
2023-06-28,2242.248
2023-06-29,2249.702
2023-06-30,2271.959
2023-07-03,2273.76
2023-07-04,2274.596
2023-07-05,2259.37
2023-07-06,2227.21
2023-07-07,2237.136
2023-07-10,2260.467
2023-07-11,2288.073
2023-07-12,2314.377
2023-07-13,2346.028
2023-07-14,2341.056
2023-07-17,2353.423
2023-07-18,2366.654
2023-07-19,2366.296
2023-07-20,2331.439
2023-07-21,2326.051
2023-07-24,2323.644
2023-07-25,2335.475
2023-07-26,2336.546
2023-07-27,2326.598
2023-07-28,2342.317
2023-07-31,2355.528
2023-08-01,2338.032
2023-08-02,2291.849
2023-08-03,2282.931
2023-08-04,2284.924
2023-08-07,2291.35
2023-08-08,2273.291
2023-08-09,2268.343
2023-08-10,2273.038
2023-08-11,2257.972
2023-08-14,2257.192
2023-08-15,2238.559
2023-08-16,2219.682
2023-08-17,2188.453
2023-08-18,2186.338
2023-08-21,2188.207
2023-08-22,2194.092
2023-08-23,2217.3
2023-08-24,2195.543
2023-08-25,2192.974
2023-08-28,2214.43
2023-08-29,2247.195
2023-08-30,2268.556
2023-08-31,2267.335
2023-09-01,2271.946
2023-09-04,2272.34
2023-09-05,2251.665
2023-09-06,2243.92
2023-09-07,2232.727
2023-09-08,2223.424
2023-09-11,2232.226
2023-09-12,2220.045
2023-09-13,2208.912
2023-09-14,2225.416
2023-09-15,2210.471
2023-09-18,2200.81
2023-09-19,2191.302
2023-09-20,2189.209
2023-09-21,2141.275
2023-09-22,2142.903
2023-09-25,2138.955
2023-09-26,2115.541
2023-09-27,2118.706
2023-09-28,2139.393
2023-09-29,2145.208
2023-10-02,2120.237
2023-10-03,2083.215
2023-10-04,2091.467
2023-10-05,2101.724
2023-10-06,2123.505
2023-10-09,2129.779
2023-10-10,2159.782
2023-10-11,2164.691
2023-10-12,2142.312
2023-10-13,2114.488
2023-10-16,2131.265
2023-10-17,2142.178
2023-10-18,2103.897
2023-10-19,2075.285
2023-10-20,2046.743
2023-10-23,2042.397
2023-10-24,2050.772
2023-10-25,2016.145
2023-10-26,1994.943
2023-10-27,1992.168
2023-10-30,1997.883
2023-10-31,2012.436
2023-11-01,2019.065
2023-11-02,2068.971
2023-11-03,2114.349
2023-11-06,2110.453
2023-11-07,2111.23
2023-11-08,2117.063
2023-11-09,2113.613
2023-11-10,2117.155
2023-11-13,2122.375
2023-11-14,2186.31
2023-11-15,2201.111
2023-11-16,2185.425
2023-11-17,2200.674
2023-11-20,2219.1
2023-11-21,2214.72
2023-11-22,2217.376
2023-11-23,2220.769
2023-11-24,2228.279
2023-11-27,2224.707
2023-11-28,2224.149
2023-11-29,2236.837
2023-11-30,2246.818
2023-12-01,2272.882
2023-12-04,2265.143
2023-12-05,2250.269
2023-12-06,2256.891
2023-12-07,2261.005
2023-12-08,2269.043
2023-12-11,2279.81
2023-12-12,2292.816
2023-12-13,2320.418
2023-12-14,2368.89
2023-12-15,2359.831
2023-12-18,2359.961
2023-12-19,2384.383
2023-12-20,2362.653
2023-12-21,2383.348
2023-12-22,2393.577
2023-12-25,2394.027
2023-12-26,2403.301
2023-12-27,2420.953
2023-12-28,2424.211
2023-12-29,2412.235
2024-01-01,2412.323
2024-01-02,2373.767
2024-01-03,2327.632
2024-01-04,2329.11
2024-01-05,2328.203
2024-01-08,2358.543
2024-01-09,2358.141
2024-01-10,2368.594
2024-01-11,2365.783
2024-01-12,2374.32
2024-01-15,2368.957
2024-01-16,2348.311
2024-01-17,2325.059
2024-01-18,2343.227
2024-01-19,2360.98
2024-01-22,2390.092
2024-01-23,2386.176
2024-01-24,2382.188
2024-01-25,2383.542
2024-01-26,2381.877
2024-01-29,2402.542
2024-01-30,2400.458
2024-01-31,2384.244
2024-02-01,2396.561
2024-02-02,2407.453
2024-02-05,2386.421
2024-02-06,2407.02
2024-02-07,2422.218
2024-02-08,2440.283
2024-02-09,2455.464
2024-02-12,2458.547
2024-02-13,2420.056
2024-02-14,2454.535
2024-02-15,2479.601
2024-02-16,2474.869
2024-02-19,2476.07
2024-02-20,2461.845
2024-02-21,2447.73
2024-02-22,2494.656
2024-02-23,2498.466
2024-02-26,2503.802
2024-02-27,2510.774
2024-02-28,2506.292
2024-02-29,2523.874
2024-03-01,2543.983
2024-03-04,2552.374
2024-03-05,2529.296
2024-03-06,2554.08
2024-03-07,2583.075
2024-03-08,2576.332
2024-03-11,2554.711
2024-03-12,2573.723
2024-03-13,2574.958
2024-03-14,2555.112
2024-03-15,2537.859
2024-03-18,2547.043
2024-03-19,2548.931
2024-03-20,2567.144
2024-03-21,2595.765
2024-03-22,2583.9
2024-03-25,2582.013
2024-03-26,2583.121
2024-03-27,2593.546
2024-03-28,2591.838
2024-03-29,2592.448
2024-04-01,2575.997
2024-04-02,2550.34
2024-04-03,2554.617
2024-04-04,2544.843
2024-04-05,2549.404
2024-04-08,2562.544
2024-04-09,2566.076
2024-04-10,2533.515
2024-04-11,2537.337
2024-04-12,2501.676
2024-04-15,2468.784
2024-04-16,2451.836
2024-04-17,2434.277
2024-04-18,2427.451
2024-04-19,2396.473
2024-04-22,2417.843
2024-04-23,2457.827
2024-04-24,2462.962
2024-04-25,2453.217
2024-04-26,2470.611
2024-04-29,2484.513
2024-04-30,2446.939
2024-05-01,2440.652
2024-05-02,2463.078
2024-05-03,2487.02
2024-05-06,2516.827
2024-05-07,2520.987
2024-05-08,2505.789
2024-05-09,2517.897
2024-05-10,2519.89
2024-05-13,2517.885
2024-05-14,2532.288
2024-05-15,2566.743
2024-05-16,2559.828
2024-05-17,2557.664
2024-05-20,2571.372
2024-05-21,2557.17
2024-05-22,2545.985
2024-05-23,2527.472
2024-05-24,2541.917
2024-05-27,2548.758
2024-05-28,2532.049
2024-05-29,2495.189
2024-05-30,2491.407
2024-05-31,2499.805
2024-06-03,2497.516
2024-06-04,2490.283
2024-06-05,2514.054
2024-06-06,2514.196
2024-06-07,2500.039
2024-06-10,2506.339
2024-06-11,2497.915
2024-06-12,2534.115
2024-06-13,2514.224
2024-06-14,2485.98
2024-06-17,2490.955
2024-06-18,2509.89
2024-06-19,2507.885
2024-06-20,2501.779
2024-06-21,2494.515
2024-06-24,2504.305
2024-06-25,2504.407
2024-06-26,2497.737
2024-06-27,2509.757
2024-06-28,2501.553
2024-07-01,2488.847
2024-07-02,2497.774
2024-07-03,2522.691
2024-07-04,2528.495
2024-07-05,2532.478
2024-07-08,2534.193
2024-07-09,2524.691
2024-07-10,2539.44
2024-07-11,2568.183
2024-07-12,2591.146
2024-07-15,2591.03
2024-07-16,2612.259
2024-07-17,2574.191
2024-07-18,2553.616
2024-07-19,2540.806
2024-07-22,2562.292
2024-07-23,2563.211
2024-07-24,2515.078
2024-07-25,2498.717
2024-07-26,2526.354
2024-07-29,2530.061
2024-07-30,2531.143
2024-07-31,2571.486
2024-08-01,2523.55
2024-08-02,2454.551
2024-08-05,2389.084
2024-08-06,2426.602
2024-08-07,2421.578
2024-08-08,2463.748
2024-08-09,2478.11
2024-08-12,2475.454
2024-08-13,2516.405
2024-08-14,2532.489
2024-08-15,2562.388
2024-08-16,2575.721
2024-08-19,2598.062
2024-08-20,2596.959
2024-08-21,2618.326
2024-08-22,2605.855
2024-08-23,2642.336
2024-08-26,2633.94
2024-08-27,2636.501
2024-08-28,2619.019
2024-08-29,2625.742
2024-08-30,2639.767
2024-09-02,2634.14
2024-09-03,2584.52
2024-09-04,2568.402
2024-09-05,2555.477
2024-09-06,2532.292
2024-09-09,2547.998
2024-09-10,2550.082
2024-09-11,2567.451
2024-09-12,2599.29
2024-09-13,2628.485
2024-09-16,2636.314
2024-09-17,2642.141
2024-09-18,2635.653
2024-09-19,2682.481
2024-09-20,2670.3
2024-09-23,2682.603
2024-09-24,2697.133
2024-09-25,2690.985
2024-09-26,2711.918
2024-09-27,2730.039
2024-09-30,2719.244
2024-10-01,2699.755
2024-10-02,2693.139
2024-10-03,2684.951
2024-10-04,2698.112
2024-10-07,2692.02
2024-10-08,2690.879
2024-10-09,2711.511
2024-10-10,2705.827
2024-10-11,2732.433
2024-10-14,2739.476
2024-10-15,2728.733
2024-10-16,2722.779
2024-10-17,2722.454
2024-10-18,2732.346
2024-10-21,2719.007
2024-10-22,2697.97
2024-10-23,2667.374
2024-10-24,2680.39
2024-10-25,2680.845
2024-10-28,2693.237
2024-10-29,2700.469
2024-10-30,2689.355
2024-10-31,2652.63
2024-11-01,2655.513
2024-11-04,2662.193
2024-11-05,2696.121
2024-11-06,2732.711
2024-11-07,2777.524
2024-11-08,2793.563
2024-11-11,2802.628
2024-11-12,2783.558
2024-11-13,2767.642
2024-11-14,2747.616
2024-11-15,2712.647
2024-11-18,2727.233
2024-11-19,2756.778
2024-11-20,2767.747
2024-11-21,2799.802
2024-11-22,2825.78
2024-11-25,2847.351
2024-11-26,2837.773
2024-11-27,2842.162
2024-11-28,2846.219
2024-11-29,2858.385
2024-12-02,2858.365
2024-12-03,2881.004
2024-12-04,2907.411
2024-12-05,2904.98
2024-12-06,2916.161
2024-12-09,2882.268
2024-12-10,2842.421
2024-12-11,2864.414
2024-12-12,2857.657
2024-12-13,2834.98
2024-12-16,2843.372
2024-12-17,2824.373
2024-12-18,2751.617
2024-12-19,2720.547
2024-12-20,2756.173
2024-12-23,2753.63
2024-12-24,2767.117
2024-12-25,2766.275
2024-12-26,2766.36
2024-12-27,2753.873
2024-12-30,2729.133
2024-12-31,2717.939
2025-01-01,2717.999
2025-01-02,2725.382
2025-01-03,2748.3
2025-01-06,2767.477
2025-01-07,2748.395
2025-01-08,2744.322
2025-01-09,2742.867
2025-01-10,2709.522
2025-01-13,2701.357
2025-01-14,2720.412
2025-01-15,2760.983
2025-01-16,2779.591
2025-01-17,2796.904
2025-01-20,2810.319
2025-01-21,2842.812
2025-01-22,2860.471
2025-01-23,2870.67
2025-01-24,2875.251
2025-01-27,2827.229
2025-01-28,2856.928
2025-01-29,2860.529
2025-01-30,2887.089
2025-01-31,2866.0
2025-02-03,2826.006
2025-02-04,2846.241
2025-02-05,2871.019
2025-02-06,2871.84
2025-02-07,2873.222
2025-02-10,2889.188
2025-02-11,2871.285
2025-02-12,2867.718
2025-02-13,2919.045
2025-02-14,2935.983
2025-02-17,2946.551
2025-02-18,2951.795
2025-02-19,2930.408
2025-02-20,2895.241
2025-02-21,2839.191
2025-02-24,2828.627
2025-02-25,2803.911
2025-02-26,2829.736
2025-02-27,2782.098
2025-02-28,2797.403
2025-03-03,2780.434
2025-03-04,2753.698
2025-03-05,2810.668
2025-03-06,2765.547
2025-03-07,2753.443
2025-03-10,2685.496
2025-03-11,2673.852
2025-03-12,2697.214
2025-03-13,2653.586
2025-03-14,2711.486
2025-03-17,2748.393
2025-03-18,2735.599
2025-03-19,2759.906
2025-03-20,2749.298
2025-03-21,2742.399
2025-03-24,2775.151
2025-03-25,2781.415
2025-03-26,2742.998
2025-03-27,2727.354
2025-03-28,2686.13
2025-03-31,2659.159
2025-04-01,2681.179
2025-04-02,2703.409
2025-04-03,2613.978
2025-04-04,2462.124
2025-04-07,2403.817
2025-04-08,2416.884
2025-04-09,2535.511
2025-04-10,2548.908
2025-04-11,2579.324
2025-04-14,2627.528
2025-04-15,2646.197
2025-04-16,2627.082
2025-04-17,2631.601
2025-04-18,2634.43
2025-04-21,2604.073
2025-04-22,2637.69
2025-04-23,2677.55
2025-04-24,2719.802
2025-04-25,2732.847
2025-04-28,2740.21
2025-04-29,2759.971
2025-04-30,2768.893
2025-05-01,2773.544
2025-05-02,2837.318
2025-05-05,2840.126
2025-05-06,2835.957
2025-05-07,2848.705
2025-05-08,2871.324
2025-05-09,2874.902
2025-05-12,2917.184
2025-05-13,2950.846
2025-05-14,2962.357
2025-05-15,2963.614
2025-05-16,2981.169
2025-05-19,2994.602
2025-05-20,2992.339
2025-05-21,2960.739
2025-05-22,2947.219
2025-05-23,2948.761
2025-05-26,2967.717
2025-05-27,2991.439
2025-05-28,2980.967
2025-05-29,2987.464
2025-05-30,2993.416
2025-06-02,3016.186
2025-06-03,3030.469
2025-06-04,3046.44
2025-06-05,3051.145
2025-06-06,3049.328
2025-06-09,3044.955
2025-06-10,3039.56
2025-06-11,3046.086
2025-06-12,3052.232
2025-06-13,3017.594
2025-06-16,3057.828
2025-06-17,3034.298
2025-06-18,3040.896
2025-06-19,3024.674
2025-06-20,3025.551
2025-06-23,3030.102
2025-06-24,3081.94
2025-06-25,3063.782
2025-06-26,3093.808
2025-06-27,3116.971
2025-06-30,3142.065
2025-07-01,3125.999
2025-07-02,3126.872
2025-07-03,3148.969
2025-07-04,3147.111
2025-07-07,3136.074
2025-07-08,3120.327
2025-07-09,3138.369
2025-07-10,3128.156
2025-07-11,3106.261
2025-07-14,3115.332
2025-07-15,3095.348
2025-07-16,3098.691
2025-07-17,3125.795
2025-07-18,3154.5
2025-07-21,3144.121
2025-07-22,3143.957
2025-07-23,3181.12
2025-07-24,3191.971
2025-07-25,3199.629
2025-07-28,3191.803
2025-07-29,3180.418
2025-07-30,3183.043
2025-07-31,3163.407
2025-08-01,3132.381
2025-08-04,3176.566
2025-08-05,3173.318
2025-08-06,3183.655
2025-08-07,3185.736
2025-08-08,3160.629
2025-08-11,3136.839
2025-08-12,3169.085
2025-08-13,3189.365
2025-08-14,3168.075
2025-08-15,3179.205
2025-08-18,3190.391
2025-08-19,3172.267
2025-08-20,3160.432
2025-08-21,3152.319
2025-08-22,3205.904
2025-08-25,3184.803
2025-08-26,3186.405
2025-08-27,3190.356
2025-08-28,3222.877
2025-08-29,3206.031
2025-09-01,3207.488
2025-09-02,3175.748
2025-09-03,3175.255
2025-09-04,3185.136
2025-09-05,3212.53
2025-09-08,3228.525
2025-09-09,3228.862
2025-09-10,3232.201
2025-09-11,3264.985
2025-09-12,3255.693
2025-09-15,3274.486
2025-09-16,3262.618
2025-09-17,3256.707
2025-09-18,3270.47
2025-09-19,3270.375
2025-09-22,3284.834
2025-09-23,3272.322
2025-09-24,3242.326
2025-09-25,3217.314
2025-09-26,3228.357
2025-09-29,3243.588
2025-09-30,3240.499
2025-10-01,3242.256
2025-10-02,3259.111
2025-10-03,3266.489
2025-10-06,3282.054
2025-10-07,3258.199
2025-10-08,3284.131
2025-10-09,3268.3
2025-10-10,3196.995
2025-10-13,3224.595
2025-10-14,3222.399
2025-10-15,3244.587
2025-10-16,3238.535
2025-10-17,3213.535
2025-10-20,3254.114
2025-10-21,3260.073
2025-10-22,3239.213
2025-10-23,3270.691
2025-10-24,3289.003
2025-10-27,3311.189
2025-10-28,3298.855
2025-10-29,3282.954
2025-10-30,3241.209
2025-10-31,3269.331
2025-11-03,3268.676
2025-11-04,3215.518
2025-11-05,3220.197
2025-11-06,3192.121
2025-11-07,3205.875
2025-11-10,3243.504
2025-11-11,3250.025
2025-11-12,3257.756
2025-11-13,3202.611
2025-11-14,3185.81
2025-11-17,3136.931
2025-11-18,3102.458
2025-11-19,3103.274
2025-11-20,3067.038
2025-11-21,3074.368
2025-11-24,3107.451
2025-11-25,3138.865
2025-11-26,3171.61
2025-11-27,3181.784
2025-11-28,3212.777
2025-12-01,3186.869
2025-12-02,3191.997
2025-12-03,3209.231
2025-12-04,3237.016
2025-12-05,3237.881
2025-12-08,3237.199
2025-12-09,3222.389
2025-12-10,3238.738
2025-12-11,3264.525
2025-12-12,3222.435
2025-12-15,3210.822
2025-12-16,3195.687
2025-12-17,3167.28
2025-12-18,3192.763
2025-12-19,3226.16
2025-12-22,3268.808
2025-12-23,3267.832
2025-12-24,3269.689
2025-12-25,3269.204
2025-12-26,3263.471
2025-12-29,3252.887
2025-12-30,3246.482
2025-12-31,3224.334
2026-01-01,3224.486
2026-01-02,3246.539
2026-01-05,3287.974
2026-01-06,3333.681
2026-01-07,3334.896
2026-01-08,3301.305
2026-01-09,3316.686
2026-01-12,3334.226
2026-01-13,3340.142
2026-01-14,3332.711
2026-01-15,3341.273
2026-01-16,3346.755
2026-01-19,3343.025
2026-01-20,3317.689
2026-01-21,3335.089
2026-01-22,3355.253
2026-01-23,3356.977
2026-01-26,3378.707
2026-01-27,3397.206
2026-01-28,3386.06
2026-01-29,3344.432
2026-01-30,3292.981
2026-02-02,3280.614
2026-02-03,3288.123
2026-02-04,3251.125
2026-02-05,3199.441
2026-02-06,3269.971
2026-02-09,3340.846
2026-02-10,3362.487
2026-02-11,3357.463
2026-02-12,3291.543
2026-02-13,3294.379
2026-02-16,3294.986
2026-02-17,3291.405
2026-02-18,3335.759
2026-02-19,3338.617
2026-02-20,3353.507
2026-02-23,3314.962
2026-02-24,3343.811
2026-02-25,3382.895
2026-02-26,3401.215
2026-02-27,3392.75
2026-03-02,3377.841
2026-03-03,3289.303
2026-03-04,3309.28
2026-03-05,3275.319
2026-03-06,3228.31
2026-03-09,3229.045
2026-03-10,3253.573
2026-03-11,3244.33
2026-03-12,3190.57
2026-03-13,3158.805
2026-03-16,3191.452
2026-03-17,3212.43
2026-03-18,3199.9
2026-03-19,3171.219
2026-03-20,3107.132
2026-03-23,3121.519
2026-03-24,3131.28
2026-03-25,3178.936
2026-03-26,3103.128
2026-03-27,3055.979
2026-03-30,3014.277
2026-03-31,3091.19
2026-04-01,3172.473
2026-04-02,3165.386
2026-04-03,3175.426
2026-04-06,3179.879
2026-04-07,3164.478
2026-04-08,3308.381
2026-04-09,3287.548
2026-04-10,3307.195
2026-04-13,3333.537
2026-04-14,3400.556
2026-04-15,3406.026
2026-04-16,3419.58
2026-04-17,3472.791
2026-04-20,3477.516
2026-04-21,3451.54
2026-04-22,3452.64
2026-04-23,3423.205
2026-04-24,3422.624
2026-04-27,3422.518
2026-04-28,3362.157
2026-04-29,3357.199
2026-04-30,3435.217
2026-05-01,3455.495
2026-05-04,3450.209
2026-05-05,3478.82
2026-05-06,3548.22
2026-05-07,3545.516
2026-05-08,3537.943
2026-05-11,3576.363
2026-05-12,3543.447
2026-05-13,3556.824
2026-05-14,3554.911
2026-05-15,3478.382
2026-05-18,3447.441
2026-05-19,3423.066
2026-05-20,3469.307
2026-05-21,3499.785
2026-05-22,3538.363
2026-05-25,3577.801
2026-05-26,3584.016
2026-05-27,3569.583
2026-05-28,3582.808
2026-05-29,3619.929
2026-06-01,3589.732
2026-06-02,3619.179
2026-06-03,3590.865
2026-06-04,3591.326
2026-06-05,3482.171
2026-06-08,3478.793
2026-06-09,3465.978
2026-06-10,3414.852
2026-06-11,3475.665
2026-06-12,3511.336
2026-06-15,3589.077
2026-06-16,3550.003
2026-06-17,3539.273
2026-06-18,3563.066
2026-06-19,3554.874
2026-06-22,3586.935
2026-06-23,3501.604
2026-06-24,3509.88
2026-06-25,3530.627
2026-06-26,3484.09
2026-06-29,3534.42
2026-06-30,3578.137
2026-07-01,3555.041
2026-07-02,3537.226
2026-07-03,3556.262
2026-07-06,3570.087
2026-07-07,3503.787
2026-07-08,3466.336
2026-07-09,3515.912
2026-07-10,3502.565
2026-07-13,3462.115
2026-07-14,3487.586
2026-07-15,3474.155
2026-07-16,3430.075
2026-07-17,3399.522
2026-07-20,3394.999
2026-07-21,3442.961
2026-07-22,3431.383
2026-07-23,3408.594
2026-07-24,3375.471
2026-07-27,3392.652
2026-07-28,3366.761
2026-07-29,3333.051
2026-07-30,3400.651
2026-07-31,3411.006
2026-08-03,3457.392
2026-08-04,3538.642
2026-08-05,3547.901
2026-08-06,3518.451
2026-08-07,3580.635
2026-08-10,3574.476
2026-08-11,3584.152
2026-08-12,3625.876
2026-08-13,3635.264
2026-08-14,3643.965
2026-08-17,3650.888
2026-08-18,3571.906
2026-08-19,3564.543
2026-08-20,3555.048
2026-08-21,3574.048
2026-08-24,3543.35
2026-08-25,3568.314
2026-08-26,3567.542
2026-08-27,3586.285
2026-08-28,3544.916
2026-08-31,3527.919
