date,price
2001-08-15,100.0
2001-08-16,100.0
2001-08-17,100.0
2001-08-18,100.0
2001-08-19,100.0
2001-08-20,100.0
2001-08-21,100.0
2001-08-22,100.0
2001-08-23,100.0
2001-08-24,100.0
2001-08-25,100.0
2001-08-26,100.0
2001-08-27,100.0
2001-08-28,100.0
2001-08-29,100.0
2001-08-30,100.0
2001-08-31,97.78947
2001-09-01,97.78947
2001-09-02,97.78947
2001-09-03,97.47368
2001-09-04,97.57895
2001-09-05,97.57895
2001-09-06,96.84211
2001-09-07,96.21053
2001-09-08,96.21053
2001-09-09,96.21053
2001-09-10,95.47368
2001-09-11,95.47368
2001-09-12,95.47368
2001-09-13,95.47368
2001-09-14,105.26316
2001-09-15,105.26316
2001-09-16,105.26316
2001-09-17,105.26316
2001-09-18,90.63158
2001-09-19,90.0
2001-09-20,89.05263
2001-09-21,87.47368
2001-09-22,87.47368
2001-09-23,87.47368
2001-09-24,87.47368
2001-09-25,90.52632
2001-09-26,91.05263
2001-09-27,90.31579
2001-09-28,91.57895
2001-09-29,91.57895
2001-09-30,91.57895
2001-10-01,93.68421
2001-10-02,93.36842
2001-10-03,94.84211
2001-10-04,96.84211
2001-10-05,98.21053
2001-10-06,98.21053
2001-10-07,98.21053
2001-10-08,98.63158
2001-10-09,98.63158
2001-10-10,98.63158
2001-10-11,101.36842
2001-10-12,103.15789
2001-10-13,103.15789
2001-10-14,103.15789
2001-10-15,102.31579
2001-10-16,102.31579
2001-10-17,102.63158
2001-10-18,102.21053
2001-10-19,101.47368
2001-10-20,101.47368
2001-10-21,101.47368
2001-10-22,101.26316
2001-10-23,102.63158
2001-10-24,102.94737
2001-10-25,102.84211
2001-10-26,103.78947
2001-10-27,103.78947
2001-10-28,103.78947
2001-10-29,104.52632
2001-10-30,102.42105
2001-10-31,100.73684
2001-11-01,101.05263
2001-11-02,101.78947
2001-11-03,101.78947
2001-11-04,101.78947
2001-11-05,102.42105
2001-11-06,103.89474
2001-11-07,104.42105
2001-11-08,104.84211
2001-11-09,105.36842
2001-11-10,105.36842
2001-11-11,105.36842
2001-11-12,105.15789
2001-11-13,106.84211
2001-11-14,106.84211
2001-11-15,106.84211
2001-11-16,107.15789
2001-11-17,107.15789
2001-11-18,107.15789
2001-11-19,107.36842
2001-11-20,107.78947
2001-11-21,106.94737
2001-11-22,107.05263
2001-11-23,106.73684
2001-11-24,106.73684
2001-11-25,106.73684
2001-11-26,107.68421
2001-11-27,108.31579
2001-11-28,107.68421
2001-11-29,106.31579
2001-11-30,106.84211
2001-12-01,106.84211
2001-12-02,106.84211
2001-12-03,107.05263
2001-12-04,106.31579
2001-12-05,107.78947
2001-12-06,109.47368
2001-12-07,110.10526
2001-12-08,110.10526
2001-12-09,110.10526
2001-12-10,108.73684
2001-12-11,107.05263
2001-12-12,107.36842
2001-12-13,106.84211
2001-12-14,106.0
2001-12-15,106.0
2001-12-16,106.0
2001-12-17,106.0
2001-12-18,107.26316
2001-12-19,107.68421
2001-12-20,108.0
2001-12-21,106.84211
2001-12-22,106.84211
2001-12-23,106.84211
2001-12-24,107.47368
2001-12-25,107.47368
2001-12-26,106.52632
2001-12-27,108.21053
2001-12-28,109.15789
2001-12-29,109.15789
2001-12-30,109.15789
2001-12-31,110.0
2002-01-01,110.0
2002-01-02,109.47368
2002-01-03,109.26316
2002-01-04,110.0
2002-01-05,110.0
2002-01-06,110.0
2002-01-07,111.15789
2002-01-08,110.42105
2002-01-09,109.47368
2002-01-10,108.94737
2002-01-11,108.42105
2002-01-12,108.42105
2002-01-13,108.42105
2002-01-14,107.26316
2002-01-15,106.10526
2002-01-16,106.42105
2002-01-17,105.15789
2002-01-18,106.10526
2002-01-19,106.10526
2002-01-20,106.10526
2002-01-21,105.47368
2002-01-22,105.36842
2002-01-23,105.36842
2002-01-24,105.78947
2002-01-25,106.10526
2002-01-26,106.10526
2002-01-27,106.10526
2002-01-28,105.57895
2002-01-29,105.68421
2002-01-30,103.05263
2002-01-31,104.0
2002-02-01,104.63158
2002-02-02,104.63158
2002-02-03,104.63158
2002-02-04,103.89474
2002-02-05,102.10526
2002-02-06,100.94737
2002-02-07,100.63158
2002-02-08,100.73684
2002-02-09,100.73684
2002-02-10,100.73684
2002-02-11,102.84211
2002-02-12,102.84211
2002-02-13,102.84211
2002-02-14,103.05263
2002-02-15,103.26316
2002-02-16,103.26316
2002-02-17,103.26316
2002-02-18,102.73684
2002-02-19,102.52632
2002-02-20,100.84211
2002-02-21,101.68421
2002-02-22,101.05263
2002-02-23,101.05263
2002-02-24,101.05263
2002-02-25,101.15789
2002-02-26,102.73684
2002-02-27,103.15789
2002-02-28,103.26316
2002-03-01,103.57895
2002-03-02,103.57895
2002-03-03,103.57895
2002-03-04,105.26316
2002-03-05,107.68421
2002-03-06,106.94737
2002-03-07,107.89474
2002-03-08,108.42105
2002-03-09,108.42105
2002-03-10,108.42105
2002-03-11,108.84211
2002-03-12,109.05263
2002-03-13,108.63158
2002-03-14,108.10526
2002-03-15,108.21053
2002-03-16,108.21053
2002-03-17,108.21053
2002-03-18,109.36842
2002-03-19,110.0
2002-03-20,110.0
2002-03-21,109.15789
2002-03-22,109.15789
2002-03-23,109.15789
2002-03-24,109.15789
2002-03-25,109.26316
2002-03-26,108.42105
2002-03-27,108.31579
2002-03-28,109.15789
2002-03-29,109.15789
2002-03-30,109.15789
2002-03-31,109.15789
2002-04-01,109.15789
2002-04-02,110.10526
2002-04-03,109.15789
2002-04-04,107.89474
2002-04-05,107.57895
2002-04-06,107.57895
2002-04-07,91.78947
2002-04-08,107.57895
2002-04-09,107.15789
2002-04-10,107.36842
2002-04-11,108.42105
2002-04-12,106.31579
2002-04-13,106.31579
2002-04-14,106.31579
2002-04-15,107.05263
2002-04-16,106.84211
2002-04-17,108.63158
2002-04-18,108.52632
2002-04-19,108.21053
2002-04-20,108.21053
2002-04-21,108.21053
2002-04-22,108.0
2002-04-23,107.36842
2002-04-24,106.31579
2002-04-25,105.26316
2002-04-26,104.31579
2002-04-27,104.31579
2002-04-28,104.31579
2002-04-29,103.78947
2002-04-30,102.73684
2002-05-01,102.73684
2002-05-02,104.52632
2002-05-03,103.68421
2002-05-04,103.68421
2002-05-05,103.68421
2002-05-06,103.15789
2002-05-07,102.21053
2002-05-08,101.57895
2002-05-09,101.57895
2002-05-10,102.94737
2002-05-11,102.94737
2002-05-12,102.94737
2002-05-13,101.78947
2002-05-14,103.05263
2002-05-15,104.63158
2002-05-16,104.52632
2002-05-17,104.42105
2002-05-18,104.42105
2002-05-19,104.42105
2002-05-20,104.63158
2002-05-21,103.89474
2002-05-22,103.78947
2002-05-23,103.57895
2002-05-24,103.36842
2002-05-25,103.36842
2002-05-26,103.36842
2002-05-27,103.36842
2002-05-28,103.26316
2002-05-29,102.52632
2002-05-30,101.78947
2002-05-31,101.68421
2002-06-01,101.68421
2002-06-02,101.68421
2002-06-03,101.57895
2002-06-04,100.21053
2002-06-05,99.78947
2002-06-06,100.52632
2002-06-07,99.26316
2002-06-08,99.26316
2002-06-09,99.26316
2002-06-10,99.05263
2002-06-11,99.47368
2002-06-12,98.10526
2002-06-13,98.0
2002-06-14,97.26316
2002-06-15,97.26316
2002-06-16,97.26316
2002-06-17,96.52632
2002-06-18,99.26316
2002-06-19,98.94737
2002-06-20,97.26316
2002-06-21,95.36842
2002-06-22,95.36842
2002-06-23,95.36842
2002-06-24,94.21053
2002-06-25,93.89474
2002-06-26,93.78947
2002-06-27,93.15789
2002-06-28,94.73684
2002-06-29,94.73684
2002-06-30,94.73684
2002-07-01,95.68421
2002-07-02,94.0
2002-07-03,92.10526
2002-07-04,91.78947
2002-07-05,92.21053
2002-07-06,92.21053
2002-07-07,95.26316
2002-07-08,95.26316
2002-07-09,94.10526
2002-07-10,92.10526
2002-07-11,89.15789
2002-07-12,88.52632
2002-07-13,88.52632
2002-07-14,88.52632
2002-07-15,88.63158
2002-07-16,87.47368
2002-07-17,86.42105
2002-07-18,87.78947
2002-07-19,86.73684
2002-07-20,86.73684
2002-07-21,86.73684
2002-07-22,83.89474
2002-07-23,81.15789
2002-07-24,78.63158
2002-07-25,81.47368
2002-07-26,82.0
2002-07-27,82.0
2002-07-28,82.0
2002-07-29,82.52632
2002-07-30,86.52632
2002-07-31,86.42105
2002-08-01,86.52632
2002-08-02,84.52632
2002-08-03,84.52632
2002-08-04,84.52632
2002-08-05,83.26316
2002-08-06,80.52632
2002-08-07,82.94737
2002-08-08,83.68421
2002-08-09,83.68421
2002-08-10,83.68421
2002-08-11,83.68421
2002-08-12,86.42105
2002-08-13,85.47368
2002-08-14,84.31579
2002-08-15,84.21053
2002-08-16,86.94737
2002-08-17,86.94737
2002-08-18,86.94737
2002-08-19,86.94737
2002-08-20,86.94737
2002-08-21,86.94737
2002-08-22,86.94737
2002-08-23,90.10527
2002-08-24,90.10527
2002-08-25,90.10527
2002-08-26,88.73685
2002-08-27,88.73685
2002-08-28,88.42106
2002-08-29,86.21053
2002-08-30,86.0
2002-08-31,86.0
2002-09-01,86.0
2002-09-02,85.89474
2002-09-03,85.1579
2002-09-04,82.31579
2002-09-05,83.47369
2002-09-06,82.52632
2002-09-07,92.10527
2002-09-08,83.68421
2002-09-09,84.0
2002-09-10,84.73685
2002-09-11,85.89474
2002-09-12,86.42106
2002-09-13,85.36842
2002-09-14,85.36842
2002-09-15,85.36842
2002-09-16,84.94737
2002-09-17,84.63158
2002-09-18,83.57895
2002-09-19,82.94737
2002-09-20,81.26316
2002-09-21,81.26316
2002-09-22,81.26316
2002-09-23,81.26316
2002-09-24,79.36842
2002-09-25,78.42106
2002-09-26,79.89474
2002-09-27,81.78948
2002-09-28,81.78948
2002-09-29,81.78948
2002-09-30,80.73685
2002-10-01,79.47369
2002-10-02,81.1579
2002-10-03,80.31579
2002-10-04,79.26316
2002-10-05,79.26316
2002-10-06,79.26316
2002-10-07,77.78948
2002-10-08,76.63158
2002-10-09,77.1579
2002-10-10,76.0
2002-10-11,78.63158
2002-10-12,78.63158
2002-10-13,78.63158
2002-10-14,81.68421
2002-10-15,81.68421
2002-10-16,85.05264
2002-10-17,83.89474
2002-10-18,86.0
2002-10-19,86.0
2002-10-20,86.0
2002-10-21,85.89474
2002-10-22,86.52632
2002-10-23,85.26316
2002-10-24,84.73685
2002-10-25,85.05264
2002-10-26,85.05264
2002-10-27,85.05264
2002-10-28,85.26316
2002-10-29,84.94737
2002-10-30,83.68421
2002-10-31,84.73685
2002-11-01,84.94737
2002-11-02,84.94737
2002-11-03,84.94737
2002-11-04,84.94737
2002-11-05,86.63158
2002-11-06,87.26316
2002-11-07,87.47369
2002-11-08,85.78948
2002-11-09,85.78948
2002-11-10,85.78948
2002-11-11,84.94737
2002-11-12,83.57895
2002-11-13,84.73685
2002-11-14,84.21053
2002-11-15,86.10527
2002-11-16,86.10527
2002-11-17,86.10527
2002-11-18,86.73685
2002-11-19,86.84211
2002-11-20,86.31579
2002-11-21,87.36842
2002-11-22,89.26316
2002-11-23,89.26316
2002-11-24,89.26316
2002-11-25,88.94737
2002-11-26,88.10527
2002-11-27,86.52632
2002-11-28,88.42106
2002-11-29,88.94737
2002-11-30,88.94737
2002-12-01,88.94737
2002-12-02,89.05264
2002-12-03,88.94737
2002-12-04,87.68421
2002-12-05,86.31579
2002-12-06,86.31579
2002-12-07,88.52632
2002-12-08,86.42106
2002-12-09,86.73685
2002-12-10,85.05264
2002-12-11,85.47369
2002-12-12,85.57895
2002-12-13,84.63158
2002-12-14,84.63158
2002-12-15,84.63158
2002-12-16,83.57895
2002-12-17,85.57895
2002-12-18,84.94737
2002-12-19,83.68421
2002-12-20,83.36842
2002-12-21,83.36842
2002-12-22,83.36842
2002-12-23,84.10527
2002-12-24,84.21053
2002-12-25,84.21053
2002-12-26,84.21053
2002-12-27,84.0
2002-12-28,84.0
2002-12-29,84.0
2002-12-30,82.63158
2002-12-31,83.36842
2003-01-01,83.36842
2003-01-02,83.78948
2003-01-03,85.68421
2003-01-04,85.68421
2003-01-05,85.68421
2003-01-06,86.31579
2003-01-07,87.47369
2003-01-08,86.63158
2003-01-09,85.47369
2003-01-10,86.31579
2003-01-11,86.31579
2003-01-12,86.31579
2003-01-13,86.52632
2003-01-14,86.52632
2003-01-15,87.05264
2003-01-16,85.68421
2003-01-17,85.78948
2003-01-18,85.78948
2003-01-19,85.78948
2003-01-20,84.52632
2003-01-21,84.31579
2003-01-22,83.47369
2003-01-23,82.21053
2003-01-24,82.42106
2003-01-25,82.42106
2003-01-26,82.42106
2003-01-27,80.84211
2003-01-28,79.1579
2003-01-29,79.68421
2003-01-30,80.0
2003-01-31,80.21053
2003-02-01,80.21053
2003-02-02,80.21053
2003-02-03,80.21053
2003-02-04,80.42106
2003-02-05,79.57895
2003-02-06,79.36842
2003-02-07,78.94737
2003-02-08,78.94737
2003-02-09,78.94737
2003-02-10,78.63158
2003-02-11,78.73685
2003-02-12,78.73685
2003-02-13,77.57895
2003-02-14,77.78948
2003-02-15,77.78948
2003-02-16,77.78948
2003-02-17,78.63158
2003-02-18,79.05264
2003-02-19,80.31579
2003-02-20,79.26316
2003-02-21,78.94737
2003-02-22,78.94737
2003-02-23,78.94737
2003-02-24,79.1579
2003-02-25,78.10527
2003-02-26,77.57895
2003-02-27,77.26316
2003-02-28,77.78948
2003-03-01,77.78948
2003-03-02,77.78948
2003-03-03,78.31579
2003-03-04,78.31579
2003-03-05,77.36842
2003-03-06,77.57895
2003-03-07,76.73685
2003-03-08,76.73685
2003-03-09,76.73685
2003-03-10,76.94737
2003-03-11,75.26316
2003-03-12,75.47369
2003-03-13,74.31579
2003-03-14,77.36842
2003-03-15,77.36842
2003-03-16,77.36842
2003-03-17,78.94737
2003-03-18,81.47369
2003-03-19,82.0
2003-03-20,82.52632
2003-03-21,82.73685
2003-03-22,82.73685
2003-03-23,82.73685
2003-03-24,84.63158
2003-03-25,81.78948
2003-03-26,83.05264
2003-03-27,82.63158
2003-03-28,82.10527
2003-03-29,82.10527
2003-03-30,82.10527
2003-03-31,81.89474
2003-04-01,80.31579
2003-04-02,81.36842
2003-04-03,83.57895
2003-04-04,83.89474
2003-04-05,83.89474
2003-04-06,83.89474
2003-04-07,83.89474
2003-04-08,85.05264
2003-04-09,84.73685
2003-04-10,83.89474
2003-04-11,83.78948
2003-04-12,83.78948
2003-04-13,83.78948
2003-04-14,83.68421
2003-04-15,85.05264
2003-04-16,85.68421
2003-04-17,85.1579
2003-04-18,85.1579
2003-04-19,85.1579
2003-04-20,85.1579
2003-04-21,85.36842
2003-04-22,86.0
2003-04-23,87.57895
2003-04-24,88.73685
2003-04-25,87.68421
2003-04-26,87.68421
2003-04-27,87.68421
2003-04-28,86.63158
2003-04-29,87.57895
2003-04-30,88.0
2003-05-01,88.0
2003-05-02,88.10527
2003-05-03,88.10527
2003-05-04,88.10527
2003-05-05,88.31579
2003-05-06,88.21053
2003-05-07,89.05264
2003-05-08,88.10527
2003-05-09,87.26316
2003-05-10,87.26316
2003-05-11,87.26316
2003-05-12,88.31579
2003-05-13,88.73685
2003-05-14,87.89474
2003-05-15,87.89474
2003-05-16,88.31579
2003-05-17,88.31579
2003-05-18,88.31579
2003-05-19,89.05264
2003-05-20,86.94737
2003-05-21,86.73685
2003-05-22,86.31579
2003-05-23,87.57895
2003-05-24,87.57895
2003-05-25,87.57895
2003-05-26,87.78948
2003-05-27,87.89474
2003-05-28,89.57895
2003-05-29,89.1579
2003-05-30,90.10527
2003-05-31,90.10527
2003-06-01,90.10527
2003-06-02,90.52632
2003-06-03,91.1579
2003-06-04,91.1579
2003-06-05,92.0
2003-06-06,93.36843
2003-06-07,93.36843
2003-06-08,93.36843
2003-06-09,93.47369
2003-06-10,92.84211
2003-06-11,93.68421
2003-06-12,95.36843
2003-06-13,94.84211
2003-06-14,94.84211
2003-06-15,94.84211
2003-06-16,94.10527
2003-06-17,96.0
2003-06-18,96.63158
2003-06-19,95.68421
2003-06-20,94.84211
2003-06-21,94.84211
2003-06-22,94.84211
2003-06-23,94.94737
2003-06-24,93.26316
2003-06-25,93.1579
2003-06-26,93.68421
2003-06-27,94.10527
2003-06-28,94.10527
2003-06-29,94.10527
2003-06-30,94.0
2003-07-01,93.78948
2003-07-02,94.0
2003-07-03,95.57895
2003-07-04,94.94737
2003-07-05,94.94737
2003-07-06,94.94737
2003-07-07,95.78948
2003-07-08,97.1579
2003-07-09,97.1579
2003-07-10,96.84211
2003-07-11,95.47369
2003-07-12,95.47369
2003-07-13,95.47369
2003-07-14,96.10527
2003-07-15,97.26316
2003-07-16,97.05264
2003-07-17,96.63158
2003-07-18,95.1579
2003-07-19,95.1579
2003-07-20,95.1579
2003-07-21,95.89474
2003-07-22,94.94737
2003-07-23,95.36843
2003-07-24,95.78948
2003-07-25,95.47369
2003-07-26,95.47369
2003-07-27,95.47369
2003-07-28,97.1579
2003-07-29,97.89474
2003-07-30,97.36843
2003-07-31,96.94737
2003-08-01,97.1579
2003-08-02,97.1579
2003-08-03,97.1579
2003-08-04,96.42106
2003-08-05,96.42106
2003-08-06,95.57895
2003-08-07,94.63158
2003-08-08,95.26316
2003-08-09,95.26316
2003-08-10,95.26316
2003-08-11,95.26316
2003-08-12,96.31579
2003-08-13,97.05264
2003-08-14,96.84211
2003-08-15,96.63158
2003-08-16,96.63158
2003-08-17,96.63158
2003-08-18,97.47369
2003-08-19,98.42105
2003-08-20,98.31579
2003-08-21,98.21053
2003-08-22,98.52632
2003-08-23,98.52632
2003-08-24,98.52632
2003-08-25,98.0
2003-08-26,98.10526
2003-08-27,98.0
2003-08-28,98.52632
2003-08-29,99.26316
2003-08-30,99.26316
2003-08-31,99.26316
2003-09-01,100.21053
2003-09-02,100.73684
2003-09-03,100.94737
2003-09-04,101.68421
2003-09-05,101.36842
2003-09-06,101.36842
2003-09-07,101.36842
2003-09-08,101.47369
2003-09-09,102.42105
2003-09-10,101.47369
2003-09-11,100.31579
2003-09-12,100.73684
2003-09-13,100.73684
2003-09-14,100.73684
2003-09-15,101.26316
2003-09-16,101.05263
2003-09-17,102.21053
2003-09-18,102.0
2003-09-19,101.89474
2003-09-20,101.89474
2003-09-21,101.89474
2003-09-22,101.36842
2003-09-23,100.42105
2003-09-24,100.84211
2003-09-25,99.57895
2003-09-26,98.63158
2003-09-27,98.63158
2003-09-28,98.63158
2003-09-29,97.89474
2003-09-30,98.94737
2003-10-01,98.31579
2003-10-02,100.21053
2003-10-03,100.84211
2003-10-04,100.84211
2003-10-05,100.84211
2003-10-06,101.89474
2003-10-07,101.78947
2003-10-08,102.21053
2003-10-09,102.10526
2003-10-10,102.42105
2003-10-11,102.42105
2003-10-12,102.42105
2003-10-13,103.1579
2003-10-14,104.73684
2003-10-15,105.1579
2003-10-16,104.73684
2003-10-17,104.84211
2003-10-18,104.84211
2003-10-19,104.84211
2003-10-20,104.52632
2003-10-21,104.42105
2003-10-22,104.31579
2003-10-23,102.31579
2003-10-24,102.31579
2003-10-25,102.31579
2003-10-26,102.31579
2003-10-27,102.52632
2003-10-28,102.63158
2003-10-29,103.89474
2003-10-30,103.89474
2003-10-31,103.57895
2003-11-01,103.57895
2003-11-02,103.57895
2003-11-03,103.89474
2003-11-04,104.73684
2003-11-05,104.31579
2003-11-06,103.57895
2003-11-07,104.0
2003-11-08,104.0
2003-11-09,104.0
2003-11-10,103.68421
2003-11-11,102.63158
2003-11-12,102.10526
2003-11-13,103.05263
2003-11-14,103.1579
2003-11-15,103.1579
2003-11-16,103.1579
2003-11-17,102.31579
2003-11-18,100.84211
2003-11-19,100.21053
2003-11-20,100.73684
2003-11-21,100.42105
2003-11-22,100.42105
2003-11-23,100.42105
2003-11-24,102.10526
2003-11-25,102.10526
2003-11-26,102.52632
2003-11-27,103.57895
2003-11-28,103.57895
2003-11-29,103.57895
2003-11-30,103.57895
2003-12-01,103.68421
2003-12-02,104.73684
2003-12-03,104.42105
2003-12-04,104.52632
2003-12-05,104.52632
2003-12-06,104.52632
2003-12-07,104.52632
2003-12-08,103.78947
2003-12-09,104.31579
2003-12-10,103.57895
2003-12-11,103.05263
2003-12-12,104.21053
2003-12-13,104.21053
2003-12-14,104.21053
2003-12-15,104.10526
2003-12-16,104.10526
2003-12-17,104.10526
2003-12-18,104.31579
2003-12-19,106.0
2003-12-20,106.0
2003-12-21,106.0
2003-12-22,105.89474
2003-12-23,106.31579
2003-12-24,106.42105
2003-12-25,106.42105
2003-12-26,106.42105
2003-12-27,106.42105
2003-12-28,106.42105
2003-12-29,106.63158
2003-12-30,107.89474
2003-12-31,108.0
2004-01-01,108.0
2004-01-02,108.10526
2004-01-03,108.10526
2004-01-04,108.10526
2004-01-05,108.73684
2004-01-06,109.78947
2004-01-07,109.57895
2004-01-08,109.57895
2004-01-09,110.10526
2004-01-10,110.10526
2004-01-11,110.10526
2004-01-12,110.31579
2004-01-13,110.10526
2004-01-14,109.89474
2004-01-15,110.63158
2004-01-16,110.73684
2004-01-17,110.73684
2004-01-18,110.73684
2004-01-19,112.31579
2004-01-20,111.78947
2004-01-21,112.52632
2004-01-22,112.52632
2004-01-23,112.52632
2004-01-24,112.52632
2004-01-25,112.52632
2004-01-26,111.89474
2004-01-27,112.63158
2004-01-28,112.31579
2004-01-29,111.1579
2004-01-30,110.31579
2004-01-31,110.31579
2004-02-01,110.31579
2004-02-02,110.31579
2004-02-03,110.52632
2004-02-04,110.73684
2004-02-05,110.0
2004-02-06,109.26316
2004-02-07,109.26316
2004-02-08,109.26316
2004-02-09,109.68421
2004-02-10,109.89474
2004-02-11,110.31579
2004-02-12,111.68421
2004-02-13,111.26316
2004-02-14,111.26316
2004-02-15,111.26316
2004-02-16,110.73684
2004-02-17,110.94737
2004-02-18,112.31579
2004-02-19,112.0
2004-02-20,112.73684
2004-02-21,112.73684
2004-02-22,112.73684
2004-02-23,112.0
2004-02-24,110.84211
2004-02-25,111.05263
2004-02-26,111.78947
2004-02-27,112.10526
2004-02-28,112.10526
2004-02-29,112.10526
2004-03-01,112.84211
2004-03-02,114.52632
2004-03-03,113.26316
2004-03-04,114.10526
2004-03-05,114.21053
2004-03-06,114.21053
2004-03-07,114.21053
2004-03-08,113.89474
2004-03-09,113.47369
2004-03-10,112.73684
2004-03-11,111.05263
2004-03-12,109.36842
2004-03-13,109.36842
2004-03-14,109.36842
2004-03-15,110.21053
2004-03-16,108.31579
2004-03-17,108.63158
2004-03-18,110.31579
2004-03-19,110.21053
2004-03-20,110.21053
2004-03-21,110.21053
2004-03-22,108.73684
2004-03-23,107.1579
2004-03-24,107.26316
2004-03-25,106.73684
2004-03-26,108.52632
2004-03-27,108.52632
2004-03-28,108.52632
2004-03-29,108.42105
2004-03-30,109.36842
2004-03-31,109.68421
2004-04-01,109.78947
2004-04-02,111.26316
2004-04-03,111.26316
2004-04-04,111.26316
2004-04-05,112.31579
2004-04-06,112.94737
2004-04-07,112.31579
2004-04-08,111.89474
2004-04-09,111.89474
2004-04-10,111.89474
2004-04-11,111.89474
2004-04-12,111.78947
2004-04-13,112.63158
2004-04-14,111.78947
2004-04-15,110.52632
2004-04-16,110.42105
2004-04-17,110.42105
2004-04-18,110.42105
2004-04-19,111.05263
2004-04-20,111.89474
2004-04-21,110.84211
2004-04-22,111.05263
2004-04-23,112.52632
2004-04-24,112.52632
2004-04-25,112.52632
2004-04-26,112.31579
2004-04-27,112.10526
2004-04-28,112.73684
2004-04-29,110.84211
2004-04-30,109.47369
2004-05-01,109.47369
2004-05-02,109.47369
2004-05-03,108.52632
2004-05-04,108.94737
2004-05-05,109.36842
2004-05-06,109.89474
2004-05-07,109.36842
2004-05-08,109.36842
2004-05-09,109.36842
2004-05-10,107.89474
2004-05-11,105.78947
2004-05-12,107.47369
2004-05-13,107.78947
2004-05-14,107.36842
2004-05-15,107.36842
2004-05-16,107.36842
2004-05-17,107.1579
2004-05-18,105.78947
2004-05-19,105.78947
2004-05-20,106.52632
2004-05-21,106.73684
2004-05-22,106.73684
2004-05-23,106.73684
2004-05-24,107.68421
2004-05-25,107.57895
2004-05-26,108.73684
2004-05-27,108.63158
2004-05-28,109.47369
2004-05-29,109.47369
2004-05-30,109.47369
2004-05-31,109.68421
2004-06-01,109.68421
2004-06-02,109.68421
2004-06-03,109.68421
2004-06-04,108.73684
2004-06-05,108.73684
2004-06-06,108.73684
2004-06-07,109.89474
2004-06-08,111.78947
2004-06-09,112.0
2004-06-10,110.31579
2004-06-11,110.84211
2004-06-12,110.84211
2004-06-13,110.84211
2004-06-14,110.84211
2004-06-15,109.05263
2004-06-16,110.52632
2004-06-17,110.63158
2004-06-18,110.42105
2004-06-19,110.42105
2004-06-20,110.42105
2004-06-21,111.47369
2004-06-22,110.84211
2004-06-23,110.63158
2004-06-24,111.1579
2004-06-25,111.47369
2004-06-26,111.47369
2004-06-27,111.47369
2004-06-28,112.21053
2004-06-29,111.78947
2004-06-30,111.89474
2004-07-01,112.63158
2004-07-02,111.1579
2004-07-03,111.1579
2004-07-04,111.1579
2004-07-05,111.36842
2004-07-06,110.94737
2004-07-07,109.36842
2004-07-08,109.57895
2004-07-09,108.94737
2004-07-10,108.94737
2004-07-11,108.94737
2004-07-12,109.36842
2004-07-13,109.1579
2004-07-14,109.36842
2004-07-15,109.47369
2004-07-16,109.05263
2004-07-17,109.05263
2004-07-18,109.05263
2004-07-19,109.05263
2004-07-20,108.63158
2004-07-21,109.57895
2004-07-22,108.42105
2004-07-23,108.31579
2004-07-24,108.31579
2004-07-25,108.31579
2004-07-26,107.1579
2004-07-27,106.63158
2004-07-28,107.57895
2004-07-29,107.1579
2004-07-30,107.89474
2004-07-31,107.89474
2004-08-01,107.89474
2004-08-02,107.89474
2004-08-03,108.0
2004-08-04,107.57895
2004-08-05,107.47369
2004-08-06,105.26316
2004-08-07,105.26316
2004-08-08,105.26316
2004-08-09,105.26316
2004-08-10,104.10526
2004-08-11,104.84211
2004-08-12,104.52632
2004-08-13,103.47369
2004-08-14,103.47369
2004-08-15,103.47369
2004-08-16,103.68422
2004-08-17,104.94737
2004-08-18,105.1579
2004-08-19,106.42106
2004-08-20,106.21053
2004-08-21,106.21053
2004-08-22,106.21053
2004-08-23,106.94737
2004-08-24,106.52632
2004-08-25,106.42106
2004-08-26,107.05264
2004-08-27,107.47369
2004-08-28,107.47369
2004-08-29,107.47369
2004-08-30,107.36843
2004-08-31,106.63158
2004-09-01,106.84211
2004-09-02,108.42106
2004-09-03,107.57895
2004-09-04,107.57895
2004-09-05,107.57895
2004-09-06,107.89474
2004-09-07,108.21053
2004-09-08,107.57895
2004-09-09,107.89474
2004-09-10,108.63159
2004-09-11,108.63159
2004-09-12,108.63159
2004-09-13,108.73685
2004-09-14,108.94737
2004-09-15,108.00001
2004-09-16,108.3158
2004-09-17,108.94737
2004-09-18,108.94737
2004-09-19,108.94737
2004-09-20,108.52632
2004-09-21,109.47369
2004-09-22,108.52632
2004-09-23,108.21053
2004-09-24,108.21053
2004-09-25,108.21053
2004-09-26,108.21053
2004-09-27,107.57895
2004-09-28,108.42106
2004-09-29,108.84211
2004-09-30,109.1579
2004-10-01,110.94737
2004-10-02,110.94737
2004-10-03,110.94737
2004-10-04,111.1579
2004-10-05,111.1579
2004-10-06,112.42106
2004-10-07,110.94737
2004-10-08,110.42106
2004-10-09,110.42106
2004-10-10,110.42106
2004-10-11,110.42106
2004-10-12,109.68422
2004-10-13,109.1579
2004-10-14,108.3158
2004-10-15,108.52632
2004-10-16,108.52632
2004-10-17,108.52632
2004-10-18,108.94737
2004-10-19,107.89474
2004-10-20,108.10527
2004-10-21,108.73685
2004-10-22,107.1579
2004-10-23,107.1579
2004-10-24,107.1579
2004-10-25,106.84211
2004-10-26,108.21053
2004-10-27,109.57895
2004-10-28,109.26316
2004-10-29,109.26316
2004-10-30,109.26316
2004-10-31,109.26316
2004-11-01,109.57895
2004-11-02,109.89474
2004-11-03,111.26316
2004-11-04,112.00001
2004-11-05,112.63159
2004-11-06,112.63159
2004-11-07,112.63159
2004-11-08,111.57895
2004-11-09,111.89474
2004-11-10,112.00001
2004-11-11,112.00001
2004-11-12,114.10527
2004-11-13,114.10527
2004-11-14,114.10527
2004-11-15,114.10527
2004-11-16,112.94737
2004-11-17,113.89474
2004-11-18,114.42106
2004-11-19,113.05264
2004-11-20,113.05264
2004-11-21,113.05264
2004-11-22,113.47369
2004-11-23,113.57895
2004-11-24,114.10527
2004-11-25,114.3158
2004-11-26,114.3158
2004-11-27,114.3158
2004-11-28,114.3158
2004-11-29,114.63159
2004-11-30,113.89474
2004-12-01,114.84211
2004-12-02,115.47369
2004-12-03,115.05264
2004-12-04,115.05264
2004-12-05,115.05264
2004-12-06,115.1579
2004-12-07,114.21053
2004-12-08,114.10527
2004-12-09,115.47369
2004-12-10,114.73685
2004-12-11,114.73685
2004-12-12,114.73685
2004-12-13,115.68422
2004-12-14,116.10527
2004-12-15,116.3158
2004-12-16,116.00001
2004-12-17,115.57895
2004-12-18,115.57895
2004-12-19,115.57895
2004-12-20,115.78948
2004-12-21,116.63159
2004-12-22,116.84211
2004-12-23,116.94737
2004-12-24,117.26316
2004-12-25,117.26316
2004-12-26,117.26316
2004-12-27,116.84211
2004-12-28,117.36843
2004-12-29,117.47369
2004-12-30,117.36843
2004-12-31,117.26316
2005-01-01,117.26316
2005-01-02,117.26316
2005-01-03,116.73685
2005-01-04,115.36843
2005-01-05,114.84211
2005-01-06,115.05264
2005-01-07,114.73685
2005-01-08,114.73685
2005-01-09,114.73685
2005-01-10,114.73685
2005-01-11,114.21053
2005-01-12,114.21053
2005-01-13,113.26316
2005-01-14,114.63159
2005-01-15,114.63159
2005-01-16,114.63159
2005-01-17,114.94737
2005-01-18,115.1579
2005-01-19,114.52632
2005-01-20,113.05264
2005-01-21,113.05264
2005-01-22,113.05264
2005-01-23,113.05264
2005-01-24,112.42106
2005-01-25,112.94737
2005-01-26,113.68422
2005-01-27,114.00001
2005-01-28,113.57895
2005-01-29,113.57895
2005-01-30,113.57895
2005-01-31,114.63159
2005-02-01,115.36843
2005-02-02,115.57895
2005-02-03,115.1579
2005-02-04,115.89474
2005-02-05,115.89474
2005-02-06,115.89474
2005-02-07,115.78948
2005-02-08,116.94737
2005-02-09,116.94737
2005-02-10,116.94737
2005-02-11,117.36843
2005-02-12,117.36843
2005-02-13,117.36843
2005-02-14,117.78948
2005-02-15,118.10527
2005-02-16,118.10527
2005-02-17,117.68422
2005-02-18,117.68422
2005-02-19,117.68422
2005-02-20,117.68422
2005-02-21,117.47369
2005-02-22,115.89474
2005-02-23,116.42106
2005-02-24,117.57895
2005-02-25,118.63159
2005-02-26,118.63159
2005-02-27,118.63159
2005-02-28,117.68422
2005-03-01,117.89474
2005-03-02,118.00001
2005-03-03,118.42106
2005-03-04,119.36843
2005-03-05,119.36843
2005-03-06,119.36843
2005-03-07,119.1579
2005-03-08,118.84211
2005-03-09,117.68422
2005-03-10,117.68422
2005-03-11,116.94737
2005-03-12,116.94737
2005-03-13,116.94737
2005-03-14,117.47369
2005-03-15,116.63159
2005-03-16,116.10527
2005-03-17,116.42106
2005-03-18,116.63159
2005-03-19,116.63159
2005-03-20,116.63159
2005-03-21,116.63159
2005-03-22,116.63159
2005-03-23,116.63159
2005-03-24,116.63159
2005-03-25,116.63159
2005-03-26,116.63159
2005-03-27,116.63159
2005-03-28,115.78948
2005-03-29,115.05264
2005-03-30,116.52632
2005-03-31,117.05264
2005-04-01,117.05264
2005-04-02,117.05264
2005-04-03,117.05264
2005-04-04,117.57895
2005-04-05,117.36843
2005-04-06,117.78948
2005-04-07,118.52632
2005-04-08,117.47369
2005-04-09,117.47369
2005-04-10,117.47369
2005-04-11,117.47369
2005-04-12,117.47369
2005-04-13,117.47369
2005-04-14,117.47369
2005-04-15,117.47369
2005-04-16,117.47369
2005-04-17,117.47369
2005-04-18,112.52632
2005-04-19,113.78948
2005-04-20,112.84211
2005-04-21,114.94737
2005-04-22,114.3158
2005-04-23,114.3158
2005-04-24,114.3158
2005-04-25,115.26316
2005-04-26,114.3158
2005-04-27,113.89474
2005-04-28,112.42106
2005-04-29,113.57895
2005-04-30,113.57895
2005-05-01,113.57895
2005-05-02,113.57895
2005-05-03,113.1579
2005-05-04,114.94737
2005-05-05,115.05264
2005-05-06,115.26316
2005-05-07,115.26316
2005-05-08,115.26316
2005-05-09,115.89474
2005-05-10,114.73685
2005-05-11,115.47369
2005-05-12,114.63159
2005-05-13,114.52632
2005-05-14,114.52632
2005-05-15,114.52632
2005-05-16,114.21053
2005-05-17,116.00001
2005-05-18,116.94737
2005-05-19,117.68422
2005-05-20,118.10527
2005-05-21,118.10527
2005-05-22,118.10527
2005-05-23,118.10527
2005-05-24,118.21053
2005-05-25,118.00001
2005-05-26,118.63159
2005-05-27,119.26316
2005-05-28,119.26316
2005-05-29,119.26316
2005-05-30,119.36843
2005-05-31,118.84211
2005-06-01,120.42106
2005-06-02,120.52632
2005-06-03,119.89474
2005-06-04,119.89474
2005-06-05,119.89474
2005-06-06,119.78948
2005-06-07,119.78948
2005-06-08,119.47369
2005-06-09,120.52632
2005-06-10,120.3158
2005-06-11,120.3158
2005-06-12,120.3158
2005-06-13,120.63159
2005-06-14,120.73685
2005-06-15,120.84211
2005-06-16,121.68422
2005-06-17,122.3158
2005-06-18,122.3158
2005-06-19,122.3158
2005-06-20,122.3158
2005-06-21,122.00001
2005-06-22,122.10527
2005-06-23,122.3158
2005-06-24,120.84211
2005-06-25,120.84211
2005-06-26,120.84211
2005-06-27,121.05264
2005-06-28,122.10527
2005-06-29,122.00001
2005-06-30,121.47369
2005-07-01,122.3158
2005-07-02,122.3158
2005-07-03,122.3158
2005-07-04,122.3158
2005-07-05,123.26316
2005-07-06,123.05264
2005-07-07,123.36843
2005-07-08,124.21053
2005-07-09,124.21053
2005-07-10,124.21053
2005-07-11,124.73685
2005-07-12,124.94738
2005-07-13,124.94738
2005-07-14,124.94738
2005-07-15,124.52632
2005-07-16,124.52632
2005-07-17,124.52632
2005-07-18,124.00001
2005-07-19,125.1579
2005-07-20,125.47369
2005-07-21,124.52632
2005-07-22,124.42106
2005-07-23,124.42106
2005-07-24,124.42106
2005-07-25,124.10527
2005-07-26,125.1579
2005-07-27,125.68422
2005-07-28,126.3158
2005-07-29,125.47369
2005-07-30,125.47369
2005-07-31,125.47369
2005-08-01,125.89474
2005-08-02,127.05264
2005-08-03,126.73685
2005-08-04,126.42106
2005-08-05,126.00001
2005-08-06,126.00001
2005-08-07,126.00001
2005-08-08,126.52632
2005-08-09,126.52632
2005-08-10,126.94738
2005-08-11,128.10527
2005-08-12,128.00001
2005-08-13,128.00001
2005-08-14,128.00001
2005-08-15,128.3158
2005-08-16,127.26317
2005-08-17,126.94738
2005-08-18,126.84212
2005-08-19,127.36843
2005-08-20,127.36843
2005-08-21,127.36843
2005-08-22,128.10527
2005-08-23,127.78948
2005-08-24,127.36843
2005-08-25,127.78948
2005-08-26,127.15791
2005-08-27,127.15791
2005-08-28,127.15791
2005-08-29,128.21054
2005-08-30,128.00001
2005-08-31,129.57896
2005-09-01,129.78948
2005-09-02,129.57896
2005-09-03,129.57896
2005-09-04,129.57896
2005-09-05,130.10527
2005-09-06,131.68422
2005-09-07,131.47369
2005-09-08,131.15791
2005-09-09,132.3158
2005-09-10,132.3158
2005-09-11,132.3158
2005-09-12,132.10527
2005-09-13,131.26317
2005-09-14,131.05264
2005-09-15,131.36843
2005-09-16,132.63159
2005-09-17,132.63159
2005-09-18,132.63159
2005-09-19,132.00001
2005-09-20,131.68422
2005-09-21,131.26317
2005-09-22,131.57896
2005-09-23,131.89475
2005-09-24,131.89475
2005-09-25,131.89475
2005-09-26,132.94738
2005-09-27,133.26317
2005-09-28,133.89475
2005-09-29,134.94738
2005-09-30,135.4737
2005-10-01,135.4737
2005-10-02,135.4737
2005-10-03,135.36843
2005-10-04,134.00001
2005-10-05,131.47369
2005-10-06,129.68422
2005-10-07,130.52633
2005-10-08,130.52633
2005-10-09,130.52633
2005-10-10,130.21054
2005-10-11,130.52633
2005-10-12,129.47369
2005-10-13,128.73685
2005-10-14,129.68422
2005-10-15,129.68422
2005-10-16,129.68422
2005-10-17,130.00001
2005-10-18,128.42106
2005-10-19,129.47369
2005-10-20,127.89475
2005-10-21,128.73685
2005-10-22,128.73685
2005-10-23,128.73685
2005-10-24,130.84212
2005-10-25,130.52633
2005-10-26,130.3158
2005-10-27,128.73685
2005-10-28,130.63159
2005-10-29,130.63159
2005-10-30,130.63159
2005-10-31,132.52633
2005-11-01,132.52633
2005-11-02,135.36843
2005-11-03,135.36843
2005-11-04,135.4737
2005-11-05,135.4737
2005-11-06,135.4737
2005-11-07,135.68422
2005-11-08,135.36843
2005-11-09,135.36843
2005-11-10,135.78948
2005-11-11,136.42106
2005-11-12,136.42106
2005-11-13,136.42106
2005-11-14,136.42106
2005-11-15,135.4737
2005-11-16,136.10527
2005-11-17,137.78948
2005-11-18,138.3158
2005-11-19,138.3158
2005-11-20,138.3158
2005-11-21,139.15791
2005-11-22,139.57896
2005-11-23,139.78949
2005-11-24,139.68422
2005-11-25,140.10527
2005-11-26,140.10527
2005-11-27,140.10527
2005-11-28,138.63159
2005-11-29,138.73685
2005-11-30,137.78948
2005-12-01,140.10527
2005-12-02,140.94738
2005-12-03,140.94738
2005-12-04,140.94738
2005-12-05,140.42106
2005-12-06,140.73685
2005-12-07,140.00001
2005-12-08,140.42106
2005-12-09,141.05264
2005-12-10,141.05264
2005-12-11,141.05264
2005-12-12,141.36843
2005-12-13,141.05264
2005-12-14,141.36843
2005-12-15,140.3158
2005-12-16,139.78949
2005-12-17,139.78949
2005-12-18,139.78949
2005-12-19,138.42106
2005-12-20,139.15791
2005-12-21,139.78949
2005-12-22,140.3158
2005-12-23,140.10527
2005-12-24,140.10527
2005-12-25,140.10527
2005-12-26,140.10527
2005-12-27,138.73685
2005-12-28,139.36843
2005-12-29,139.05264
2005-12-30,138.00001
2005-12-31,138.00001
2006-01-01,138.00001
2006-01-02,138.00001
2006-01-03,140.21054
2006-01-04,141.4737
2006-01-05,141.26317
2006-01-06,141.89475
2006-01-07,141.89475
2006-01-08,141.89475
2006-01-09,142.00001
2006-01-10,142.00001
2006-01-11,141.78949
2006-01-12,141.57896
2006-01-13,141.4737
2006-01-14,141.4737
2006-01-15,141.4737
2006-01-16,142.21054
2006-01-17,141.57896
2006-01-18,140.21054
2006-01-19,142.10527
2006-01-20,139.4737
2006-01-21,139.4737
2006-01-22,139.4737
2006-01-23,140.52633
2006-01-24,141.26317
2006-01-25,140.52633
2006-01-26,142.42106
2006-01-27,143.68422
2006-01-28,143.68422
2006-01-29,143.68422
2006-01-30,143.68422
2006-01-31,143.68422
2006-02-01,144.3158
2006-02-02,143.15791
2006-02-03,142.00001
2006-02-04,142.00001
2006-02-05,142.00001
2006-02-06,142.84212
2006-02-07,141.26317
2006-02-08,141.57896
2006-02-09,140.84212
2006-02-10,141.05264
2006-02-11,141.05264
2006-02-12,141.05264
2006-02-13,140.3158
2006-02-14,141.05264
2006-02-15,140.94738
2006-02-16,142.84212
2006-02-17,142.00001
2006-02-18,142.00001
2006-02-19,142.00001
2006-02-20,141.78949
2006-02-21,142.21054
2006-02-22,143.15791
2006-02-23,142.42106
2006-02-24,142.84212
2006-02-25,142.84212
2006-02-26,142.84212
2006-02-27,143.15791
2006-02-28,141.36843
2006-03-01,142.52633
2006-03-02,142.73685
2006-03-03,142.52633
2006-03-04,142.52633
2006-03-05,142.52633
2006-03-06,141.89475
2006-03-07,140.73685
2006-03-08,140.52633
2006-03-09,139.89475
2006-03-10,140.84212
2006-03-11,140.84212
2006-03-12,140.84212
2006-03-13,141.26317
2006-03-14,142.63159
2006-03-15,143.05264
2006-03-16,143.4737
2006-03-17,143.89475
2006-03-18,143.89475
2006-03-19,143.89475
2006-03-20,143.89475
2006-03-21,142.94738
2006-03-22,143.4737
2006-03-23,143.36843
2006-03-24,143.26317
2006-03-25,143.26317
2006-03-26,143.26317
2006-03-27,143.26317
2006-03-28,142.52633
2006-03-29,143.78949
2006-03-30,144.52633
2006-03-31,143.89475
2006-04-01,143.89475
2006-04-02,143.89475
2006-04-03,144.42106
2006-04-04,144.63159
2006-04-05,145.68422
2006-04-06,145.4737
2006-04-07,143.78949
2006-04-08,143.78949
2006-04-09,143.78949
2006-04-10,144.63159
2006-04-11,142.94738
2006-04-12,143.05264
2006-04-13,142.63159
2006-04-14,142.63159
2006-04-15,142.63159
2006-04-16,142.63159
2006-04-17,142.63159
2006-04-18,145.05264
2006-04-19,146.21054
2006-04-20,145.89475
2006-04-21,145.57896
2006-04-22,145.57896
2006-04-23,145.57896
2006-04-24,144.63159
2006-04-25,143.57896
2006-04-26,144.00001
2006-04-27,143.57896
2006-04-28,143.89475
2006-04-29,143.89475
2006-04-30,143.89475
2006-05-01,143.89475
2006-05-02,145.15791
2006-05-03,144.3158
2006-05-04,145.4737
2006-05-05,146.21054
2006-05-06,146.21054
2006-05-07,146.21054
2006-05-08,146.52633
2006-05-09,146.63159
2006-05-10,146.63159
2006-05-11,142.3158
2006-05-12,142.3158
2006-05-13,142.3158
2006-05-14,142.3158
2006-05-15,141.78949
2006-05-16,140.21054
2006-05-17,138.10527
2006-05-18,137.15791
2006-05-19,138.63159
2006-05-20,138.63159
2006-05-21,138.63159
2006-05-22,135.15791
2006-05-23,135.68422
2006-05-24,134.84212
2006-05-25,134.00001
2006-05-26,137.26317
2006-05-27,137.26317
2006-05-28,137.26317
2006-05-29,136.94738
2006-05-30,134.63159
2006-05-31,136.21054
2006-06-01,137.26317
2006-06-02,137.57896
2006-06-03,137.57896
2006-06-04,137.57896
2006-06-05,137.89475
2006-06-06,134.00001
2006-06-07,132.94738
2006-06-08,131.78948
2006-06-09,131.78948
2006-06-10,131.78948
2006-06-11,131.78948
2006-06-12,130.00001
2006-06-13,127.15791
2006-06-14,128.3158
2006-06-15,131.78948
2006-06-16,132.21054
2006-06-17,132.21054
2006-06-18,132.21054
2006-06-19,130.73685
2006-06-20,130.21054
2006-06-21,131.68422
2006-06-22,132.00001
2006-06-23,132.00001
2006-06-24,132.00001
2006-06-25,132.00001
2006-06-26,132.63159
2006-06-27,131.05264
2006-06-28,131.78948
2006-06-29,135.05264
2006-06-30,135.26317
2006-07-01,135.26317
2006-07-02,135.26317
2006-07-03,136.84212
2006-07-04,136.52633
2006-07-05,135.15791
2006-07-06,135.36843
2006-07-07,133.68422
2006-07-08,133.68422
2006-07-09,133.68422
2006-07-10,134.42106
2006-07-11,135.05264
2006-07-12,133.36843
2006-07-13,131.36843
2006-07-14,130.3158
2006-07-15,130.3158
2006-07-16,130.3158
2006-07-17,129.15791
2006-07-18,128.94738
2006-07-19,131.68422
2006-07-20,130.3158
2006-07-21,128.84212
2006-07-22,128.84212
2006-07-23,128.84212
2006-07-24,131.57896
2006-07-25,132.63159
2006-07-26,132.3158
2006-07-27,132.73685
2006-07-28,134.94738
2006-07-29,134.94738
2006-07-30,134.94738
2006-07-31,134.84212
2006-08-01,134.00001
2006-08-02,135.05264
2006-08-03,135.05264
2006-08-04,134.52633
2006-08-05,134.52633
2006-08-06,134.52633
2006-08-07,134.00001
2006-08-08,133.68422
2006-08-09,133.68422
2006-08-10,134.63159
2006-08-11,133.89475
2006-08-12,133.89475
2006-08-13,133.89475
2006-08-14,134.21054
2006-08-15,134.00001
2006-08-16,138.10527
2006-08-17,138.00001
2006-08-18,137.89475
2006-08-19,137.89475
2006-08-20,137.89475
2006-08-21,137.36843
2006-08-22,137.26317
2006-08-23,136.84212
2006-08-24,136.52633
2006-08-25,136.52633
2006-08-26,136.52633
2006-08-27,136.52633
2006-08-28,136.84212
2006-08-29,137.36843
2006-08-30,137.57896
2006-08-31,137.47369
2006-09-01,138.3158
2006-09-02,138.3158
2006-09-03,138.3158
2006-09-04,138.73685
2006-09-05,138.63159
2006-09-06,136.52633
2006-09-07,135.47369
2006-09-08,135.68422
2006-09-09,135.68422
2006-09-10,135.68422
2006-09-11,135.05264
2006-09-12,136.63159
2006-09-13,136.73685
2006-09-14,136.94738
2006-09-15,137.36843
2006-09-16,137.36843
2006-09-17,137.36843
2006-09-18,138.52633
2006-09-19,137.89475
2006-09-20,137.57896
2006-09-21,137.1579
2006-09-22,136.63159
2006-09-23,136.63159
2006-09-24,136.63159
2006-09-25,137.26317
2006-09-26,138.3158
2006-09-27,138.52633
2006-09-28,138.73685
2006-09-29,138.42106
2006-09-30,138.42106
2006-10-01,138.42106
2006-10-02,137.57896
2006-10-03,137.47369
2006-10-04,138.94738
2006-10-05,140.10527
2006-10-06,139.89475
2006-10-07,139.89475
2006-10-08,139.89475
2006-10-09,139.78948
2006-10-10,140.3158
2006-10-11,139.47369
2006-10-12,140.73685
2006-10-13,141.15791
2006-10-14,141.15791
2006-10-15,141.15791
2006-10-16,141.57896
2006-10-17,140.00001
2006-10-18,139.89475
2006-10-19,140.3158
2006-10-20,140.52633
2006-10-21,140.52633
2006-10-22,140.52633
2006-10-23,141.68422
2006-10-24,141.68422
2006-10-25,141.78948
2006-10-26,142.52633
2006-10-27,140.73685
2006-10-28,140.73685
2006-10-29,140.73685
2006-10-30,140.73685
2006-10-31,140.3158
2006-11-01,140.63159
2006-11-02,139.78948
2006-11-03,140.3158
2006-11-04,140.3158
2006-11-05,140.3158
2006-11-06,142.00001
2006-11-07,142.21054
2006-11-08,142.52633
2006-11-09,141.26317
2006-11-10,141.36843
2006-11-11,141.36843
2006-11-12,141.36843
2006-11-13,141.26317
2006-11-14,142.84212
2006-11-15,143.68422
2006-11-16,143.68422
2006-11-17,142.84212
2006-11-18,142.84212
2006-11-19,142.84212
2006-11-20,142.63159
2006-11-21,143.57896
2006-11-22,144.00001
2006-11-23,143.78948
2006-11-24,143.26317
2006-11-25,143.26317
2006-11-26,143.26317
2006-11-27,141.05264
2006-11-28,141.47369
2006-11-29,143.36843
2006-11-30,143.68422
2006-12-01,142.94738
2006-12-02,142.94738
2006-12-03,142.94738
2006-12-04,144.52633
2006-12-05,144.73685
2006-12-06,144.84212
2006-12-07,144.84212
2006-12-08,145.15791
2006-12-09,145.15791
2006-12-10,145.15791
2006-12-11,145.26317
2006-12-12,144.94738
2006-12-13,145.15791
2006-12-14,146.84212
2006-12-15,146.84212
2006-12-16,146.84212
2006-12-17,146.84212
2006-12-18,146.42106
2006-12-19,146.42106
2006-12-20,146.10527
2006-12-21,145.68422
2006-12-22,145.15791
2006-12-23,145.15791
2006-12-24,145.15791
2006-12-25,145.15791
2006-12-26,145.05264
2006-12-27,146.3158
2006-12-28,145.78948
2006-12-29,145.05264
2006-12-30,145.05264
2006-12-31,145.05264
2007-01-01,145.05264
2007-01-02,145.05264
2007-01-03,145.05264
2007-01-04,145.15791
2007-01-05,144.21054
2007-01-06,144.21054
2007-01-07,144.21054
2007-01-08,144.3158
2007-01-09,144.21054
2007-01-10,144.21054
2007-01-11,145.68422
2007-01-12,146.3158
2007-01-13,146.3158
2007-01-14,146.3158
2007-01-15,146.52633
2007-01-16,146.42106
2007-01-17,146.10527
2007-01-18,145.57896
2007-01-19,146.42106
2007-01-20,146.42106
2007-01-21,146.42106
2007-01-22,146.3158
2007-01-23,146.94738
2007-01-24,148.21054
2007-01-25,146.63159
2007-01-26,146.00001
2007-01-27,146.00001
2007-01-28,146.00001
2007-01-29,145.57896
2007-01-30,146.52633
2007-01-31,147.36843
2007-02-01,148.3158
2007-02-02,148.42106
2007-02-03,148.42106
2007-02-04,148.42106
2007-02-05,147.89475
2007-02-06,148.3158
2007-02-07,148.21054
2007-02-08,147.89475
2007-02-09,146.94738
2007-02-10,146.94738
2007-02-11,146.94738
2007-02-12,147.36843
2007-02-13,148.52633
2007-02-14,149.89475
2007-02-15,150.63159
2007-02-16,151.15791
2007-02-17,151.15791
2007-02-18,151.15791
2007-02-19,151.15791
2007-02-20,151.15791
2007-02-21,150.73685
2007-02-22,151.26317
2007-02-23,150.84212
2007-02-24,150.84212
2007-02-25,150.84212
2007-02-26,150.3158
2007-02-27,144.00001
2007-02-28,145.05264
2007-03-01,143.89475
2007-03-02,142.10527
2007-03-03,142.10527
2007-03-04,142.10527
2007-03-05,140.42106
2007-03-06,143.68422
2007-03-07,143.26317
2007-03-08,144.63159
2007-03-09,144.73685
2007-03-10,144.73685
2007-03-11,144.73685
2007-03-12,145.36843
2007-03-13,142.52633
2007-03-14,142.84212
2007-03-15,143.36843
2007-03-16,142.63159
2007-03-17,142.63159
2007-03-18,142.63159
2007-03-19,144.52633
2007-03-20,145.57896
2007-03-21,147.89475
2007-03-22,147.78948
2007-03-23,147.78948
2007-03-24,147.78948
2007-03-25,147.78948
2007-03-26,147.89475
2007-03-27,146.84212
2007-03-28,145.78948
2007-03-29,146.42106
2007-03-30,146.52633
2007-03-31,146.52633
2007-04-01,146.52633
2007-04-02,147.15791
2007-04-03,148.52633
2007-04-04,148.63159
2007-04-05,149.15791
2007-04-06,149.15791
2007-04-07,149.15791
2007-04-08,149.15791
2007-04-09,149.26317
2007-04-10,150.10527
2007-04-11,149.36843
2007-04-12,150.00001
2007-04-13,150.10527
2007-04-14,150.10527
2007-04-15,150.10527
2007-04-16,151.68422
2007-04-17,151.68422
2007-04-18,151.68422
2007-04-19,151.05264
2007-04-20,153.05264
2007-04-21,153.05264
2007-04-22,153.05264
2007-04-23,153.15791
2007-04-24,152.63159
2007-04-25,153.89475
2007-04-26,153.68422
2007-04-27,153.78949
2007-04-28,153.78949
2007-04-29,153.78949
2007-04-30,152.94738
2007-05-01,152.94738
2007-05-02,154.3158
2007-05-03,154.42106
2007-05-04,154.42106
2007-05-05,154.42106
2007-05-06,154.42106
2007-05-07,154.52633
2007-05-08,153.78949
2007-05-09,154.63159
2007-05-10,152.63159
2007-05-11,153.78949
2007-05-12,153.78949
2007-05-13,153.78949
2007-05-14,153.15791
2007-05-15,153.15791
2007-05-16,155.05264
2007-05-17,155.68422
2007-05-18,156.21054
2007-05-19,156.21054
2007-05-20,156.21054
2007-05-21,156.84212
2007-05-22,156.94738
2007-05-23,156.63159
2007-05-24,154.84212
2007-05-25,155.4737
2007-05-26,155.4737
2007-05-27,155.4737
2007-05-28,155.4737
2007-05-29,156.00001
2007-05-30,156.94738
2007-05-31,156.94738
2007-06-01,158.52633
2007-06-02,158.52633
2007-06-03,158.52633
2007-06-04,158.42106
2007-06-05,158.00001
2007-06-06,156.10527
2007-06-07,153.4737
2007-06-08,155.57896
2007-06-09,155.57896
2007-06-10,155.57896
2007-06-11,155.89475
2007-06-12,154.21054
2007-06-13,156.42106
2007-06-14,157.68422
2007-06-15,158.73685
2007-06-16,158.73685
2007-06-17,158.73685
2007-06-18,159.05264
2007-06-19,159.15791
2007-06-20,157.4737
2007-06-21,158.10527
2007-06-22,156.52633
2007-06-23,156.52633
2007-06-24,156.52633
2007-06-25,155.15791
2007-06-26,154.52633
2007-06-27,155.15791
2007-06-28,154.94738
2007-06-29,154.84212
2007-06-30,154.84212
2007-07-01,154.84212
2007-07-02,156.00001
2007-07-03,157.15791
2007-07-04,157.26317
2007-07-05,157.68422
2007-07-06,158.73685
2007-07-07,158.73685
2007-07-08,158.73685
2007-07-09,158.94738
2007-07-10,156.73685
2007-07-11,157.78949
2007-07-12,160.84212
2007-07-13,161.05264
2007-07-14,161.05264
2007-07-15,161.05264
2007-07-16,160.84212
2007-07-17,160.84212
2007-07-18,159.78949
2007-07-19,160.10528
2007-07-20,158.00001
2007-07-21,158.00001
2007-07-22,158.00001
2007-07-23,158.42106
2007-07-24,155.26317
2007-07-25,155.57896
2007-07-26,151.89475
2007-07-27,149.68422
2007-07-28,149.68422
2007-07-29,149.68422
2007-07-30,151.4737
2007-07-31,150.84212
2007-08-01,151.05264
2007-08-02,151.57896
2007-08-03,147.89475
2007-08-04,147.89475
2007-08-05,147.89475
2007-08-06,150.21054
2007-08-07,150.84212
2007-08-08,149.4737
2007-08-09,149.4737
2007-08-10,147.68422
2007-08-11,147.68422
2007-08-12,147.68422
2007-08-13,148.73685
2007-08-14,146.63159
2007-08-15,147.4737
2007-08-16,143.15791
2007-08-17,145.68423
2007-08-18,145.68423
2007-08-19,145.68423
2007-08-20,145.4737
2007-08-21,146.31581
2007-08-22,148.52633
2007-08-23,148.84212
2007-08-24,150.52633
2007-08-25,150.52633
2007-08-26,150.52633
2007-08-27,149.57896
2007-08-28,146.31581
2007-08-29,149.15791
2007-08-30,148.84212
2007-08-31,151.15791
2007-09-01,151.15791
2007-09-02,151.15791
2007-09-03,151.26317
2007-09-04,153.26317
2007-09-05,151.36844
2007-09-06,152.10528
2007-09-07,149.68423
2007-09-08,149.68423
2007-09-09,149.68423
2007-09-10,149.68423
2007-09-11,151.57896
2007-09-12,151.26317
2007-09-13,152.94738
2007-09-14,152.52633
2007-09-15,152.52633
2007-09-16,152.52633
2007-09-17,151.36844
2007-09-18,155.78949
2007-09-19,157.05265
2007-09-20,156.52633
2007-09-21,157.78949
2007-09-22,157.78949
2007-09-23,157.78949
2007-09-24,157.36844
2007-09-25,157.57896
2007-09-26,157.68423
2007-09-27,158.73686
2007-09-28,157.68423
2007-09-29,157.68423
2007-09-30,157.68423
2007-10-01,158.84212
2007-10-02,159.36844
2007-10-03,158.42107
2007-10-04,158.52633
2007-10-05,159.57896
2007-10-06,159.57896
2007-10-07,159.57896
2007-10-08,158.94739
2007-10-09,160.84212
2007-10-10,160.6316
2007-10-11,160.10528
2007-10-12,161.26318
2007-10-13,161.26318
2007-10-14,161.26318
2007-10-15,160.10528
2007-10-16,158.6316
2007-10-17,158.73686
2007-10-18,158.94739
2007-10-19,154.84212
2007-10-20,154.84212
2007-10-21,154.84212
2007-10-22,154.84212
2007-10-23,157.78949
2007-10-24,156.52633
2007-10-25,156.00002
2007-10-26,158.31581
2007-10-27,158.31581
2007-10-28,158.31581
2007-10-29,159.36844
2007-10-30,157.89475
2007-10-31,160.10528
2007-11-01,160.10528
2007-11-02,156.21054
2007-11-03,156.21054
2007-11-04,156.21054
2007-11-05,154.6316
2007-11-06,156.84212
2007-11-07,153.89475
2007-11-08,153.89475
2007-11-09,151.57896
2007-11-10,151.57896
2007-11-11,151.57896
2007-11-12,149.78949
2007-11-13,153.4737
2007-11-14,153.4737
2007-11-15,152.10528
2007-11-16,152.6316
2007-11-17,152.6316
2007-11-18,152.6316
2007-11-19,148.52633
2007-11-20,149.57896
2007-11-21,146.31581
2007-11-22,146.63159
2007-11-23,148.42107
2007-11-24,148.42107
2007-11-25,148.42107
2007-11-26,145.68423
2007-11-27,147.68423
2007-11-28,152.73686
2007-11-29,153.05265
2007-11-30,154.10528
2007-12-01,154.10528
2007-12-02,154.10528
2007-12-03,153.4737
2007-12-04,151.89475
2007-12-05,154.6316
2007-12-06,156.31581
2007-12-07,156.21054
2007-12-08,156.21054
2007-12-09,156.21054
2007-12-10,157.57896
2007-12-11,154.00002
2007-12-12,155.4737
2007-12-13,154.10528
2007-12-14,152.84212
2007-12-15,152.84212
2007-12-16,152.84212
2007-12-17,150.10528
2007-12-18,151.15791
2007-12-19,152.00002
2007-12-20,152.00002
2007-12-21,154.21054
2007-12-22,154.21054
2007-12-23,154.21054
2007-12-24,155.26317
2007-12-25,155.26317
2007-12-26,155.26317
2007-12-27,153.68423
2007-12-28,153.78949
2007-12-29,153.78949
2007-12-30,153.78949
2007-12-31,152.42107
2008-01-01,152.42107
2008-01-02,150.52633
2008-01-03,150.73686
2008-01-04,146.52633
2008-01-05,146.52633
2008-01-06,146.52633
2008-01-07,146.21054
2008-01-08,144.42107
2008-01-09,146.10528
2008-01-10,146.84212
2008-01-11,144.84212
2008-01-12,144.84212
2008-01-13,144.84212
2008-01-14,146.52633
2008-01-15,142.10528
2008-01-16,139.15791
2008-01-17,135.57896
2008-01-18,135.57896
2008-01-19,135.57896
2008-01-20,135.57896
2008-01-21,133.4737
2008-01-22,132.10528
2008-01-23,133.15791
2008-01-24,136.00001
2008-01-25,134.21054
2008-01-26,134.21054
2008-01-27,134.21054
2008-01-28,135.68423
2008-01-29,136.42107
2008-01-30,135.4737
2008-01-31,136.63159
2008-02-01,138.73686
2008-02-02,138.73686
2008-02-03,138.73686
2008-02-04,137.68423
2008-02-05,133.15791
2008-02-06,131.68422
2008-02-07,131.68422
2008-02-08,131.68422
2008-02-09,131.68422
2008-02-10,131.68422
2008-02-11,132.10528
2008-02-12,133.15791
2008-02-13,134.94738
2008-02-14,133.57896
2008-02-15,132.94738
2008-02-16,132.94738
2008-02-17,132.94738
2008-02-18,133.15791
2008-02-19,133.26317
2008-02-20,134.00001
2008-02-21,132.84212
2008-02-22,133.4737
2008-02-23,133.4737
2008-02-24,133.4737
2008-02-25,135.36844
2008-02-26,136.84212
2008-02-27,136.52633
2008-02-28,135.36844
2008-02-29,131.4737
2008-03-01,131.4737
2008-03-02,131.4737
2008-03-03,130.63159
2008-03-04,129.36843
2008-03-05,130.42107
2008-03-06,127.78949
2008-03-07,125.89475
2008-03-08,125.89475
2008-03-09,125.89475
2008-03-10,123.05264
2008-03-11,127.68422
2008-03-12,126.84212
2008-03-13,127.57896
2008-03-14,124.73686
2008-03-15,124.73686
2008-03-16,124.73686
2008-03-17,120.63159
2008-03-18,125.89475
2008-03-19,122.63159
2008-03-20,124.52633
2008-03-21,124.52633
2008-03-22,124.52633
2008-03-23,124.52633
2008-03-24,124.52633
2008-03-25,127.4737
2008-03-26,126.63159
2008-03-27,125.26317
2008-03-28,124.21054
2008-03-29,124.21054
2008-03-30,124.21054
2008-03-31,124.3158
2008-04-01,129.15791
2008-04-02,129.26317
2008-04-03,130.3158
2008-04-04,130.84212
2008-04-05,130.84212
2008-04-06,130.84212
2008-04-07,131.78949
2008-04-08,131.26317
2008-04-09,129.89475
2008-04-10,128.00001
2008-04-11,125.78949
2008-04-12,125.78949
2008-04-13,125.78949
2008-04-14,125.68422
2008-04-15,126.63159
2008-04-16,129.4737
2008-04-17,128.84212
2008-04-18,131.4737
2008-04-19,131.4737
2008-04-20,131.4737
2008-04-21,131.57896
2008-04-22,130.52633
2008-04-23,130.73686
2008-04-24,132.00001
2008-04-25,133.78949
2008-04-26,133.78949
2008-04-27,133.78949
2008-04-28,133.78949
2008-04-29,132.10528
2008-04-30,131.4737
2008-05-01,131.4737
2008-05-02,134.42107
2008-05-03,134.42107
2008-05-04,134.42107
2008-05-05,133.89475
2008-05-06,135.26317
2008-05-07,133.36844
2008-05-08,135.05265
2008-05-09,133.36844
2008-05-10,133.36844
2008-05-11,133.36844
2008-05-12,133.26317
2008-05-13,135.26317
2008-05-14,136.10528
2008-05-15,138.10528
2008-05-16,138.10528
2008-05-17,138.10528
2008-05-18,138.10528
2008-05-19,138.10528
2008-05-20,136.10528
2008-05-21,133.05265
2008-05-22,133.89475
2008-05-23,131.57896
2008-05-24,131.57896
2008-05-25,131.57896
2008-05-26,131.78949
2008-05-27,132.21054
2008-05-28,132.94738
2008-05-29,132.94738
2008-05-30,133.15791
2008-05-31,132.10528
2008-06-01,132.10528
2008-06-02,132.10528
2008-06-03,130.94738
2008-06-04,130.73686
2008-06-05,133.4737
2008-06-06,129.89475
2008-06-07,129.89475
2008-06-08,129.89475
2008-06-09,129.78949
2008-06-10,128.63159
2008-06-11,125.78949
2008-06-12,126.94738
2008-06-13,129.05265
2008-06-14,129.05265
2008-06-15,129.05265
2008-06-16,129.05265
2008-06-17,128.63159
2008-06-18,127.68422
2008-06-19,128.3158
2008-06-20,124.94738
2008-06-21,124.94738
2008-06-22,124.94738
2008-06-23,124.94738
2008-06-24,124.3158
2008-06-25,124.94738
2008-06-26,121.26317
2008-06-27,121.4737
2008-06-28,121.4737
2008-06-29,121.4737
2008-06-30,121.26317
2008-07-01,121.26317
2008-07-02,118.00001
2008-07-03,117.89475
2008-07-04,118.00001
2008-07-05,118.00001
2008-07-06,118.00001
2008-07-07,116.73685
2008-07-08,117.89475
2008-07-09,114.84212
2008-07-10,115.36843
2008-07-11,113.05264
2008-07-12,113.05264
2008-07-13,113.05264
2008-07-14,112.21054
2008-07-15,110.21054
2008-07-16,112.63159
2008-07-17,114.21054
2008-07-18,114.21054
2008-07-19,114.21054
2008-07-20,114.21054
2008-07-21,114.94738
2008-07-22,116.3158
2008-07-23,117.36843
2008-07-24,114.21054
2008-07-25,114.52633
2008-07-26,114.52633
2008-07-27,114.52633
2008-07-28,112.94738
2008-07-29,115.4737
2008-07-30,117.89475
2008-07-31,116.21054
2008-08-01,115.4737
2008-08-02,115.4737
2008-08-03,115.4737
2008-08-04,113.26317
2008-08-05,116.3158
2008-08-06,116.94738
2008-08-07,115.05264
2008-08-08,117.15791
2008-08-09,117.15791
2008-08-10,117.15791
2008-08-11,117.57896
2008-08-12,116.00001
2008-08-13,115.57896
2008-08-14,116.3158
2008-08-15,116.3158
2008-08-16,116.3158
2008-08-17,116.3158
2008-08-18,114.3158
2008-08-19,113.57896
2008-08-20,114.52633
2008-08-21,114.63159
2008-08-22,115.89475
2008-08-23,115.89475
2008-08-24,115.89475
2008-08-25,114.42106
2008-08-26,115.47369
2008-08-27,115.89475
2008-08-28,117.47369
2008-08-29,116.21054
2008-08-30,116.21054
2008-08-31,116.3158
2008-09-01,116.3158
2008-09-02,115.05264
2008-09-03,114.52633
2008-09-04,110.84212
2008-09-05,110.63159
2008-09-06,110.63159
2008-09-07,110.63159
2008-09-08,110.3158
2008-09-09,104.73685
2008-09-10,106.10527
2008-09-11,106.3158
2008-09-12,106.52633
2008-09-13,106.52633
2008-09-14,106.52633
2008-09-15,101.57896
2008-09-16,103.47369
2008-09-17,97.89475
2008-09-18,101.78948
2008-09-19,106.94738
2008-09-20,106.94738
2008-09-21,106.94738
2008-09-22,103.1579
2008-09-23,101.36843
2008-09-24,102.00001
2008-09-25,103.26317
2008-09-26,102.94738
2008-09-27,102.94738
2008-09-28,102.94738
2008-09-29,93.57896
2008-09-30,97.89475
2008-10-01,97.89475
2008-10-02,92.94738
2008-10-03,92.10527
2008-10-04,92.10527
2008-10-05,92.10527
2008-10-06,88.10527
2008-10-07,84.00001
2008-10-08,83.26317
2008-10-09,77.57895
2008-10-10,76.52632
2008-10-11,76.52632
2008-10-12,76.52632
2008-10-13,85.1579
2008-10-14,84.00001
2008-10-15,76.00001
2008-10-16,79.89474
2008-10-17,79.47369
2008-10-18,79.47369
2008-10-19,79.47369
2008-10-20,83.26317
2008-10-21,79.78948
2008-10-22,75.78948
2008-10-23,75.57895
2008-10-24,69.47369
2008-10-25,69.47369
2008-10-26,69.47369
2008-10-27,69.47369
2008-10-28,75.26316
2008-10-29,76.73685
2008-10-30,78.52632
2008-10-31,80.00001
2008-11-01,80.00001
2008-11-02,80.00001
2008-11-03,79.78948
2008-11-04,82.94738
2008-11-05,78.94738
2008-11-06,75.68422
2008-11-07,77.57895
2008-11-08,77.57895
2008-11-09,77.57895
2008-11-10,76.42106
2008-11-11,75.26316
2008-11-12,71.36843
2008-11-13,76.10527
2008-11-14,72.94738
2008-11-15,72.94738
2008-11-16,72.94738
2008-11-17,71.36843
2008-11-18,71.68422
2008-11-19,67.47369
2008-11-20,63.1579
2008-11-21,66.42106
2008-11-22,66.42106
2008-11-23,66.42106
2008-11-24,69.78948
2008-11-25,70.10527
2008-11-26,72.10527
2008-11-27,72.00001
2008-11-28,72.63159
2008-11-29,72.63159
2008-11-30,67.1579
2008-12-01,67.1579
2008-12-02,69.47369
2008-12-03,70.42106
2008-12-04,68.73685
2008-12-05,72.73685
2008-12-06,72.73685
2008-12-07,72.73685
2008-12-08,72.73685
2008-12-09,71.68422
2008-12-10,72.84211
2008-12-11,70.94737
2008-12-12,70.94737
2008-12-13,70.94737
2008-12-14,70.94737
2008-12-15,69.78948
2008-12-16,72.52632
2008-12-17,70.84211
2008-12-18,69.57895
2008-12-19,70.42106
2008-12-20,70.42106
2008-12-21,70.42106
2008-12-22,68.52632
2008-12-23,68.10527
2008-12-24,68.21053
2008-12-25,68.21053
2008-12-26,68.21053
2008-12-27,68.21053
2008-12-28,68.21053
2008-12-29,68.73685
2008-12-30,69.68422
2008-12-31,70.52632
2009-01-01,70.52632
2009-01-02,73.78948
2009-01-03,73.78948
2009-01-04,73.78948
2009-01-05,74.42106
2009-01-06,75.26316
2009-01-07,73.68422
2009-01-08,73.89474
2009-01-09,72.84211
2009-01-10,72.84211
2009-01-11,72.84211
2009-01-12,71.05264
2009-01-13,70.52632
2009-01-14,68.42106
2009-01-15,68.94737
2009-01-16,69.26316
2009-01-17,69.26316
2009-01-18,69.26316
2009-01-19,69.26316
2009-01-20,66.3158
2009-01-21,68.3158
2009-01-22,67.26316
2009-01-23,69.26316
2009-01-24,69.26316
2009-01-25,69.26316
2009-01-26,69.26316
2009-01-27,69.26316
2009-01-28,70.94737
2009-01-29,69.1579
2009-01-30,68.3158
2009-01-31,68.10527
2009-02-01,68.10527
2009-02-02,68.10527
2009-02-03,69.1579
2009-02-04,69.1579
2009-02-05,70.42106
2009-02-06,71.57895
2009-02-07,71.57895
2009-02-08,71.57895
2009-02-09,71.1579
2009-02-10,68.84211
2009-02-11,68.94737
2009-02-12,69.47369
2009-02-13,68.94737
2009-02-14,68.94737
2009-02-15,68.94737
2009-02-16,68.94737
2009-02-17,66.94737
2009-02-18,66.94737
2009-02-19,66.21053
2009-02-20,65.89474
2009-02-21,65.89474
2009-02-22,65.89474
2009-02-23,63.78948
2009-02-24,65.47369
2009-02-25,64.84211
2009-02-26,64.73685
2009-02-27,64.3158
2009-02-28,61.57895
2009-03-01,61.57895
2009-03-02,61.57895
2009-03-03,61.47369
2009-03-04,63.26316
2009-03-05,61.57895
2009-03-06,61.47369
2009-03-07,61.47369
2009-03-08,61.47369
2009-03-09,60.52632
2009-03-10,63.26316
2009-03-11,63.1579
2009-03-12,64.84211
2009-03-13,65.68422
2009-03-14,65.68422
2009-03-15,65.68422
2009-03-16,65.05264
2009-03-17,66.73685
2009-03-18,66.84211
2009-03-19,66.63158
2009-03-20,66.10527
2009-03-21,66.10527
2009-03-22,66.10527
2009-03-23,69.89474
2009-03-24,68.63159
2009-03-25,68.84211
2009-03-26,70.10527
2009-03-27,68.73685
2009-03-28,68.73685
2009-03-29,68.73685
2009-03-30,66.94737
2009-03-31,68.21053
2009-04-01,69.05264
2009-04-02,70.73685
2009-04-03,71.26316
2009-04-04,71.26316
2009-04-05,71.26316
2009-04-06,70.52632
2009-04-07,69.1579
2009-04-08,69.78948
2009-04-09,71.47369
2009-04-10,71.47369
2009-04-11,71.47369
2009-04-12,71.47369
2009-04-13,71.47369
2009-04-14,70.10527
2009-04-15,70.52632
2009-04-16,71.68422
2009-04-17,71.78948
2009-04-18,71.78948
2009-04-19,71.78948
2009-04-20,69.26316
2009-04-21,70.42106
2009-04-22,69.89474
2009-04-23,70.42106
2009-04-24,71.1579
2009-04-25,71.1579
2009-04-26,71.1579
2009-04-27,70.73685
2009-04-28,70.42106
2009-04-29,71.68422
2009-04-30,71.78948
2009-05-01,71.78948
2009-05-02,71.78948
2009-05-03,71.78948
2009-05-04,74.21053
2009-05-05,74.10527
2009-05-06,74.84211
2009-05-07,73.47369
2009-05-08,74.42106
2009-05-09,74.42106
2009-05-10,74.42106
2009-05-11,73.47369
2009-05-12,73.36843
2009-05-13,71.68422
2009-05-14,72.52632
2009-05-15,72.3158
2009-05-16,72.3158
2009-05-17,72.3158
2009-05-18,74.42106
2009-05-19,74.3158
2009-05-20,74.10527
2009-05-21,74.10527
2009-05-22,72.3158
2009-05-23,72.3158
2009-05-24,72.3158
2009-05-25,72.73685
2009-05-26,74.21053
2009-05-27,73.68422
2009-05-28,74.3158
2009-05-29,75.05264
2009-05-30,75.05264
2009-05-31,75.05264
2009-06-01,75.05264
2009-06-02,76.94738
2009-06-03,76.00001
2009-06-04,76.63159
2009-06-05,77.05264
2009-06-06,77.05264
2009-06-07,77.05264
2009-06-08,76.73685
2009-06-09,77.05264
2009-06-10,77.26316
2009-06-11,77.68422
2009-06-12,77.57895
2009-06-13,77.57895
2009-06-14,77.57895
2009-06-15,75.78948
2009-06-16,75.05264
2009-06-17,74.73685
2009-06-18,75.1579
2009-06-19,75.78948
2009-06-20,75.78948
2009-06-21,75.78948
2009-06-22,73.68422
2009-06-23,73.68422
2009-06-24,74.42106
2009-06-25,75.89474
2009-06-26,75.89474
2009-06-27,75.89474
2009-06-28,75.89474
2009-06-29,76.52632
2009-06-30,75.68422
2009-07-01,76.00001
2009-07-02,74.52632
2009-07-03,74.63159
2009-07-04,74.63159
2009-07-05,74.63159
2009-07-06,74.21053
2009-07-07,72.94738
2009-07-08,72.94738
2009-07-09,73.47369
2009-07-10,73.1579
2009-07-11,73.1579
2009-07-12,73.1579
2009-07-13,74.42106
2009-07-14,74.84211
2009-07-15,76.94738
2009-07-16,77.68422
2009-07-17,77.68422
2009-07-18,77.68422
2009-07-19,77.68422
2009-07-20,78.63159
2009-07-21,78.84211
2009-07-22,78.84211
2009-07-23,80.63159
2009-07-24,80.63159
2009-07-25,80.63159
2009-07-26,80.63159
2009-07-27,80.73685
2009-07-28,80.42106
2009-07-29,80.3158
2009-07-30,80.84211
2009-07-31,80.94738
2009-08-01,80.94738
2009-08-02,80.94738
2009-08-03,82.52632
2009-08-04,82.3158
2009-08-05,81.78948
2009-08-06,81.26317
2009-08-07,81.57895
2009-08-08,81.57895
2009-08-09,81.57895
2009-08-10,81.57895
2009-08-11,81.05264
2009-08-12,81.89474
2009-08-13,82.63159
2009-08-14,81.89474
2009-08-15,81.89474
2009-08-16,81.89474
2009-08-17,79.78948
2009-08-18,80.94737
2009-08-19,81.36842
2009-08-20,81.89474
2009-08-21,83.26316
2009-08-22,83.26316
2009-08-23,83.26316
2009-08-24,83.57895
2009-08-25,83.89474
2009-08-26,83.57895
2009-08-27,83.68421
2009-08-28,83.57895
2009-08-29,83.57895
2009-08-30,83.57895
2009-08-31,83.05263
2009-09-01,81.26316
2009-09-02,81.05263
2009-09-03,81.78948
2009-09-04,82.94737
2009-09-05,82.94737
2009-09-06,82.94737
2009-09-07,82.94737
2009-09-08,83.78948
2009-09-09,84.42106
2009-09-10,85.47369
2009-09-11,85.36842
2009-09-12,85.36842
2009-09-13,85.36842
2009-09-14,85.68421
2009-09-15,85.47369
2009-09-16,86.73685
2009-09-17,86.73685
2009-09-18,86.52632
2009-09-19,86.52632
2009-09-20,86.52632
2009-09-21,86.52632
2009-09-22,86.94737
2009-09-23,86.73685
2009-09-24,85.78948
2009-09-25,84.94737
2009-09-26,84.94737
2009-09-27,84.94737
2009-09-28,86.31579
2009-09-29,86.0
2009-09-30,85.47369
2009-10-01,83.47369
2009-10-02,83.05263
2009-10-03,83.05263
2009-10-04,83.05263
2009-10-05,83.78948
2009-10-06,84.84211
2009-10-07,85.05263
2009-10-08,85.47369
2009-10-09,86.21053
2009-10-10,86.21053
2009-10-11,86.21053
2009-10-12,86.63158
2009-10-13,86.31579
2009-10-14,88.31579
2009-10-15,88.52632
2009-10-16,87.68421
2009-10-17,87.68421
2009-10-18,87.68421
2009-10-19,88.63158
2009-10-20,88.31579
2009-10-21,87.57895
2009-10-22,88.63158
2009-10-23,87.57895
2009-10-24,87.57895
2009-10-25,87.57895
2009-10-26,86.84211
2009-10-27,85.78948
2009-10-28,83.57895
2009-10-29,85.36842
2009-10-30,83.26316
2009-10-31,83.26316
2009-11-01,83.26316
2009-11-02,83.78948
2009-11-03,83.89474
2009-11-04,84.31579
2009-11-05,85.89474
2009-11-06,86.10527
2009-11-07,86.10527
2009-11-08,86.10527
2009-11-09,88.0
2009-11-10,87.78948
2009-11-11,87.89474
2009-11-12,87.1579
2009-11-13,87.68421
2009-11-14,87.68421
2009-11-15,87.68421
2009-11-16,89.05264
2009-11-17,88.94737
2009-11-18,88.73685
2009-11-19,87.78948
2009-11-20,87.1579
2009-11-21,87.1579
2009-11-22,87.1579
2009-11-23,88.31579
2009-11-24,88.0
2009-11-25,88.31579
2009-11-26,86.73685
2009-11-27,86.73685
2009-11-28,86.73685
2009-11-29,86.73685
2009-11-30,86.63158
2009-12-01,88.31579
2009-12-02,88.42106
2009-12-03,88.10527
2009-12-04,88.52632
2009-12-05,88.52632
2009-12-06,88.52632
2009-12-07,88.0
2009-12-08,87.1579
2009-12-09,87.26316
2009-12-10,87.57895
2009-12-11,87.78948
2009-12-12,87.78948
2009-12-13,87.78948
2009-12-14,88.52632
2009-12-15,88.31579
2009-12-16,88.63158
2009-12-17,87.57895
2009-12-18,87.78948
2009-12-19,87.78948
2009-12-20,87.78948
2009-12-21,88.63158
2009-12-22,89.05264
2009-12-23,89.68421
2009-12-24,90.31579
2009-12-25,90.31579
2009-12-26,90.31579
2009-12-27,90.31579
2009-12-28,90.31579
2009-12-29,90.42106
2009-12-30,90.42106
2009-12-31,89.89474
2010-01-01,89.89474
2010-01-02,89.89474
2010-01-03,89.89474
2010-01-04,91.1579
2010-01-05,91.47369
2010-01-06,91.36842
2010-01-07,91.47369
2010-01-08,91.78948
2010-01-09,91.78948
2010-01-10,91.78948
2010-01-11,91.47369
2010-01-12,90.63158
2010-01-13,91.05264
2010-01-14,91.26316
2010-01-15,90.10527
2010-01-16,90.10527
2010-01-17,90.10527
2010-01-18,90.31579
2010-01-19,91.1579
2010-01-20,90.0
2010-01-21,88.31579
2010-01-22,86.21053
2010-01-23,86.21053
2010-01-24,86.21053
2010-01-25,86.52632
2010-01-26,86.0
2010-01-27,86.10527
2010-01-28,85.05263
2010-01-29,84.21053
2010-01-30,84.21053
2010-01-31,84.21053
2010-02-01,85.89474
2010-02-02,86.84211
2010-02-03,86.84211
2010-02-04,84.21053
2010-02-05,83.78948
2010-02-06,83.78948
2010-02-07,83.78948
2010-02-08,83.1579
2010-02-09,84.31579
2010-02-10,84.10527
2010-02-11,85.1579
2010-02-12,85.89474
2010-02-13,85.89474
2010-02-14,85.89474
2010-02-15,85.89474
2010-02-16,85.89474
2010-02-17,86.52632
2010-02-18,87.57895
2010-02-19,87.05263
2010-02-20,87.05263
2010-02-21,87.05263
2010-02-22,87.05263
2010-02-23,85.68421
2010-02-24,86.31579
2010-02-25,85.89474
2010-02-26,86.0
2010-02-27,86.0
2010-02-28,86.0
2010-03-01,87.05263
2010-03-02,87.47369
2010-03-03,87.68421
2010-03-04,87.89474
2010-03-05,89.1579
2010-03-06,89.1579
2010-03-07,89.1579
2010-03-08,89.26316
2010-03-09,89.26316
2010-03-10,89.57895
2010-03-11,89.89474
2010-03-12,89.78948
2010-03-13,89.78948
2010-03-14,89.78948
2010-03-15,89.68421
2010-03-16,90.21053
2010-03-17,90.52632
2010-03-18,90.42106
2010-03-19,89.89474
2010-03-20,89.89474
2010-03-21,89.89474
2010-03-22,90.42106
2010-03-23,91.26316
2010-03-24,90.42106
2010-03-25,90.21053
2010-03-26,90.31579
2010-03-27,90.31579
2010-03-28,90.31579
2010-03-29,90.73685
2010-03-30,90.84211
2010-03-31,90.73685
2010-04-01,91.78948
2010-04-02,91.78948
2010-04-03,91.78948
2010-04-04,91.78948
2010-04-05,91.78948
2010-04-06,92.42106
2010-04-07,91.78948
2010-04-08,91.78948
2010-04-09,92.31579
2010-04-10,92.31579
2010-04-11,92.31579
2010-04-12,92.31579
2010-04-13,92.42106
2010-04-14,92.21053
2010-04-15,92.42106
2010-04-16,90.63158
2010-04-17,90.63158
2010-04-18,90.63158
2010-04-19,90.84211
2010-04-20,91.26316
2010-04-21,90.73685
2010-04-22,90.52632
2010-04-23,91.1579
2010-04-24,91.1579
2010-04-25,91.1579
2010-04-26,90.73685
2010-04-27,88.52632
2010-04-28,88.52632
2010-04-29,89.26316
2010-04-30,88.0
2010-05-01,88.0
2010-05-02,88.0
2010-05-03,88.84211
2010-05-04,86.84211
2010-05-05,86.63158
2010-05-06,84.10527
2010-05-07,82.21053
2010-05-08,82.21053
2010-05-09,82.21053
2010-05-10,85.68421
2010-05-11,85.1579
2010-05-12,86.21053
2010-05-13,86.21053
2010-05-14,83.57895
2010-05-15,83.57895
2010-05-16,83.57895
2010-05-17,83.57895
2010-05-18,82.52632
2010-05-19,82.0
2010-05-20,79.57895
2010-05-21,80.84211
2010-05-22,80.84211
2010-05-23,80.84211
2010-05-24,80.84211
2010-05-25,80.0
2010-05-26,79.57895
2010-05-27,81.57895
2010-05-28,81.57895
2010-05-29,81.57895
2010-05-30,81.57895
2010-05-31,81.36842
2010-06-01,80.84211
2010-06-02,82.31579
2010-06-03,82.63158
2010-06-04,80.10527
2010-06-05,80.10527
2010-06-06,80.10527
2010-06-07,79.1579
2010-06-08,79.57895
2010-06-09,79.47369
2010-06-10,81.68421
2010-06-11,81.68421
2010-06-12,81.68421
2010-06-13,81.68421
2010-06-14,81.57895
2010-06-15,83.36842
2010-06-16,83.36842
2010-06-17,83.57895
2010-06-18,83.26316
2010-06-19,83.26316
2010-06-20,83.26316
2010-06-21,82.84211
2010-06-22,82.10527
2010-06-23,82.10527
2010-06-24,81.05263
2010-06-25,81.05263
2010-06-26,81.05263
2010-06-27,81.05263
2010-06-28,80.73685
2010-06-29,78.63158
2010-06-30,77.68421
2010-07-01,77.47369
2010-07-02,77.36842
2010-07-03,77.36842
2010-07-04,77.36842
2010-07-05,77.1579
2010-07-06,77.78948
2010-07-07,79.78948
2010-07-08,80.21053
2010-07-09,80.94737
2010-07-10,80.94737
2010-07-11,80.94737
2010-07-12,81.05263
2010-07-13,81.78948
2010-07-14,81.89474
2010-07-15,81.89474
2010-07-16,79.68421
2010-07-17,79.68421
2010-07-18,79.68421
2010-07-19,79.89474
2010-07-20,80.73685
2010-07-21,80.0
2010-07-22,81.89474
2010-07-23,82.63158
2010-07-24,82.63158
2010-07-25,82.63158
2010-07-26,82.52632
2010-07-27,82.84211
2010-07-28,82.52632
2010-07-29,82.10527
2010-07-30,81.78948
2010-07-31,81.78948
2010-08-01,81.78948
2010-08-02,83.05263
2010-08-03,82.84211
2010-08-04,83.26316
2010-08-05,83.47369
2010-08-06,83.26316
2010-08-07,83.26316
2010-08-08,83.26316
2010-08-09,83.26316
2010-08-10,82.84211
2010-08-11,80.84211
2010-08-12,80.0
2010-08-13,79.89474
2010-08-14,79.89474
2010-08-15,79.89474
2010-08-16,80.31579
2010-08-17,80.84211
2010-08-18,80.84211
2010-08-19,79.68421
2010-08-20,79.26316
2010-08-21,79.26316
2010-08-22,79.26316
2010-08-23,79.05263
2010-08-24,78.0
2010-08-25,77.89474
2010-08-26,77.57895
2010-08-27,78.63158
2010-08-28,78.63158
2010-08-29,78.63158
2010-08-30,77.68421
2010-08-31,77.89474
2010-09-01,80.0
2010-09-02,80.52632
2010-09-03,81.36842
2010-09-04,81.36842
2010-09-05,81.36842
2010-09-06,81.57895
2010-09-07,80.84211
2010-09-08,81.1579
2010-09-09,81.78948
2010-09-10,81.78948
2010-09-11,81.78948
2010-09-12,81.78948
2010-09-13,82.84211
2010-09-14,82.84211
2010-09-15,83.36842
2010-09-16,83.1579
2010-09-17,82.94737
2010-09-18,82.94737
2010-09-19,82.94737
2010-09-20,84.10527
2010-09-21,83.89474
2010-09-22,83.26316
2010-09-23,82.84211
2010-09-24,84.31579
2010-09-25,84.31579
2010-09-26,84.31579
2010-09-27,84.0
2010-09-28,84.10527
2010-09-29,84.0
2010-09-30,83.47369
2010-10-01,83.78948
2010-10-02,83.78948
2010-10-03,83.78948
2010-10-04,83.26316
2010-10-05,84.94737
2010-10-06,84.73685
2010-10-07,84.21053
2010-10-08,84.84211
2010-10-09,84.84211
2010-10-10,84.84211
2010-10-11,84.84211
2010-10-12,84.94737
2010-10-13,85.89474
2010-10-14,85.47369
2010-10-15,85.47369
2010-10-16,85.47369
2010-10-17,85.47369
2010-10-18,86.10527
2010-10-19,85.26316
2010-10-20,85.57895
2010-10-21,85.68421
2010-10-22,85.47369
2010-10-23,85.47369
2010-10-24,85.47369
2010-10-25,85.68421
2010-10-26,85.57895
2010-10-27,85.47369
2010-10-28,85.47369
2010-10-29,85.36842
2010-10-30,85.36842
2010-10-31,85.36842
2010-11-01,85.36842
2010-11-02,85.89474
2010-11-03,86.21053
2010-11-04,88.21053
2010-11-05,88.21053
2010-11-06,88.21053
2010-11-07,88.21053
2010-11-08,88.10527
2010-11-09,87.68421
2010-11-10,87.47369
2010-11-11,87.1579
2010-11-12,86.42106
2010-11-13,86.42106
2010-11-14,86.42106
2010-11-15,86.73685
2010-11-16,84.84211
2010-11-17,84.84211
2010-11-18,86.52632
2010-11-19,86.63158
2010-11-20,86.63158
2010-11-21,86.63158
2010-11-22,86.42106
2010-11-23,85.57895
2010-11-24,86.73685
2010-11-25,86.63158
2010-11-26,86.63158
2010-11-27,86.63158
2010-11-28,86.63158
2010-11-29,86.10527
2010-11-30,85.47369
2010-12-01,87.1579
2010-12-02,88.21053
2010-12-03,88.21053
2010-12-04,88.21053
2010-12-05,88.21053
2010-12-06,88.10527
2010-12-07,88.63158
2010-12-08,88.73685
2010-12-09,88.52632
2010-12-10,88.63158
2010-12-11,88.63158
2010-12-12,88.63158
2010-12-13,88.73685
2010-12-14,88.73685
2010-12-15,88.94737
2010-12-16,89.05264
2010-12-17,89.05264
2010-12-18,89.05264
2010-12-19,89.05264
2010-12-20,89.36842
2010-12-21,89.78948
2010-12-22,89.68421
2010-12-23,89.47369
2010-12-24,89.05264
2010-12-25,89.05264
2010-12-26,89.05264
2010-12-27,88.84211
2010-12-28,88.84211
2010-12-29,88.94737
2010-12-30,88.52632
2010-12-31,88.42106
2011-01-01,88.42106
2011-01-02,88.42106
2011-01-03,89.36842
2011-01-04,89.68421
2011-01-05,90.10527
2011-01-06,89.89474
2011-01-07,89.68421
2011-01-08,89.68421
2011-01-09,89.68421
2011-01-10,89.89474
2011-01-11,90.10527
2011-01-12,90.84211
2011-01-13,90.52632
2011-01-14,90.94737
2011-01-15,90.94737
2011-01-16,90.94737
2011-01-17,90.63158
2011-01-18,90.94737
2011-01-19,90.0
2011-01-20,89.47369
2011-01-21,88.84211
2011-01-22,88.84211
2011-01-23,88.84211
2011-01-24,89.36842
2011-01-25,88.94737
2011-01-26,89.68421
2011-01-27,89.78948
2011-01-28,88.42106
2011-01-29,88.42106
2011-01-30,88.42106
2011-01-31,88.73685
2011-02-01,89.89474
2011-02-02,90.42106
2011-02-03,90.42106
2011-02-04,90.42106
2011-02-05,90.42106
2011-02-06,90.42106
2011-02-07,90.63158
2011-02-08,91.1579
2011-02-09,90.73685
2011-02-10,90.84211
2011-02-11,91.89474
2011-02-12,91.89474
2011-02-13,91.89474
2011-02-14,92.52632
2011-02-15,92.10527
2011-02-16,92.63158
2011-02-17,92.52632
2011-02-18,92.31579
2011-02-19,92.31579
2011-02-20,92.31579
2011-02-21,92.21053
2011-02-22,90.42106
2011-02-23,89.68421
2011-02-24,89.57895
2011-02-25,90.63158
2011-02-26,90.63158
2011-02-27,90.63158
2011-02-28,91.1579
2011-03-01,89.89474
2011-03-02,90.21053
2011-03-03,91.57895
2011-03-04,90.84211
2011-03-05,90.84211
2011-03-06,90.84211
2011-03-07,89.78948
2011-03-08,90.21053
2011-03-09,90.10527
2011-03-10,88.21053
2011-03-11,88.21053
2011-03-12,88.21053
2011-03-13,88.21053
2011-03-14,87.47369
2011-03-15,87.05264
2011-03-16,85.47369
2011-03-17,86.63158
2011-03-18,86.84211
2011-03-19,86.84211
2011-03-20,86.84211
2011-03-21,88.0
2011-03-22,87.47369
2011-03-23,87.89474
2011-03-24,88.84211
2011-03-25,88.84211
2011-03-26,88.84211
2011-03-27,88.84211
2011-03-28,88.52632
2011-03-29,89.05264
2011-03-30,89.89474
2011-03-31,89.57895
2011-04-01,90.42106
2011-04-02,90.42106
2011-04-03,90.42106
2011-04-04,90.52632
2011-04-05,90.42106
2011-04-06,90.63158
2011-04-07,90.31579
2011-04-08,90.42106
2011-04-09,90.42106
2011-04-10,90.42106
2011-04-11,90.0
2011-04-12,88.94737
2011-04-13,89.36842
2011-04-14,88.52632
2011-04-15,88.31579
2011-04-16,88.31579
2011-04-17,88.31579
2011-04-18,87.05264
2011-04-19,87.57895
2011-04-20,89.1579
2011-04-21,89.68421
2011-04-22,89.68421
2011-04-23,89.68421
2011-04-24,89.68421
2011-04-25,89.68421
2011-04-26,89.68421
2011-04-27,89.89474
2011-04-28,89.89474
2011-04-29,89.47369
2011-04-30,89.47369
2011-05-01,89.47369
2011-05-02,89.47369
2011-05-03,88.84211
2011-05-04,88.10527
2011-05-05,87.68421
2011-05-06,87.89474
2011-05-07,87.89474
2011-05-08,87.89474
2011-05-09,87.89474
2011-05-10,88.63158
2011-05-11,87.78948
2011-05-12,88.21053
2011-05-13,87.68421
2011-05-14,87.68421
2011-05-15,87.68421
2011-05-16,87.47369
2011-05-17,87.47369
2011-05-18,87.57895
2011-05-19,87.89474
2011-05-20,87.36842
2011-05-21,87.36842
2011-05-22,87.36842
2011-05-23,86.42106
2011-05-24,86.63158
2011-05-25,86.94737
2011-05-26,87.57895
2011-05-27,87.57895
2011-05-28,87.57895
2011-05-29,87.57895
2011-05-30,87.57895
2011-05-31,88.63158
2011-06-01,87.05264
2011-06-02,87.05264
2011-06-03,85.78948
2011-06-04,85.78948
2011-06-05,85.78948
2011-06-06,85.05263
2011-06-07,85.05263
2011-06-08,84.63158
2011-06-09,85.05263
2011-06-10,83.89474
2011-06-11,83.89474
2011-06-12,83.89474
2011-06-13,83.89474
2011-06-14,84.52632
2011-06-15,83.1579
2011-06-16,82.63158
2011-06-17,82.42106
2011-06-18,82.42106
2011-06-19,82.42106
2011-06-20,82.52632
2011-06-21,84.10527
2011-06-22,83.57895
2011-06-23,83.57895
2011-06-24,82.94737
2011-06-25,82.94737
2011-06-26,82.94737
2011-06-27,83.89474
2011-06-28,84.94737
2011-06-29,85.47369
2011-06-30,86.10527
2011-07-01,87.05264
2011-07-02,87.05264
2011-07-03,87.05264
2011-07-04,87.05264
2011-07-05,87.36842
2011-07-06,87.36842
2011-07-07,87.89474
2011-07-08,87.1579
2011-07-09,87.1579
2011-07-10,87.1579
2011-07-11,85.47369
2011-07-12,84.52632
2011-07-13,84.73685
2011-07-14,84.10527
2011-07-15,85.05263
2011-07-16,85.05263
2011-07-17,85.05263
2011-07-18,83.78948
2011-07-19,85.47369
2011-07-20,85.47369
2011-07-21,86.21053
2011-07-22,86.42106
2011-07-23,86.42106
2011-07-24,86.42106
2011-07-25,86.0
2011-07-26,85.78948
2011-07-27,83.78948
2011-07-28,83.57895
2011-07-29,83.47369
2011-07-30,83.47369
2011-07-31,83.47369
2011-08-01,82.84211
2011-08-02,80.84211
2011-08-03,81.05263
2011-08-04,77.36842
2011-08-05,76.52632
2011-08-06,76.52632
2011-08-07,76.52632
2011-08-08,71.68421
2011-08-09,71.68421
2011-08-10,71.89474
2011-08-11,74.84211
2011-08-12,75.68421
2011-08-13,75.68421
2011-08-14,75.68421
2011-08-15,75.68421
2011-08-16,75.57895
2011-08-17,75.57895
2011-08-18,72.31579
2011-08-19,70.73684
2011-08-20,70.73684
2011-08-21,70.73684
2011-08-22,70.63158
2011-08-23,72.73684
2011-08-24,73.15789
2011-08-25,72.21053
2011-08-26,73.05263
2011-08-27,73.05263
2011-08-28,73.05263
2011-08-29,74.94737
2011-08-30,74.94737
2011-08-31,76.31579
2011-09-01,75.57895
2011-09-02,73.57895
2011-09-03,73.57895
2011-09-04,73.57895
2011-09-05,72.8421
2011-09-06,72.63158
2011-09-07,74.94737
2011-09-08,74.42105
2011-09-09,73.05263
2011-09-10,73.05263
2011-09-11,73.05263
2011-09-12,73.47368
2011-09-13,74.31579
2011-09-14,75.57895
2011-09-15,76.73684
2011-09-16,77.05263
2011-09-17,77.05263
2011-09-18,77.05263
2011-09-19,76.8421
2011-09-20,76.73684
2011-09-21,76.8421
2011-09-22,74.21053
2011-09-23,73.78947
2011-09-24,73.78947
2011-09-25,73.78947
2011-09-26,74.63158
2011-09-27,75.89474
2011-09-28,75.05263
2011-09-29,75.26316
2011-09-30,73.68421
2011-10-01,73.68421
2011-10-02,73.68421
2011-10-03,72.0
2011-10-04,72.52632
2011-10-05,73.68421
2011-10-06,75.68421
2011-10-07,75.15789
2011-10-08,75.15789
2011-10-09,75.15789
2011-10-10,76.63158
2011-10-11,77.15789
2011-10-12,77.68421
2011-10-13,77.89474
2011-10-14,78.8421
2011-10-15,78.8421
2011-10-16,78.8421
2011-10-17,77.47368
2011-10-18,78.31579
2011-10-19,76.8421
2011-10-20,77.15789
2011-10-21,78.63158
2011-10-22,78.63158
2011-10-23,78.63158
2011-10-24,79.78947
2011-10-25,78.42105
2011-10-26,78.42105
2011-10-27,81.47368
2011-10-28,81.47368
2011-10-29,81.47368
2011-10-30,81.47368
2011-10-31,79.36842
2011-11-01,79.36842
2011-11-02,79.15789
2011-11-03,80.31579
2011-11-04,79.89474
2011-11-05,79.89474
2011-11-06,79.89474
2011-11-07,79.89474
2011-11-08,81.36842
2011-11-09,79.57895
2011-11-10,80.0
2011-11-11,81.57895
2011-11-12,81.57895
2011-11-13,81.57895
2011-11-14,80.8421
2011-11-15,81.68421
2011-11-16,80.52632
2011-11-17,78.73684
2011-11-18,78.73684
2011-11-19,78.73684
2011-11-20,78.73684
2011-11-21,77.05263
2011-11-22,76.73684
2011-11-23,75.26316
2011-11-24,75.36842
2011-11-25,74.94737
2011-11-26,74.94737
2011-11-27,74.94737
2011-11-28,76.94737
2011-11-29,76.94737
2011-11-30,79.57895
2011-12-01,79.68421
2011-12-02,79.57895
2011-12-03,79.57895
2011-12-04,79.57895
2011-12-05,80.0
2011-12-06,80.10526
2011-12-07,80.0
2011-12-08,78.8421
2011-12-09,79.89474
2011-12-10,79.89474
2011-12-11,79.89474
2011-12-12,78.94737
2011-12-13,78.0
2011-12-14,77.05263
2011-12-15,76.8421
2011-12-16,77.05263
2011-12-17,77.05263
2011-12-18,77.05263
2011-12-19,76.42105
2011-12-20,78.31579
2011-12-21,77.47368
2011-12-22,78.10526
2011-12-23,78.63158
2011-12-24,78.63158
2011-12-25,78.63158
2011-12-26,78.63158
2011-12-27,78.73684
2011-12-28,77.68421
2011-12-29,78.94737
2011-12-30,78.52632
2011-12-31,78.52632
2012-01-01,78.52632
2012-01-02,78.52632
2012-01-03,79.68421
2012-01-04,79.68421
2012-01-05,80.0
2012-01-06,79.78947
2012-01-07,79.78947
2012-01-08,79.78947
2012-01-09,80.10526
2012-01-10,80.73684
2012-01-11,80.52632
2012-01-12,80.42105
2012-01-13,80.31579
2012-01-14,80.31579
2012-01-15,80.31579
2012-01-16,80.21053
2012-01-17,80.21053
2012-01-18,81.26316
2012-01-19,81.57895
2012-01-20,81.15789
2012-01-21,81.15789
2012-01-22,81.15789
2012-01-23,81.15789
2012-01-24,81.15789
2012-01-25,81.78947
2012-01-26,81.36842
2012-01-27,81.05263
2012-01-28,81.05263
2012-01-29,81.05263
2012-01-30,80.8421
2012-01-31,80.94737
2012-02-01,81.68421
2012-02-02,81.68421
2012-02-03,82.52632
2012-02-04,82.52632
2012-02-05,82.52632
2012-02-06,82.73684
2012-02-07,82.8421
2012-02-08,83.05263
2012-02-09,83.47368
2012-02-10,83.47368
2012-02-11,83.47368
2012-02-12,83.47368
2012-02-13,83.78947
2012-02-14,84.31579
2012-02-15,84.31579
2012-02-16,84.94737
2012-02-17,84.8421
2012-02-18,84.8421
2012-02-19,84.8421
2012-02-20,84.8421
2012-02-21,84.8421
2012-02-22,85.26316
2012-02-23,85.26316
2012-02-24,85.78947
2012-02-25,85.78947
2012-02-26,85.78947
2012-02-27,85.47368
2012-02-28,86.0
2012-02-29,85.36842
2012-03-01,85.78947
2012-03-02,85.47368
2012-03-03,85.47368
2012-03-04,85.47368
2012-03-05,85.05263
2012-03-06,83.47368
2012-03-07,84.0
2012-03-08,85.05263
2012-03-09,85.47368
2012-03-10,85.47368
2012-03-11,85.47368
2012-03-12,85.68421
2012-03-13,86.94737
2012-03-14,87.36842
2012-03-15,87.36842
2012-03-16,87.57895
2012-03-17,87.57895
2012-03-18,87.57895
2012-03-19,87.78947
2012-03-20,87.78947
2012-03-21,87.57895
2012-03-22,86.94737
2012-03-23,87.05263
2012-03-24,87.05263
2012-03-25,87.05263
2012-03-26,88.10526
2012-03-27,87.68421
2012-03-28,87.26316
2012-03-29,87.05263
2012-03-30,87.57895
2012-03-31,87.57895
2012-04-01,87.57895
2012-04-02,88.21053
2012-04-03,88.0
2012-04-04,86.63158
2012-04-05,86.63158
2012-04-06,86.63158
2012-04-07,86.63158
2012-04-08,86.63158
2012-04-09,86.63158
2012-04-10,84.52632
2012-04-11,85.05263
2012-04-12,86.42105
2012-04-13,84.52632
2012-04-14,84.52632
2012-04-15,84.52632
2012-04-16,84.63158
2012-04-17,86.10526
2012-04-18,85.89474
2012-04-19,85.47368
2012-04-20,85.36842
2012-04-21,85.36842
2012-04-22,85.36842
2012-04-23,84.0
2012-04-24,84.21053
2012-04-25,85.26316
2012-04-26,85.68421
2012-04-27,85.57895
2012-04-28,85.57895
2012-04-29,85.57895
2012-04-30,85.05263
2012-05-01,85.05263
2012-05-02,85.26316
2012-05-03,84.73684
2012-05-04,82.94737
2012-05-05,82.94737
2012-05-06,82.94737
2012-05-07,82.94737
2012-05-08,82.42105
2012-05-09,82.0
2012-05-10,81.89474
2012-05-11,81.57895
2012-05-12,81.57895
2012-05-13,81.57895
2012-05-14,80.73684
2012-05-15,80.52632
2012-05-16,80.21053
2012-05-17,80.21053
2012-05-18,78.42105
2012-05-19,78.42105
2012-05-20,78.42105
2012-05-21,79.68421
2012-05-22,80.21053
2012-05-23,79.89474
2012-05-24,79.68421
2012-05-25,79.68421
2012-05-26,79.68421
2012-05-27,79.68421
2012-05-28,79.68421
2012-05-29,80.73684
2012-05-30,79.68421
2012-05-31,79.57895
2012-06-01,77.36842
2012-06-02,77.36842
2012-06-03,77.36842
2012-06-04,77.15789
2012-06-05,77.68421
2012-06-06,79.05263
2012-06-07,79.15789
2012-06-08,79.78947
2012-06-09,79.78947
2012-06-10,79.78947
2012-06-11,78.94737
2012-06-12,79.68421
2012-06-13,79.05263
2012-06-14,79.15789
2012-06-15,79.57895
2012-06-16,79.57895
2012-06-17,79.57895
2012-06-18,80.0
2012-06-19,80.73684
2012-06-20,80.63158
2012-06-21,79.15789
2012-06-22,79.26316
2012-06-23,79.26316
2012-06-24,79.26316
2012-06-25,78.10526
2012-06-26,78.42105
2012-06-27,78.94737
2012-06-28,78.8421
2012-06-29,80.73684
2012-06-30,80.73684
2012-07-01,80.73684
2012-07-02,81.05263
2012-07-03,81.68421
2012-07-04,81.68421
2012-07-05,81.26316
2012-07-06,80.42105
2012-07-07,80.42105
2012-07-08,80.42105
2012-07-09,79.89474
2012-07-10,79.47368
2012-07-11,79.05263
2012-07-12,78.63158
2012-07-13,79.78947
2012-07-14,79.78947
2012-07-15,79.78947
2012-07-16,79.57895
2012-07-17,79.78947
2012-07-18,80.52632
2012-07-19,81.05263
2012-07-20,80.0
2012-07-21,80.0
2012-07-22,80.0
2012-07-23,79.05263
2012-07-24,78.42105
2012-07-25,78.21053
2012-07-26,79.78947
2012-07-27,81.26316
2012-07-28,81.26316
2012-07-29,81.26316
2012-07-30,81.05263
2012-07-31,80.31579
2012-08-01,80.42105
2012-08-02,79.68421
2012-08-03,81.15789
2012-08-04,81.15789
2012-08-05,81.15789
2012-08-06,81.57895
2012-08-07,82.31579
2012-08-08,82.42105
2012-08-09,82.42105
2012-08-10,82.52632
2012-08-11,82.52632
2012-08-12,82.52632
2012-08-13,82.42105
2012-08-14,82.42105
2012-08-15,82.42105
2012-08-16,83.47368
2012-08-17,83.68421
2012-08-18,83.68421
2012-08-19,83.68421
2012-08-20,83.68421
2012-08-21,83.36842
2012-08-22,83.26316
2012-08-23,82.63158
2012-08-24,83.05263
2012-08-25,83.05263
2012-08-26,83.05263
2012-08-27,82.94737
2012-08-28,82.94737
2012-08-29,83.15789
2012-08-30,82.10526
2012-08-31,82.31579
2012-09-01,82.31579
2012-09-02,82.31579
2012-09-03,82.31579
2012-09-04,82.10526
2012-09-05,82.10526
2012-09-06,83.68421
2012-09-07,84.0
2012-09-08,84.0
2012-09-09,84.0
2012-09-10,83.47368
2012-09-11,83.26316
2012-09-12,83.47368
2012-09-13,84.42105
2012-09-14,84.94737
2012-09-15,84.94737
2012-09-16,84.94737
2012-09-17,84.73684
2012-09-18,84.63158
2012-09-19,84.63158
2012-09-20,84.21052
2012-09-21,84.31579
2012-09-22,84.31579
2012-09-23,84.31579
2012-09-24,84.31579
2012-09-25,83.47368
2012-09-26,83.05263
2012-09-27,83.68421
2012-09-28,83.15789
2012-09-29,83.15789
2012-09-30,83.15789
2012-10-01,83.57894
2012-10-02,83.78947
2012-10-03,84.0
2012-10-04,84.31579
2012-10-05,84.31579
2012-10-06,84.31579
2012-10-07,84.31579
2012-10-08,83.89473
2012-10-09,82.94737
2012-10-10,82.63158
2012-10-11,82.8421
2012-10-12,82.21052
2012-10-13,82.21052
2012-10-14,82.21052
2012-10-15,82.8421
2012-10-16,83.68421
2012-10-17,83.78947
2012-10-18,83.36842
2012-10-19,82.31579
2012-10-20,82.31579
2012-10-21,82.31579
2012-10-22,82.63158
2012-10-23,81.68421
2012-10-24,81.26316
2012-10-25,81.26316
2012-10-26,81.26316
2012-10-27,81.26316
2012-10-28,81.26316
2012-10-29,81.05263
2012-10-30,81.05263
2012-10-31,80.73684
2012-11-01,80.73684
2012-11-02,81.47368
2012-11-03,81.47368
2012-11-04,81.47368
2012-11-05,81.57894
2012-11-06,82.0
2012-11-07,80.42105
2012-11-08,79.89473
2012-11-09,79.89473
2012-11-10,79.89473
2012-11-11,79.89473
2012-11-12,80.0
2012-11-13,80.0
2012-11-14,78.8421
2012-11-15,78.8421
2012-11-16,79.15789
2012-11-17,79.15789
2012-11-18,79.15789
2012-11-19,80.63158
2012-11-20,80.73684
2012-11-21,81.15789
2012-11-22,81.15789
2012-11-23,82.21052
2012-11-24,82.21052
2012-11-25,82.21052
2012-11-26,81.78947
2012-11-27,81.47368
2012-11-28,81.89473
2012-11-29,82.52631
2012-11-30,82.42105
2012-12-01,82.42105
2012-12-02,82.42105
2012-12-03,82.10526
2012-12-04,82.0
2012-12-05,82.0
2012-12-06,82.10526
2012-12-07,82.21052
2012-12-08,82.21052
2012-12-09,82.21052
2012-12-10,82.52631
2012-12-11,82.8421
2012-12-12,82.94737
2012-12-13,82.42105
2012-12-14,82.31579
2012-12-15,82.31579
2012-12-16,82.31579
2012-12-17,82.8421
2012-12-18,83.68421
2012-12-19,83.47368
2012-12-20,83.78947
2012-12-21,83.05263
2012-12-22,83.05263
2012-12-23,83.05263
2012-12-24,82.94737
2012-12-25,82.94737
2012-12-26,82.94737
2012-12-27,82.94737
2012-12-28,82.31579
2012-12-29,82.31579
2012-12-30,82.31579
2012-12-31,83.57894
2013-01-01,83.57894
2013-01-02,85.26316
2013-01-03,85.26316
2013-01-04,85.68421
2013-01-05,85.68421
2013-01-06,85.68421
2013-01-07,85.57894
2013-01-08,85.26316
2013-01-09,85.47368
2013-01-10,85.89473
2013-01-11,86.21052
2013-01-12,86.21052
2013-01-13,86.21052
2013-01-14,86.0
2013-01-15,86.0
2013-01-16,85.78947
2013-01-17,86.10526
2013-01-18,86.52631
2013-01-19,86.52631
2013-01-20,86.52631
2013-01-21,86.52631
2013-01-22,86.63158
2013-01-23,86.8421
2013-01-24,87.05263
2013-01-25,88.0
2013-01-26,88.0
2013-01-27,88.0
2013-01-28,88.0
2013-01-29,88.0
2013-01-30,87.78947
2013-01-31,88.0
2013-02-01,89.05263
2013-02-02,89.05263
2013-02-03,89.05263
2013-02-04,87.68421
2013-02-05,88.21052
2013-02-06,88.31579
2013-02-07,87.78947
2013-02-08,88.31579
2013-02-09,88.31579
2013-02-10,88.31579
2013-02-11,88.31579
2013-02-12,88.31579
2013-02-13,88.21052
2013-02-14,88.10526
2013-02-15,88.21052
2013-02-16,88.21052
2013-02-17,88.21052
2013-02-18,88.21052
2013-02-19,88.8421
2013-02-20,88.10526
2013-02-21,87.47368
2013-02-22,88.21052
2013-02-23,88.21052
2013-02-24,88.21052
2013-02-25,86.52631
2013-02-26,86.73684
2013-02-27,87.78947
2013-02-28,87.68421
2013-03-01,87.89473
2013-03-02,87.89473
2013-03-03,87.89473
2013-03-04,88.42105
2013-03-05,89.36842
2013-03-06,89.57894
2013-03-07,89.68421
2013-03-08,90.10526
2013-03-09,90.10526
2013-03-10,90.10526
2013-03-11,90.63158
2013-03-12,90.10526
2013-03-13,90.42105
2013-03-14,90.94737
2013-03-15,90.8421
2013-03-16,90.8421
2013-03-17,90.8421
2013-03-18,90.10526
2013-03-19,89.89473
2013-03-20,90.52631
2013-03-21,89.26316
2013-03-22,89.78947
2013-03-23,89.78947
2013-03-24,89.78947
2013-03-25,88.94737
2013-03-26,89.57894
2013-03-27,89.47368
2013-03-28,89.68421
2013-03-29,89.68421
2013-03-30,89.68421
2013-03-31,89.68421
2013-04-01,89.68421
2013-04-02,89.57894
2013-04-03,88.8421
2013-04-04,88.94737
2013-04-05,88.21052
2013-04-06,88.21052
2013-04-07,88.21052
2013-04-08,89.05263
2013-04-09,88.94737
2013-04-10,90.0
2013-04-11,90.31579
2013-04-12,90.0
2013-04-13,90.0
2013-04-14,90.0
2013-04-15,87.89473
2013-04-16,89.05263
2013-04-17,87.47368
2013-04-18,86.94737
2013-04-19,87.68421
2013-04-20,87.68421
2013-04-21,87.68421
2013-04-22,88.31579
2013-04-23,89.26316
2013-04-24,89.89473
2013-04-25,89.89473
2013-04-26,89.47368
2013-04-27,89.47368
2013-04-28,89.47368
2013-04-29,90.10526
2013-04-30,90.21052
2013-05-01,90.21052
2013-05-02,90.31579
2013-05-03,91.26315
2013-05-04,91.26315
2013-05-05,91.26315
2013-05-06,91.26315
2013-05-07,91.57894
2013-05-08,92.10526
2013-05-09,92.10526
2013-05-10,92.73684
2013-05-11,92.73684
2013-05-12,92.73684
2013-05-13,92.8421
2013-05-14,93.57894
2013-05-15,94.52631
2013-05-16,94.21052
2013-05-17,95.68421
2013-05-18,95.68421
2013-05-19,95.68421
2013-05-20,95.68421
2013-05-21,96.42105
2013-05-22,96.10526
2013-05-23,95.15789
2013-05-24,95.15789
2013-05-25,95.15789
2013-05-26,95.15789
2013-05-27,95.15789
2013-05-28,96.31579
2013-05-29,95.26315
2013-05-30,94.8421
2013-05-31,94.0
2013-06-01,94.0
2013-06-02,94.0
2013-06-03,93.26315
2013-06-04,93.26315
2013-06-05,91.47368
2013-06-06,91.78947
2013-06-07,93.15789
2013-06-08,93.15789
2013-06-09,93.15789
2013-06-10,93.89473
2013-06-11,92.42105
2013-06-12,92.0
2013-06-13,92.63158
2013-06-14,92.0
2013-06-15,92.0
2013-06-16,92.0
2013-06-17,93.26315
2013-06-18,94.21052
2013-06-19,93.47368
2013-06-20,90.94737
2013-06-21,91.36842
2013-06-22,91.36842
2013-06-23,91.36842
2013-06-24,89.57894
2013-06-25,90.0
2013-06-26,91.15789
2013-06-27,91.47368
2013-06-28,91.15789
2013-06-29,91.15789
2013-06-30,91.15789
2013-07-01,91.78947
2013-07-02,91.89473
2013-07-03,91.89473
2013-07-04,91.89473
2013-07-05,93.15789
2013-07-06,93.15789
2013-07-07,93.15789
2013-07-08,93.05263
2013-07-09,93.57894
2013-07-10,93.47368
2013-07-11,94.42105
2013-07-12,94.31579
2013-07-13,94.31579
2013-07-14,94.31579
2013-07-15,94.63158
2013-07-16,94.0
2013-07-17,94.31579
2013-07-18,95.15789
2013-07-19,94.94737
2013-07-20,94.94737
2013-07-21,94.94737
2013-07-22,94.73684
2013-07-23,94.73684
2013-07-24,94.73684
2013-07-25,94.94737
2013-07-26,94.73684
2013-07-27,94.73684
2013-07-28,94.73684
2013-07-29,94.52631
2013-07-30,95.15789
2013-07-31,95.15789
2013-08-01,96.94737
2013-08-02,97.05263
2013-08-03,97.05263
2013-08-04,97.05263
2013-08-05,96.73684
2013-08-06,96.31579
2013-08-07,95.68421
2013-08-08,95.68421
2013-08-09,95.68421
2013-08-10,95.68421
2013-08-11,95.68421
2013-08-12,95.68421
2013-08-13,96.63158
2013-08-14,96.52631
2013-08-15,96.52631
2013-08-16,95.57894
2013-08-17,95.57894
2013-08-18,95.57894
2013-08-19,95.6842
2013-08-20,95.36842
2013-08-21,95.36842
2013-08-22,96.10526
2013-08-23,96.31578
2013-08-24,96.31578
2013-08-25,96.31578
2013-08-26,95.89473
2013-08-27,94.31578
2013-08-28,93.6842
2013-08-29,93.89473
2013-08-30,93.47368
2013-08-31,93.47368
2013-09-01,93.47368
2013-09-02,93.47368
2013-09-03,94.63157
2013-09-04,94.94736
2013-09-05,95.78947
2013-09-06,95.6842
2013-09-07,95.6842
2013-09-08,95.6842
2013-09-09,96.31578
2013-09-10,96.94736
2013-09-11,97.05263
2013-09-12,96.94736
2013-09-13,97.47368
2013-09-14,97.47368
2013-09-15,97.47368
2013-09-16,97.47368
2013-09-17,97.57894
2013-09-18,98.10526
2013-09-19,98.21052
2013-09-20,98.10526
2013-09-21,98.10526
2013-09-22,98.10526
2013-09-23,97.6842
2013-09-24,97.78947
2013-09-25,97.6842
2013-09-26,98.10526
2013-09-27,97.89473
2013-09-28,97.89473
2013-09-29,97.89473
2013-09-30,97.36842
2013-10-01,97.6842
2013-10-02,97.36842
2013-10-03,96.73684
2013-10-04,97.05263
2013-10-05,97.05263
2013-10-06,97.05263
2013-10-07,96.21052
2013-10-08,95.15789
2013-10-09,94.8421
2013-10-10,96.31578
2013-10-11,96.8421
2013-10-12,96.8421
2013-10-13,96.8421
2013-10-14,97.05263
2013-10-15,97.05263
2013-10-16,97.36842
2013-10-17,97.99999
2013-10-18,99.36842
2013-10-19,99.36842
2013-10-20,99.36842
2013-10-21,99.78947
2013-10-22,99.89473
2013-10-23,99.36842
2013-10-24,99.78947
2013-10-25,99.89473
2013-10-26,99.89473
2013-10-27,99.89473
2013-10-28,100.10526
2013-10-29,100.42105
2013-10-30,99.99999
2013-10-31,99.57894
2013-11-01,99.57894
2013-11-02,99.57894
2013-11-03,99.57894
2013-11-04,99.6842
2013-11-05,98.8421
2013-11-06,99.26315
2013-11-07,97.89473
2013-11-08,99.15789
2013-11-09,99.15789
2013-11-10,99.15789
2013-11-11,99.6842
2013-11-12,99.26315
2013-11-13,99.57894
2013-11-14,100.42105
2013-11-15,100.94736
2013-11-16,100.94736
2013-11-17,100.94736
2013-11-18,100.94736
2013-11-19,100.21052
2013-11-20,99.78947
2013-11-21,100.73684
2013-11-22,101.26315
2013-11-23,101.26315
2013-11-24,101.26315
2013-11-25,100.94736
2013-11-26,101.36841
2013-11-27,101.78947
2013-11-28,101.78947
2013-11-29,101.99999
2013-11-30,101.99999
2013-12-01,101.99999
2013-12-02,101.78947
2013-12-03,100.73684
2013-12-04,100.63157
2013-12-05,100.42105
2013-12-06,101.15789
2013-12-07,101.15789
2013-12-08,101.15789
2013-12-09,101.15789
2013-12-10,100.94736
2013-12-11,100.21052
2013-12-12,100.10526
2013-12-13,99.99999
2013-12-14,99.99999
2013-12-15,99.99999
2013-12-16,100.94736
2013-12-17,100.73684
2013-12-18,102.42105
2013-12-19,102.73684
2013-12-20,103.36841
2013-12-21,103.36841
2013-12-22,103.36841
2013-12-23,103.99999
2013-12-24,104.21052
2013-12-25,104.21052
2013-12-26,104.21052
2013-12-27,105.05263
2013-12-28,105.05263
2013-12-29,105.05263
2013-12-30,105.15789
2013-12-31,105.36841
2014-01-01,105.36841
2014-01-02,104.42105
2014-01-03,104.31578
2014-01-04,104.31578
2014-01-05,104.31578
2014-01-06,104.21052
2014-01-07,104.94736
2014-01-08,105.26315
2014-01-09,104.73684
2014-01-10,104.63157
2014-01-11,104.63157
2014-01-12,104.63157
2014-01-13,103.6842
2014-01-14,105.05263
2014-01-15,105.47368
2014-01-16,105.26315
2014-01-17,105.15789
2014-01-18,105.15789
2014-01-19,105.15789
2014-01-20,105.15789
2014-01-21,105.89473
2014-01-22,106.31578
2014-01-23,105.15789
2014-01-24,102.21052
2014-01-25,102.21052
2014-01-26,102.21052
2014-01-27,100.8421
2014-01-28,101.47368
2014-01-29,100.42105
2014-01-30,100.94736
2014-01-31,100.94736
2014-02-01,100.94736
2014-02-02,100.94736
2014-02-03,98.42105
2014-02-04,98.8421
2014-02-05,98.8421
2014-02-06,100.52631
2014-02-07,101.99999
2014-02-08,101.99999
2014-02-09,101.99999
2014-02-10,102.31578
2014-02-11,103.15789
2014-02-12,103.26315
2014-02-13,103.78947
2014-02-14,103.78947
2014-02-15,103.78947
2014-02-16,103.78947
2014-02-17,103.78947
2014-02-18,104.63157
2014-02-19,104.42105
2014-02-20,104.42105
2014-02-21,104.63157
2014-02-22,104.63157
2014-02-23,104.63157
2014-02-24,105.15789
2014-02-25,105.05263
2014-02-26,105.36841
2014-02-27,105.89473
2014-02-28,106.52631
2014-03-01,106.52631
2014-03-02,106.52631
2014-03-03,105.15789
2014-03-04,106.73684
2014-03-05,106.63157
2014-03-06,106.73684
2014-03-07,107.05263
2014-03-08,107.05263
2014-03-09,107.05263
2014-03-10,106.73684
2014-03-11,105.6842
2014-03-12,105.15789
2014-03-13,103.26315
2014-03-14,102.8421
2014-03-15,102.8421
2014-03-16,102.8421
2014-03-17,103.89473
2014-03-18,104.52631
2014-03-19,104.21052
2014-03-20,104.52631
2014-03-21,103.78947
2014-03-22,103.78947
2014-03-23,103.78947
2014-03-24,103.36841
2014-03-25,103.6842
2014-03-26,103.05263
2014-03-27,102.8421
2014-03-28,103.05263
2014-03-29,103.05263
2014-03-30,103.05263
2014-03-31,103.6842
2014-04-01,104.94736
2014-04-02,105.36841
2014-04-03,105.15789
2014-04-04,103.57894
2014-04-05,103.57894
2014-04-06,103.57894
2014-04-07,102.31578
2014-04-08,102.21052
2014-04-09,103.36841
2014-04-10,101.6842
2014-04-11,100.73684
2014-04-12,100.73684
2014-04-13,100.73684
2014-04-14,101.6842
2014-04-15,101.6842
2014-04-16,102.94736
2014-04-17,103.47368
2014-04-18,103.47368
2014-04-19,103.47368
2014-04-20,103.47368
2014-04-21,103.47368
2014-04-22,104.73684
2014-04-23,104.42105
2014-04-24,104.94736
2014-04-25,103.6842
2014-04-26,103.6842
2014-04-27,103.6842
2014-04-28,103.6842
2014-04-29,104.52631
2014-04-30,104.42105
2014-05-01,104.42105
2014-05-02,104.73684
2014-05-03,104.73684
2014-05-04,104.73684
2014-05-05,104.73684
2014-05-06,103.89473
2014-05-07,103.99999
2014-05-08,103.57894
2014-05-09,103.89473
2014-05-10,103.89473
2014-05-11,103.89473
2014-05-12,105.05263
2014-05-13,105.05263
2014-05-14,105.05263
2014-05-15,104.31578
2014-05-16,104.52631
2014-05-17,104.52631
2014-05-18,104.52631
2014-05-19,104.73684
2014-05-20,104.52631
2014-05-21,105.15789
2014-05-22,105.6842
2014-05-23,106.10526
2014-05-24,106.10526
2014-05-25,106.10526
2014-05-26,106.10526
2014-05-27,107.36841
2014-05-28,106.94736
2014-05-29,106.94736
2014-05-30,107.47368
2014-05-31,107.47368
2014-06-01,107.47368
2014-06-02,107.78947
2014-06-03,107.6842
2014-06-04,107.78947
2014-06-05,108.10526
2014-06-06,108.73684
2014-06-07,108.73684
2014-06-08,108.73684
2014-06-09,108.73684
2014-06-10,108.73684
2014-06-11,108.63157
2014-06-12,107.99999
2014-06-13,108.42105
2014-06-14,108.42105
2014-06-15,108.42105
2014-06-16,108.21052
2014-06-17,108.63157
2014-06-18,108.8421
2014-06-19,109.15789
2014-06-20,109.57894
2014-06-21,109.57894
2014-06-22,109.57894
2014-06-23,109.57894
2014-06-24,108.8421
2014-06-25,109.6842
2014-06-26,109.57894
2014-06-27,109.99999
2014-06-28,109.99999
2014-06-29,109.99999
2014-06-30,109.99999
2014-07-01,110.63157
2014-07-02,110.8421
2014-07-03,111.47368
2014-07-04,111.36841
2014-07-05,111.36841
2014-07-06,111.36841
2014-07-07,110.73684
2014-07-08,109.47368
2014-07-09,109.6842
2014-07-10,108.73684
2014-07-11,108.63157
2014-07-12,108.63157
2014-07-13,108.63157
2014-07-14,109.36841
2014-07-15,109.05263
2014-07-16,109.47368
2014-07-17,107.89473
2014-07-18,108.52631
2014-07-19,108.52631
2014-07-20,108.52631
2014-07-21,107.89473
2014-07-22,108.8421
2014-07-23,108.8421
2014-07-24,108.94736
2014-07-25,108.31578
2014-07-26,108.31578
2014-07-27,108.31578
2014-07-28,108.31578
2014-07-29,108.31578
2014-07-30,108.21052
2014-07-31,106.52631
2014-08-01,106.21052
2014-08-02,106.21052
2014-08-03,106.21052
2014-08-04,106.94736
2014-08-05,106.21052
2014-08-06,105.99999
2014-08-07,105.47368
2014-08-08,106.42105
2014-08-09,106.42105
2014-08-10,106.42105
2014-08-11,106.73684
2014-08-12,106.63157
2014-08-13,107.47368
2014-08-14,107.57894
2014-08-15,107.57894
2014-08-16,107.57894
2014-08-17,107.57894
2014-08-18,108.10526
2014-08-19,108.94736
2014-08-20,109.36841
2014-08-21,109.47368
2014-08-22,109.15789
2014-08-23,109.15789
2014-08-24,109.15789
2014-08-25,109.78947
2014-08-26,109.89473
2014-08-27,109.78947
2014-08-28,109.36841
2014-08-29,109.57894
2014-08-30,109.57894
2014-08-31,109.57894
2014-09-01,109.57894
2014-09-02,110.10526
2014-09-03,110.21052
2014-09-04,110.21052
2014-09-05,110.52631
2014-09-06,110.52631
2014-09-07,110.52631
2014-09-08,110.63157
2014-09-09,110.42105
2014-09-10,110.8421
2014-09-11,110.8421
2014-09-12,110.42105
2014-09-13,110.42105
2014-09-14,110.42105
2014-09-15,109.99999
2014-09-16,110.21052
2014-09-17,110.63157
2014-09-18,111.26315
2014-09-19,110.63157
2014-09-20,110.63157
2014-09-21,110.63157
2014-09-22,109.99999
2014-09-23,109.15789
2014-09-24,109.78947
2014-09-25,108.31578
2014-09-26,109.47368
2014-09-27,109.47368
2014-09-28,109.47368
2014-09-29,109.15789
2014-09-30,108.73683
2014-10-01,107.15789
2014-10-02,106.73683
2014-10-03,108.21052
2014-10-04,108.21052
2014-10-05,108.21052
2014-10-06,108.21052
2014-10-07,105.99999
2014-10-08,107.15789
2014-10-09,104.73683
2014-10-10,103.36841
2014-10-11,103.36841
2014-10-12,103.36841
2014-10-13,101.57894
2014-10-14,102.21052
2014-10-15,101.6842
2014-10-16,101.89473
2014-10-17,103.57894
2014-10-18,103.57894
2014-10-19,103.57894
2014-10-20,104.10526
2014-10-21,105.89473
2014-10-22,105.89473
2014-10-23,106.8421
2014-10-24,106.8421
2014-10-25,106.8421
2014-10-26,106.8421
2014-10-27,106.21052
2014-10-28,107.6842
2014-10-29,107.89473
2014-10-30,108.8421
2014-10-31,110.94736
2014-11-01,110.94736
2014-11-02,110.94736
2014-11-03,110.94736
2014-11-04,110.31578
2014-11-05,111.05262
2014-11-06,111.26315
2014-11-07,110.52631
2014-11-08,110.52631
2014-11-09,110.52631
2014-11-10,111.15789
2014-11-11,111.78947
2014-11-12,111.47368
2014-11-13,111.57894
2014-11-14,112.21052
2014-11-15,112.21052
2014-11-16,112.21052
2014-11-17,111.78947
2014-11-18,112.31578
2014-11-19,112.73683
2014-11-20,112.21052
2014-11-21,112.94736
2014-11-22,112.94736
2014-11-23,112.94736
2014-11-24,114.10526
2014-11-25,113.89473
2014-11-26,113.89473
2014-11-27,113.89473
2014-11-28,113.89473
2014-11-29,113.89473
2014-11-30,113.89473
2014-12-01,113.26315
2014-12-02,113.78947
2014-12-03,114.31578
2014-12-04,114.10526
2014-12-05,115.57894
2014-12-06,115.57894
2014-12-07,115.57894
2014-12-08,113.89473
2014-12-09,113.47368
2014-12-10,111.05262
2014-12-11,111.47368
2014-12-12,109.89473
2014-12-13,109.89473
2014-12-14,109.89473
2014-12-15,108.31578
2014-12-16,107.15789
2014-12-17,109.47368
2014-12-18,112.21052
2014-12-19,112.52631
2014-12-20,112.52631
2014-12-21,112.52631
2014-12-22,113.57894
2014-12-23,113.99999
2014-12-24,113.78947
2014-12-25,113.78947
2014-12-26,113.78947
2014-12-27,113.78947
2014-12-28,113.78947
2014-12-29,114.10526
2014-12-30,113.05262
2014-12-31,112.8421
2015-01-01,112.8421
2015-01-02,113.26315
2015-01-03,113.26315
2015-01-04,113.26315
2015-01-05,111.36841
2015-01-06,110.21052
2015-01-07,111.47368
2015-01-08,113.26315
2015-01-09,112.31578
2015-01-10,112.31578
2015-01-11,112.31578
2015-01-12,111.89473
2015-01-13,111.78947
2015-01-14,111.26315
2015-01-15,110.42105
2015-01-16,111.26315
2015-01-17,111.26315
2015-01-18,111.26315
2015-01-19,111.26315
2015-01-20,112.8421
2015-01-21,113.57894
2015-01-22,115.05262
2015-01-23,115.89473
2015-01-24,115.89473
2015-01-25,115.89473
2015-01-26,116.42104
2015-01-27,115.47368
2015-01-28,115.26315
2015-01-29,116.21052
2015-01-30,115.05262
2015-01-31,115.05262
2015-02-01,115.05262
2015-02-02,115.99999
2015-02-03,116.73683
2015-02-04,116.63157
2015-02-05,117.36841
2015-02-06,117.15789
2015-02-07,117.15789
2015-02-08,117.15789
2015-02-09,116.63157
2015-02-10,117.89473
2015-02-11,117.89473
2015-02-12,118.63157
2015-02-13,119.26315
2015-02-14,119.26315
2015-02-15,119.26315
2015-02-16,119.15789
2015-02-17,119.6842
2015-02-18,119.99999
2015-02-19,119.99999
2015-02-20,119.99999
2015-02-21,119.99999
2015-02-22,119.99999
2015-02-23,121.57894
2015-02-24,121.47368
2015-02-25,121.36841
2015-02-26,121.78947
2015-02-27,122.10525
2015-02-28,122.10525
2015-03-01,122.10525
2015-03-02,123.47368
2015-03-03,122.63157
2015-03-04,122.94736
2015-03-05,123.6842
2015-03-06,122.8421
2015-03-07,122.8421
2015-03-08,122.8421
2015-03-09,123.15789
2015-03-10,121.6842
2015-03-11,121.6842
2015-03-12,122.42104
2015-03-13,122.8421
2015-03-14,122.8421
2015-03-15,122.8421
2015-03-16,124.31578
2015-03-17,123.78947
2015-03-18,124.21052
2015-03-19,124.94736
2015-03-20,125.36841
2015-03-21,125.36841
2015-03-22,125.36841
2015-03-23,124.10525
2015-03-24,123.6842
2015-03-25,122.63157
2015-03-26,122.31578
2015-03-27,122.73683
2015-03-28,122.73683
2015-03-29,122.73683
2015-03-30,124.42104
2015-03-31,123.15789
2015-04-01,122.73683
2015-04-02,122.94736
2015-04-03,122.94736
2015-04-04,122.94736
2015-04-05,122.94736
2015-04-06,122.94736
2015-04-07,123.99999
2015-04-08,124.42104
2015-04-09,125.36841
2015-04-10,126.63157
2015-04-11,126.63157
2015-04-12,126.63157
2015-04-13,126.63157
2015-04-14,125.6842
2015-04-15,125.6842
2015-04-16,125.36841
2015-04-17,123.47368
2015-04-18,123.47368
2015-04-19,123.47368
2015-04-20,124.10525
2015-04-21,124.94736
2015-04-22,125.15789
2015-04-23,124.94736
2015-04-24,124.52631
2015-04-25,124.52631
2015-04-26,124.52631
2015-04-27,123.89473
2015-04-28,122.8421
2015-04-29,122.63157
2015-04-30,121.36841
2015-05-01,121.36841
2015-05-02,121.36841
2015-05-03,121.36841
2015-05-04,123.15789
2015-05-05,121.6842
2015-05-06,120.73683
2015-05-07,121.99999
2015-05-08,123.47368
2015-05-09,123.47368
2015-05-10,123.47368
2015-05-11,123.47368
2015-05-12,122.8421
2015-05-13,122.10525
2015-05-14,122.10525
2015-05-15,122.21052
2015-05-16,122.21052
2015-05-17,122.21052
2015-05-18,124.31578
2015-05-19,124.8421
2015-05-20,125.26315
2015-05-21,125.05262
2015-05-22,125.15789
2015-05-23,125.15789
2015-05-24,125.15789
2015-05-25,125.15789
2015-05-26,125.05262
2015-05-27,125.99999
2015-05-28,125.78947
2015-05-29,124.8421
2015-05-30,124.8421
2015-05-31,124.8421
2015-06-01,124.8421
2015-06-02,124.94736
2015-06-03,124.94736
2015-06-04,124.31578
2015-06-05,124.94736
2015-06-06,124.94736
2015-06-07,124.94736
2015-06-08,123.78947
2015-06-09,123.47368
2015-06-10,123.89473
2015-06-11,124.52631
2015-06-12,123.78947
2015-06-13,123.78947
2015-06-14,123.78947
2015-06-15,123.26315
2015-06-16,123.47368
2015-06-17,122.8421
2015-06-18,123.89473
2015-06-19,123.47368
2015-06-20,123.47368
2015-06-21,123.47368
2015-06-22,124.94736
2015-06-23,124.94736
2015-06-24,125.15789
2015-06-25,125.26315
2015-06-26,125.57894
2015-06-27,125.57894
2015-06-28,125.57894
2015-06-29,122.21052
2015-06-30,122.8421
2015-07-01,124.21052
2015-07-02,123.6842
2015-07-03,123.6842
2015-07-04,123.6842
2015-07-05,123.6842
2015-07-06,122.10525
2015-07-07,122.42104
2015-07-08,119.6842
2015-07-09,121.47368
2015-07-10,123.78947
2015-07-11,123.78947
2015-07-12,123.78947
2015-07-13,125.6842
2015-07-14,126.94736
2015-07-15,126.73683
2015-07-16,127.99999
2015-07-17,127.99999
2015-07-18,127.99999
2015-07-19,127.99999
2015-07-20,129.05262
2015-07-21,127.78946
2015-07-22,127.47368
2015-07-23,127.6842
2015-07-24,126.63157
2015-07-25,126.63157
2015-07-26,126.63157
2015-07-27,124.52631
2015-07-28,125.26315
2015-07-29,126.63157
2015-07-30,127.57894
2015-07-31,127.15789
2015-08-01,127.15789
2015-08-02,127.15789
2015-08-03,127.36841
2015-08-04,127.57894
2015-08-05,128.42104
2015-08-06,126.63157
2015-08-07,126.63157
2015-08-08,126.63157
2015-08-09,126.63157
2015-08-10,126.63157
2015-08-11,127.36841
2015-08-12,125.99999
2015-08-13,126.10525
2015-08-14,127.26315
2015-08-15,127.26315
2015-08-16,127.26315
2015-08-17,127.99999
2015-08-18,126.94736
2015-08-19,125.57894
2015-08-20,122.42105
2015-08-21,119.26315
2015-08-22,119.26315
2015-08-23,119.26315
2015-08-24,115.15789
2015-08-25,115.15789
2015-08-26,117.99999
2015-08-27,119.99999
2015-08-28,120.73683
2015-08-29,120.73683
2015-08-30,120.73683
2015-08-31,119.89473
2015-09-01,116.73683
2015-09-02,118.31578
2015-09-03,118.42105
2015-09-04,117.26315
2015-09-05,117.26315
2015-09-06,117.26315
2015-09-07,117.26315
2015-09-08,119.6842
2015-09-09,119.05262
2015-09-10,118.8421
2015-09-11,118.8421
2015-09-12,118.8421
2015-09-13,118.8421
2015-09-14,117.99999
2015-09-15,119.05262
2015-09-16,119.99999
2015-09-17,120.42105
2015-09-18,118.73683
2015-09-19,118.73683
2015-09-20,118.73683
2015-09-21,119.6842
2015-09-22,117.89473
2015-09-23,117.99999
2015-09-24,117.99999
2015-09-25,117.36841
2015-09-26,117.36841
2015-09-27,117.36841
2015-09-28,114.31578
2015-09-29,114.10526
2015-09-30,116.31578
2015-10-01,117.26315
2015-10-02,119.78947
2015-10-03,119.78947
2015-10-04,119.78947
2015-10-05,120.94736
2015-10-06,120.52631
2015-10-07,120.52631
2015-10-08,120.31578
2015-10-09,119.89473
2015-10-10,119.89473
2015-10-11,119.89473
2015-10-12,120.10526
2015-10-13,119.36841
2015-10-14,116.73683
2015-10-15,118.63157
2015-10-16,119.78947
2015-10-17,119.78947
2015-10-18,119.78947
2015-10-19,120.31578
2015-10-20,119.99999
2015-10-21,119.15789
2015-10-22,120.52631
2015-10-23,122.73683
2015-10-24,122.73683
2015-10-25,122.73683
2015-10-26,122.10526
2015-10-27,121.57894
2015-10-28,123.57894
2015-10-29,123.05262
2015-10-30,122.63157
2015-10-31,122.63157
2015-11-01,122.63157
2015-11-02,123.47368
2015-11-03,123.57894
2015-11-04,123.99999
2015-11-05,124.42104
2015-11-06,125.57894
2015-11-07,125.57894
2015-11-08,125.57894
2015-11-09,124.52631
2015-11-10,124.52631
2015-11-11,124.42104
2015-11-12,123.05262
2015-11-13,121.99999
2015-11-14,121.99999
2015-11-15,121.99999
2015-11-16,123.26315
2015-11-17,124.10526
2015-11-18,125.26315
2015-11-19,124.63157
2015-11-20,125.05262
2015-11-21,125.05262
2015-11-22,125.05262
2015-11-23,125.47368
2015-11-24,124.73683
2015-11-25,125.15789
2015-11-26,125.15789
2015-11-27,125.57894
2015-11-28,125.57894
2015-11-29,125.57894
2015-11-30,124.8421
2015-12-01,125.36841
2015-12-02,124.8421
2015-12-03,121.57894
2015-12-04,123.26315
2015-12-05,123.26315
2015-12-06,123.26315
2015-12-07,123.57894
2015-12-08,122.63157
2015-12-09,121.05262
2015-12-10,121.05262
2015-12-11,118.94736
2015-12-12,118.94736
2015-12-13,118.94736
2015-12-14,119.05262
2015-12-15,120.10526
2015-12-16,121.78947
2015-12-17,121.78947
2015-12-18,119.6842
2015-12-19,119.6842
2015-12-20,119.6842
2015-12-21,119.6842
2015-12-22,119.78947
2015-12-23,121.15789
2015-12-24,121.05262
2015-12-25,121.05262
2015-12-26,121.05262
2015-12-27,121.05262
2015-12-28,121.47368
2015-12-29,122.94736
2015-12-30,122.31578
2015-12-31,121.47368
2016-01-01,121.47368
2016-01-02,121.47368
2016-01-03,121.47368
2016-01-04,119.47368
2016-01-05,119.15789
2016-01-06,118.42105
2016-01-07,115.05262
2016-01-08,114.52631
2016-01-09,114.52631
2016-01-10,114.52631
2016-01-11,113.36841
2016-01-12,114.63157
2016-01-13,111.78947
2016-01-14,112.8421
2016-01-15,110.21052
2016-01-16,110.21052
2016-01-17,110.21052
2016-01-18,110.21052
2016-01-19,110.52631
2016-01-20,109.05262
2016-01-21,108.52631
2016-01-22,111.36841
2016-01-23,111.36841
2016-01-24,111.36841
2016-01-25,110.10526
2016-01-26,110.73684
2016-01-27,109.99999
2016-01-28,109.78947
2016-01-29,112.42105
2016-01-30,112.42105
2016-01-31,112.42105
2016-02-01,112.52631
2016-02-02,110.52631
2016-02-03,109.05262
2016-02-04,107.6842
2016-02-05,105.26315
2016-02-06,105.26315
2016-02-07,105.26315
2016-02-08,105.26315
2016-02-09,105.26315
2016-02-10,101.99999
2016-02-11,99.99999
2016-02-12,102.21052
2016-02-13,102.21052
2016-02-14,102.21052
2016-02-15,102.21052
2016-02-16,105.15789
2016-02-17,107.36841
2016-02-18,106.63157
2016-02-19,107.05262
2016-02-20,107.05262
2016-02-21,107.05262
2016-02-22,107.78947
2016-02-23,107.36841
2016-02-24,107.05262
2016-02-25,108.10526
2016-02-26,108.94736
2016-02-27,108.94736
2016-02-28,108.94736
2016-02-29,108.10526
2016-03-01,110.94736
2016-03-02,111.26315
2016-03-03,110.94736
2016-03-04,110.63157
2016-03-05,110.63157
2016-03-06,110.63157
2016-03-07,110.52631
2016-03-08,109.26315
2016-03-09,109.57894
2016-03-10,109.89473
2016-03-11,111.36841
2016-03-12,111.36841
2016-03-13,111.36841
2016-03-14,111.47368
2016-03-15,111.15789
2016-03-16,111.05262
2016-03-17,110.63157
2016-03-18,112.21052
2016-03-19,112.21052
2016-03-20,112.21052
2016-03-21,112.42105
2016-03-22,112.63157
2016-03-23,112.10526
2016-03-24,111.99999
2016-03-25,111.99999
2016-03-26,111.99999
2016-03-27,111.99999
2016-03-28,111.99999
2016-03-29,112.31578
2016-03-30,113.05262
2016-03-31,112.31578
2016-04-01,113.36841
2016-04-02,113.36841
2016-04-03,113.36841
2016-04-04,112.8421
2016-04-05,111.6842
2016-04-06,112.63157
2016-04-07,111.6842
2016-04-08,111.78947
2016-04-09,111.78947
2016-04-10,111.78947
2016-04-11,111.26315
2016-04-12,111.6842
2016-04-13,114.42105
2016-04-14,115.57894
2016-04-15,114.8421
2016-04-16,114.8421
2016-04-17,114.8421
2016-04-18,114.8421
2016-04-19,113.36841
2016-04-20,114.10526
2016-04-21,114.21052
2016-04-22,114.42105
2016-04-23,114.42105
2016-04-24,114.42105
2016-04-25,113.57894
2016-04-26,113.78947
2016-04-27,113.78947
2016-04-28,112.31578
2016-04-29,111.26315
2016-04-30,111.26315
2016-05-01,111.26315
2016-05-02,111.26315
2016-05-03,111.05262
2016-05-04,110.31578
2016-05-05,110.31578
2016-05-06,110.52631
2016-05-07,110.52631
2016-05-08,110.52631
2016-05-09,111.78947
2016-05-10,112.94736
2016-05-11,111.57894
2016-05-12,111.57894
2016-05-13,110.94736
2016-05-14,110.94736
2016-05-15,110.94736
2016-05-16,110.94736
2016-05-17,110.94736
2016-05-18,112.73684
2016-05-19,111.57894
2016-05-20,112.94736
2016-05-21,112.94736
2016-05-22,112.94736
2016-05-23,112.52631
2016-05-24,114.8421
2016-05-25,115.26315
2016-05-26,115.15789
2016-05-27,116.31578
2016-05-28,116.31578
2016-05-29,116.31578
2016-05-30,116.31578
2016-05-31,116.10526
2016-06-01,115.89473
2016-06-02,116.21052
2016-06-03,114.21052
2016-06-04,114.21052
2016-06-05,114.21052
2016-06-06,114.73683
2016-06-07,114.8421
2016-06-08,114.31578
2016-06-09,113.99999
2016-06-10,112.52631
2016-06-11,112.52631
2016-06-12,112.52631
2016-06-13,110.8421
2016-06-14,110.21052
2016-06-15,110.52631
2016-06-16,110.31578
2016-06-17,110.21052
2016-06-18,110.21052
2016-06-19,110.21052
2016-06-20,111.36841
2016-06-21,111.78947
2016-06-22,111.6842
2016-06-23,111.6842
2016-06-24,108.94736
2016-06-25,108.94736
2016-06-26,108.94736
2016-06-27,106.94736
2016-06-28,108.63157
2016-06-29,110.21052
2016-06-30,111.57894
2016-07-01,111.89473
2016-07-02,111.89473
2016-07-03,111.89473
2016-07-04,111.89473
2016-07-05,110.52631
2016-07-06,110.52631
2016-07-07,110.52631
2016-07-08,111.89473
2016-07-09,111.89473
2016-07-10,111.89473
2016-07-11,113.57894
2016-07-12,113.99999
2016-07-13,113.57894
2016-07-14,114.21052
2016-07-15,114.52631
2016-07-16,114.52631
2016-07-17,114.52631
2016-07-18,114.73683
2016-07-19,114.94736
2016-07-20,116.63157
2016-07-21,115.89473
2016-07-22,116.94736
2016-07-23,116.94736
2016-07-24,116.94736
2016-07-25,117.15789
2016-07-26,117.26315
2016-07-27,117.26315
2016-07-28,117.57894
2016-07-29,116.21052
2016-07-30,116.21052
2016-07-31,116.21052
2016-08-01,116.31578
2016-08-02,115.05262
2016-08-03,115.36841
2016-08-04,115.78947
2016-08-05,117.26315
2016-08-06,117.26315
2016-08-07,117.26315
2016-08-08,117.05262
2016-08-09,117.05262
2016-08-10,116.63157
2016-08-11,117.78947
2016-08-12,118.31578
2016-08-13,118.31578
2016-08-14,118.31578
2016-08-15,118.31578
2016-08-16,117.89473
2016-08-17,118.10525
2016-08-18,118.52631
2016-08-19,119.05262
2016-08-20,119.05262
2016-08-21,119.05262
2016-08-22,119.47367
2016-08-23,119.89473
2016-08-24,119.05262
2016-08-25,118.94736
2016-08-26,119.57894
2016-08-27,119.57894
2016-08-28,119.57894
2016-08-29,120.21052
2016-08-30,120.73683
2016-08-31,119.99999
2016-09-01,119.99999
2016-09-02,120.94736
2016-09-03,120.94736
2016-09-04,120.94736
2016-09-05,120.94736
2016-09-06,121.15789
2016-09-07,121.05262
2016-09-08,121.05262
2016-09-09,118.94736
2016-09-10,118.94736
2016-09-11,118.94736
2016-09-12,118.94736
2016-09-13,119.57894
2016-09-14,119.36841
2016-09-15,120.73683
2016-09-16,120.42104
2016-09-17,120.42104
2016-09-18,120.42104
2016-09-19,120.10525
2016-09-20,120.31578
2016-09-21,120.63157
2016-09-22,121.99999
2016-09-23,121.57894
2016-09-24,121.57894
2016-09-25,121.57894
2016-09-26,120.52631
2016-09-27,121.57894
2016-09-28,122.31578
2016-09-29,121.6842
2016-09-30,122.63157
2016-10-01,122.63157
2016-10-02,122.63157
2016-10-03,122.73683
2016-10-04,122.94736
2016-10-05,123.47367
2016-10-06,123.36841
2016-10-07,122.73683
2016-10-08,122.73683
2016-10-09,122.73683
2016-10-10,123.47367
2016-10-11,121.47367
2016-10-12,121.36841
2016-10-13,120.42104
2016-10-14,121.26315
2016-10-15,121.26315
2016-10-16,121.26315
2016-10-17,120.52631
2016-10-18,121.89473
2016-10-19,122.10525
2016-10-20,122.73683
2016-10-21,122.8421
2016-10-22,122.8421
2016-10-23,122.8421
2016-10-24,123.26315
2016-10-25,122.10525
2016-10-26,121.57894
2016-10-27,121.47367
2016-10-28,120.94736
2016-10-29,120.94736
2016-10-30,120.94736
2016-10-31,120.52631
2016-11-01,120.52631
2016-11-02,118.10525
2016-11-03,117.47367
2016-11-04,117.26315
2016-11-05,117.26315
2016-11-06,117.26315
2016-11-07,120.21052
2016-11-08,120.21052
2016-11-09,121.36841
2016-11-10,121.05262
2016-11-11,121.05262
2016-11-12,121.05262
2016-11-13,121.05262
2016-11-14,119.89473
2016-11-15,120.73683
2016-11-16,120.8421
2016-11-17,122.21052
2016-11-18,122.21052
2016-11-19,122.21052
2016-11-20,122.21052
2016-11-21,122.63157
2016-11-22,122.42104
2016-11-23,123.15788
2016-11-24,123.15788
2016-11-25,123.05262
2016-11-26,123.05262
2016-11-27,123.05262
2016-11-28,122.42104
2016-11-29,122.73683
2016-11-30,122.52631
2016-12-01,120.63157
2016-12-02,119.57894
2016-12-03,119.57894
2016-12-04,119.57894
2016-12-05,120.42104
2016-12-06,121.05262
2016-12-07,121.78946
2016-12-08,122.21052
2016-12-09,123.15788
2016-12-10,123.15788
2016-12-11,123.15788
2016-12-12,121.99999
2016-12-13,122.94736
2016-12-14,122.52631
2016-12-15,123.05262
2016-12-16,122.94736
2016-12-17,122.94736
2016-12-18,122.94736
2016-12-19,122.94736
2016-12-20,122.8421
2016-12-21,122.63157
2016-12-22,122.52631
2016-12-23,122.42104
2016-12-24,122.42104
2016-12-25,122.42104
2016-12-26,122.42104
2016-12-27,123.26315
2016-12-28,122.63157
2016-12-29,123.15788
2016-12-30,122.73683
2016-12-31,122.73683
2017-01-01,122.73683
2017-01-02,122.73683
2017-01-03,123.36841
2017-01-04,123.99999
2017-01-05,123.78946
2017-01-06,125.05262
2017-01-07,125.05262
2017-01-08,125.05262
2017-01-09,125.05262
2017-01-10,125.78946
2017-01-11,125.26315
2017-01-12,125.05262
2017-01-13,125.6842
2017-01-14,125.6842
2017-01-15,125.6842
2017-01-16,125.57894
2017-01-17,124.63157
2017-01-18,125.78946
2017-01-19,125.6842
2017-01-20,125.6842
2017-01-21,125.6842
2017-01-22,125.6842
2017-01-23,125.36841
2017-01-24,126.52631
2017-01-25,127.26315
2017-01-26,127.99999
2017-01-27,128.63157
2017-01-28,128.63157
2017-01-29,128.63157
2017-01-30,128.63157
2017-01-31,126.63157
2017-02-01,127.6842
2017-02-02,127.78946
2017-02-03,128.31578
2017-02-04,128.31578
2017-02-05,128.31578
2017-02-06,128.42104
2017-02-07,129.26315
2017-02-08,129.57894
2017-02-09,130.52631
2017-02-10,130.94736
2017-02-11,130.94736
2017-02-12,130.94736
2017-02-13,131.78946
2017-02-14,131.57894
2017-02-15,131.78946
2017-02-16,131.15788
2017-02-17,131.36841
2017-02-18,131.36841
2017-02-19,131.36841
2017-02-20,131.36841
2017-02-21,132.31578
2017-02-22,131.57894
2017-02-23,130.63157
2017-02-24,130.10525
2017-02-25,130.10525
2017-02-26,130.10525
2017-02-27,130.21052
2017-02-28,129.47367
2017-03-01,130.52631
2017-03-02,130.21052
2017-03-03,130.42104
2017-03-04,130.42104
2017-03-05,130.42104
2017-03-06,130.10525
2017-03-07,129.99999
2017-03-08,130.63157
2017-03-09,130.94736
2017-03-10,130.94736
2017-03-11,130.94736
2017-03-12,130.94736
2017-03-13,131.99999
2017-03-14,132.21052
2017-03-15,132.42104
2017-03-16,132.52631
2017-03-17,132.73683
2017-03-18,132.73683
2017-03-19,132.73683
2017-03-20,132.42104
2017-03-21,131.26315
2017-03-22,131.47367
2017-03-23,131.89473
2017-03-24,132.31578
2017-03-25,132.31578
2017-03-26,132.31578
2017-03-27,131.99999
2017-03-28,132.94736
2017-03-29,132.84209
2017-03-30,133.15788
2017-03-31,133.05262
2017-04-01,133.05262
2017-04-02,133.05262
2017-04-03,133.05262
2017-04-04,132.84209
2017-04-05,132.63157
2017-04-06,133.05262
2017-04-07,133.15788
2017-04-08,133.15788
2017-04-09,133.15788
2017-04-10,133.05262
2017-04-11,132.63157
2017-04-12,131.99999
2017-04-13,131.57894
2017-04-14,131.57894
2017-04-15,131.57894
2017-04-16,131.57894
2017-04-17,131.57894
2017-04-18,131.78946
2017-04-19,132.21052
2017-04-20,133.15788
2017-04-21,132.73683
2017-04-22,132.73683
2017-04-23,132.73683
2017-04-24,134.42104
2017-04-25,135.57894
2017-04-26,135.89473
2017-04-27,136.94736
2017-04-28,136.94736
2017-04-29,136.94736
2017-04-30,136.94736
2017-05-01,136.94736
2017-05-02,137.57894
2017-05-03,137.89473
2017-05-04,138.5263
2017-05-05,139.89473
2017-05-06,139.89473
2017-05-07,139.89473
2017-05-08,139.36841
2017-05-09,140.63157
2017-05-10,140.63157
2017-05-11,140.21052
2017-05-12,140.31578
2017-05-13,140.31578
2017-05-14,140.31578
2017-05-15,140.63157
2017-05-16,140.84209
2017-05-17,138.21052
2017-05-18,138.63157
2017-05-19,138.94736
2017-05-20,138.94736
2017-05-21,138.94736
2017-05-22,139.89473
2017-05-23,139.6842
2017-05-24,139.36841
2017-05-25,139.36841
2017-05-26,139.99999
2017-05-27,139.99999
2017-05-28,139.99999
2017-05-29,139.99999
2017-05-30,140.31578
2017-05-31,140.31578
2017-06-01,141.89473
2017-06-02,142.42104
2017-06-03,142.42104
2017-06-04,142.42104
2017-06-05,142.31578
2017-06-06,142.21051
2017-06-07,142.94736
2017-06-08,143.47367
2017-06-09,142.42104
2017-06-10,142.42104
2017-06-11,142.42104
2017-06-12,141.26315
2017-06-13,142.21051
2017-06-14,141.26315
2017-06-15,141.15788
2017-06-16,141.26315
2017-06-17,141.26315
2017-06-18,141.26315
2017-06-19,143.15788
2017-06-20,142.42104
2017-06-21,143.05262
2017-06-22,143.47367
2017-06-23,143.47367
2017-06-24,143.47367
2017-06-25,143.47367
2017-06-26,143.47367
2017-06-27,141.99999
2017-06-28,142.73683
2017-06-29,141.05262
2017-06-30,140.94736
2017-07-01,140.94736
2017-07-02,140.94736
2017-07-03,141.36841
2017-07-04,141.36841
2017-07-05,141.57894
2017-07-06,140.5263
2017-07-07,141.6842
2017-07-08,141.6842
2017-07-09,141.6842
2017-07-10,142.42104
2017-07-11,142.42104
2017-07-12,143.47367
2017-07-13,143.6842
2017-07-14,144.5263
2017-07-15,144.5263
2017-07-16,144.5263
2017-07-17,144.10525
2017-07-18,144.10525
2017-07-19,144.94736
2017-07-20,144.94736
2017-07-21,144.5263
2017-07-22,144.5263
2017-07-23,144.5263
2017-07-24,144.73683
2017-07-25,144.5263
2017-07-26,144.42104
2017-07-27,144.31578
2017-07-28,144.10525
2017-07-29,144.10525
2017-07-30,144.10525
2017-07-31,143.78946
2017-08-01,144.42104
2017-08-02,144.63157
2017-08-03,144.31578
2017-08-04,144.31578
2017-08-05,144.31578
2017-08-06,144.31578
2017-08-07,145.05262
2017-08-08,144.84209
2017-08-09,144.84209
2017-08-10,142.21051
2017-08-11,141.89473
2017-08-12,141.89473
2017-08-13,141.89473
2017-08-14,143.78946
2017-08-15,143.78946
2017-08-16,144.42104
2017-08-17,142.84209
2017-08-18,143.05262
2017-08-19,143.05262
2017-08-20,143.05262
2017-08-21,142.94735
2017-08-22,144.63157
2017-08-23,144.21051
2017-08-24,144.31578
2017-08-25,143.78946
2017-08-26,143.78946
2017-08-27,143.78946
2017-08-28,143.57893
2017-08-29,143.26314
2017-08-30,143.99999
2017-08-31,145.26314
2017-09-01,145.26314
2017-09-02,145.26314
2017-09-03,145.26314
2017-09-04,145.26314
2017-09-05,144.63157
2017-09-06,144.31578
2017-09-07,143.89472
2017-09-08,144.31578
2017-09-09,144.31578
2017-09-10,144.31578
2017-09-11,146.21051
2017-09-12,146.21051
2017-09-13,146.10525
2017-09-14,145.57893
2017-09-15,145.89472
2017-09-16,145.89472
2017-09-17,145.89472
2017-09-18,146.63156
2017-09-19,146.5263
2017-09-20,146.5263
2017-09-21,146.31578
2017-09-22,145.89472
2017-09-23,145.89472
2017-09-24,145.89472
2017-09-25,144.84209
2017-09-26,144.73683
2017-09-27,145.78946
2017-09-28,146.10525
2017-09-29,146.63156
2017-09-30,146.63156
2017-10-01,146.63156
2017-10-02,147.36841
2017-10-03,147.89472
2017-10-04,148.63156
2017-10-05,149.26314
2017-10-06,149.47367
2017-10-07,149.47367
2017-10-08,149.47367
2017-10-09,149.15788
2017-10-10,148.84209
2017-10-11,149.05262
2017-10-12,148.84209
2017-10-13,148.63156
2017-10-14,148.63156
2017-10-15,148.63156
2017-10-16,148.84209
2017-10-17,148.5263
2017-10-18,148.5263
2017-10-19,148.5263
2017-10-20,149.26314
2017-10-21,149.26314
2017-10-22,149.26314
2017-10-23,148.84209
2017-10-24,149.26314
2017-10-25,148.10525
2017-10-26,149.78946
2017-10-27,151.05262
2017-10-28,151.05262
2017-10-29,151.05262
2017-10-30,150.94735
2017-10-31,151.57893
2017-11-01,151.57893
2017-11-02,152.21051
2017-11-03,153.89472
2017-11-04,153.89472
2017-11-05,153.89472
2017-11-06,154.31577
2017-11-07,153.99999
2017-11-08,154.10525
2017-11-09,152.10525
2017-11-10,151.78946
2017-11-11,151.78946
2017-11-12,151.78946
2017-11-13,151.6842
2017-11-14,151.15788
2017-11-15,150.5263
2017-11-16,152.21051
2017-11-17,152.21051
2017-11-18,152.21051
2017-11-19,152.21051
2017-11-20,152.94735
2017-11-21,154.31577
2017-11-22,153.57893
2017-11-23,153.57893
2017-11-24,154.10525
2017-11-25,154.10525
2017-11-26,154.10525
2017-11-27,153.6842
2017-11-28,154.42104
2017-11-29,153.15788
2017-11-30,153.6842
2017-12-01,152.84209
2017-12-02,152.84209
2017-12-03,152.84209
2017-12-04,151.57893
2017-12-05,151.57893
2017-12-06,151.36841
2017-12-07,152.21051
2017-12-08,153.57893
2017-12-09,153.57893
2017-12-10,153.57893
2017-12-11,153.57893
2017-12-12,153.47367
2017-12-13,153.05262
2017-12-14,152.42104
2017-12-15,153.26314
2017-12-16,153.26314
2017-12-17,153.26314
2017-12-18,154.21051
2017-12-19,154.10525
2017-12-20,153.36841
2017-12-21,153.78946
2017-12-22,153.78946
2017-12-23,153.78946
2017-12-24,153.78946
2017-12-25,153.78946
2017-12-26,153.78946
2017-12-27,153.6842
2017-12-28,153.99999
2017-12-29,153.47367
2017-12-30,153.47367
2017-12-31,153.47367
2018-01-01,153.47367
2018-01-02,153.6842
2018-01-03,154.5263
2018-01-04,154.94735
2018-01-05,156.21051
2018-01-06,156.21051
2018-01-07,156.21051
2018-01-08,156.94735
2018-01-09,157.57893
2018-01-10,156.42104
2018-01-11,156.21051
2018-01-12,156.5263
2018-01-13,156.5263
2018-01-14,156.5263
2018-01-15,156.5263
2018-01-16,155.99999
2018-01-17,157.78946
2018-01-18,157.26314
2018-01-19,158.21051
2018-01-20,158.21051
2018-01-21,158.21051
2018-01-22,158.5263
2018-01-23,158.84209
2018-01-24,156.94735
2018-01-25,157.26314
2018-01-26,158.5263
2018-01-27,158.5263
2018-01-28,158.5263
2018-01-29,158.31577
2018-01-30,156.94735
2018-01-31,157.47367
2018-02-01,157.36841
2018-02-02,155.57893
2018-02-03,155.57893
2018-02-04,155.57893
2018-02-05,150.31578
2018-02-06,152.10525
2018-02-07,151.78946
2018-02-08,148.5263
2018-02-09,149.36841
2018-02-10,149.36841
2018-02-11,149.36841
2018-02-12,150.31578
2018-02-13,150.94735
2018-02-14,152.84209
2018-02-15,153.78946
2018-02-16,153.78946
2018-02-17,153.78946
2018-02-18,153.78946
2018-02-19,153.78946
2018-02-20,154.21051
2018-02-21,153.99999
2018-02-22,153.47367
2018-02-23,155.15788
2018-02-24,155.15788
2018-02-25,155.15788
2018-02-26,155.57893
2018-02-27,154.84209
2018-02-28,153.78946
2018-03-01,152.10525
2018-03-02,151.99999
2018-03-03,151.99999
2018-03-04,151.99999
2018-03-05,152.84209
2018-03-06,153.47367
2018-03-07,153.89472
2018-03-08,155.05262
2018-03-09,157.05262
2018-03-10,157.05262
2018-03-11,157.05262
2018-03-12,157.15788
2018-03-13,155.36841
2018-03-14,155.05262
2018-03-15,155.47367
2018-03-16,155.78946
2018-03-17,155.78946
2018-03-18,155.78946
2018-03-19,154.21051
2018-03-20,154.84209
2018-03-21,153.89472
2018-03-22,151.15788
2018-03-23,148.73683
2018-03-24,148.73683
2018-03-25,148.73683
2018-03-26,151.47367
2018-03-27,149.15788
2018-03-28,148.84209
2018-03-29,149.78946
2018-03-30,149.78946
2018-03-31,149.78946
2018-04-01,149.78946
2018-04-02,149.78946
2018-04-03,148.63156
2018-04-04,149.26314
2018-04-05,150.5263
2018-04-06,148.10525
2018-04-07,148.10525
2018-04-08,148.10525
2018-04-09,148.73683
2018-04-10,150.31578
2018-04-11,149.57893
2018-04-12,150.94735
2018-04-13,150.21051
2018-04-14,150.21051
2018-04-15,150.21051
2018-04-16,151.36841
2018-04-17,152.63156
2018-04-18,152.5263
2018-04-19,152.42104
2018-04-20,152.21051
2018-04-21,152.21051
2018-04-22,152.21051
2018-04-23,152.94735
2018-04-24,150.94735
2018-04-25,150.84209
2018-04-26,151.6842
2018-04-27,151.05262
2018-04-28,151.05262
2018-04-29,151.05262
2018-04-30,150.63156
2018-05-01,150.63156
2018-05-02,151.47367
2018-05-03,151.05262
2018-05-04,152.84209
2018-05-05,152.84209
2018-05-06,152.84209
2018-05-07,153.57893
2018-05-08,154.42104
2018-05-09,156.63156
2018-05-10,156.5263
2018-05-11,157.36841
2018-05-12,157.36841
2018-05-13,157.36841
2018-05-14,157.15788
2018-05-15,156.63156
2018-05-16,156.10525
2018-05-17,156.5263
2018-05-18,156.63156
2018-05-19,156.63156
2018-05-20,156.63156
2018-05-21,156.63156
2018-05-22,156.63156
2018-05-23,156.73683
2018-05-24,156.73683
2018-05-25,156.63156
2018-05-26,156.63156
2018-05-27,156.63156
2018-05-28,156.63156
2018-05-29,156.63156
2018-05-30,155.78946
2018-05-31,155.15788
2018-06-01,156.42104
2018-06-02,156.42104
2018-06-03,156.42104
2018-06-04,157.05262
2018-06-05,156.94735
2018-06-06,157.99998
2018-06-07,157.57893
2018-06-08,157.47367
2018-06-09,157.47367
2018-06-10,157.47367
2018-06-11,157.89472
2018-06-12,157.89472
2018-06-13,157.47367
2018-06-14,158.73683
2018-06-15,158.73683
2018-06-16,158.73683
2018-06-17,158.73683
2018-06-18,158.73683
2018-06-19,158.31577
2018-06-20,158.5263
2018-06-21,156.63156
2018-06-22,157.36841
2018-06-23,157.36841
2018-06-24,157.36841
2018-06-25,155.6842
2018-06-26,156.10525
2018-06-27,155.15788
2018-06-28,155.47367
2018-06-29,155.78946
2018-06-30,155.78946
2018-07-01,155.78946
2018-07-02,156.21051
2018-07-03,155.36841
2018-07-04,155.26314
2018-07-05,156.63156
2018-07-06,156.63156
2018-07-07,156.63156
2018-07-08,156.63156
2018-07-09,157.78946
2018-07-10,158.10525
2018-07-11,157.15788
2018-07-12,158.31577
2018-07-13,158.94735
2018-07-14,158.94735
2018-07-15,158.94735
2018-07-16,157.99998
2018-07-17,159.26314
2018-07-18,159.36841
2018-07-19,159.6842
2018-07-20,159.26314
2018-07-21,159.26314
2018-07-22,159.26314
2018-07-23,159.78946
2018-07-24,160.10525
2018-07-25,160.42104
2018-07-26,161.36841
2018-07-27,160.10525
2018-07-28,160.10525
2018-07-29,160.10525
2018-07-30,159.05262
2018-07-31,159.47367
2018-08-01,159.36841
2018-08-02,160.5263
2018-08-03,161.05262
2018-08-04,161.05262
2018-08-05,161.05262
2018-08-06,161.57893
2018-08-07,161.26314
2018-08-08,161.26314
2018-08-09,161.26314
2018-08-10,160.63156
2018-08-11,160.63156
2018-08-12,160.63156
2018-08-13,160.42104
2018-08-14,160.94735
2018-08-15,160.94735
2018-08-16,159.05261
2018-08-17,159.57893
2018-08-18,159.57893
2018-08-19,159.57893
2018-08-20,160.10524
2018-08-21,160.31577
2018-08-22,160.31577
2018-08-23,160.84209
2018-08-24,161.26314
2018-08-25,161.26314
2018-08-26,161.26314
2018-08-27,162.73682
2018-08-28,163.05261
2018-08-29,163.78945
2018-08-30,163.15788
2018-08-31,163.99998
2018-09-01,163.99998
2018-09-02,163.99998
2018-09-03,163.99998
2018-09-04,163.26314
2018-09-05,161.15788
2018-09-06,160.73682
2018-09-07,160.63156
2018-09-08,160.63156
2018-09-09,160.63156
2018-09-10,160.73682
2018-09-11,160.42103
2018-09-12,160.31577
2018-09-13,161.05261
2018-09-14,161.99998
2018-09-15,161.99998
2018-09-16,161.99998
2018-09-17,160.31577
2018-09-18,160.84209
2018-09-19,160.63156
2018-09-20,161.3684
2018-09-21,161.3684
2018-09-22,161.3684
2018-09-23,161.3684
2018-09-24,160.84209
2018-09-25,160.94735
2018-09-26,160.5263
2018-09-27,161.05261
2018-09-28,160.94735
2018-09-29,160.94735
2018-09-30,160.94735
2018-10-01,161.68419
2018-10-02,160.94735
2018-10-03,161.26314
2018-10-04,158.63156
2018-10-05,157.68419
2018-10-06,157.68419
2018-10-07,157.68419
2018-10-08,156.42103
2018-10-09,155.68419
2018-10-10,151.15788
2018-10-11,147.78946
2018-10-12,150.63156
2018-10-13,150.63156
2018-10-14,150.63156
2018-10-15,149.3684
2018-10-16,153.15788
2018-10-17,152.63156
2018-10-18,150.73682
2018-10-19,149.68419
2018-10-20,149.68419
2018-10-21,149.68419
2018-10-22,150.42104
2018-10-23,148.31577
2018-10-24,144.42104
2018-10-25,146.63156
2018-10-26,144.10525
2018-10-27,144.10525
2018-10-28,144.10525
2018-10-29,143.68419
2018-10-30,145.15788
2018-10-31,147.68419
2018-11-01,147.68419
2018-11-02,148.73683
2018-11-03,148.73683
2018-11-04,148.73683
2018-11-05,148.42104
2018-11-06,148.42104
2018-11-07,152.42104
2018-11-08,152.42104
2018-11-09,151.3684
2018-11-10,151.3684
2018-11-11,151.3684
2018-11-12,148.84209
2018-11-13,148.73683
2018-11-14,148.5263
2018-11-15,149.78946
2018-11-16,149.3684
2018-11-17,149.3684
2018-11-18,149.3684
2018-11-19,145.99998
2018-11-20,143.99998
2018-11-21,145.3684
2018-11-22,145.3684
2018-11-23,145.26314
2018-11-24,145.26314
2018-11-25,145.26314
2018-11-26,147.47367
2018-11-27,147.3684
2018-11-28,149.89472
2018-11-29,149.68419
2018-11-30,150.63156
2018-12-01,150.63156
2018-12-02,150.63156
2018-12-03,152.42104
2018-12-04,147.89472
2018-12-05,147.89472
2018-12-06,146.84209
2018-12-07,144.5263
2018-12-08,144.5263
2018-12-09,144.5263
2018-12-10,144.73683
2018-12-11,144.84209
2018-12-12,146.5263
2018-12-13,146.10525
2018-12-14,144.42104
2018-12-15,144.42104
2018-12-16,144.42104
2018-12-17,141.26314
2018-12-18,141.05262
2018-12-19,140.10525
2018-12-20,138.63156
2018-12-21,136.42104
2018-12-22,136.42104
2018-12-23,136.42104
2018-12-24,134.42104
2018-12-25,134.42104
2018-12-26,134.42104
2018-12-27,139.15788
2018-12-28,139.36841
2018-12-29,139.36841
2018-12-30,139.36841
2018-12-31,140.10525
2019-01-01,140.10525
2019-01-02,139.99998
2019-01-03,136.42104
2019-01-04,140.31577
2019-01-05,140.31577
2019-01-06,140.31577
2019-01-07,141.26314
2019-01-08,142.63156
2019-01-09,143.78946
2019-01-10,144.21051
2019-01-11,143.99998
2019-01-12,143.99998
2019-01-13,143.99998
2019-01-14,143.26314
2019-01-15,144.84209
2019-01-16,145.57893
2019-01-17,146.31577
2019-01-18,148.31577
2019-01-19,148.31577
2019-01-20,148.31577
2019-01-21,148.31577
2019-01-22,146.5263
2019-01-23,146.42104
2019-01-24,147.57893
2019-01-25,147.89472
2019-01-26,147.89472
2019-01-27,147.89472
2019-01-28,146.73683
2019-01-29,146.5263
2019-01-30,147.89472
2019-01-31,148.84209
2019-02-01,149.05261
2019-02-02,149.05261
2019-02-03,149.05261
2019-02-04,150.10525
2019-02-05,150.10525
2019-02-06,150.10525
2019-02-07,149.89472
2019-02-08,149.47367
2019-02-09,149.47367
2019-02-10,149.47367
2019-02-11,150.21051
2019-02-12,151.3684
2019-02-13,151.99998
2019-02-14,151.89472
2019-02-15,152.94735
2019-02-16,152.94735
2019-02-17,152.94735
2019-02-18,152.94735
2019-02-19,152.84209
2019-02-20,152.63156
2019-02-21,152.42104
2019-02-22,153.47367
2019-02-23,153.47367
2019-02-24,153.47367
2019-02-25,154.21051
2019-02-26,154.42103
2019-02-27,154.42103
2019-02-28,154.5263
2019-03-01,156.63156
2019-03-02,156.63156
2019-03-03,156.63156
2019-03-04,156.31577
2019-03-05,156.63156
2019-03-06,155.68419
2019-03-07,154.42103
2019-03-08,153.78946
2019-03-09,153.78946
2019-03-10,153.78946
2019-03-11,156.21051
2019-03-12,156.5263
2019-03-13,157.15788
2019-03-14,157.57893
2019-03-15,158.31577
2019-03-16,158.31577
2019-03-17,158.31577
2019-03-18,159.05261
2019-03-19,159.26314
2019-03-20,158.73682
2019-03-21,160.10524
2019-03-22,156.73682
2019-03-23,156.73682
2019-03-24,156.73682
2019-03-25,156.21051
2019-03-26,157.57893
2019-03-27,156.63156
2019-03-28,157.47367
2019-03-29,158.63156
2019-03-30,158.63156
2019-03-31,158.63156
2019-04-01,159.89472
2019-04-02,160.21051
2019-04-03,161.05261
2019-04-04,161.05261
2019-04-05,161.89472
2019-04-06,161.89472
2019-04-07,161.89472
2019-04-08,162.10524
2019-04-09,161.47367
2019-04-10,161.89472
2019-04-11,161.89472
2019-04-12,162.31577
2019-04-13,162.31577
2019-04-14,162.31577
2019-04-15,162.5263
2019-04-16,162.94735
2019-04-17,162.10524
2019-04-18,163.05261
2019-04-19,163.05261
2019-04-20,163.05261
2019-04-21,163.05261
2019-04-22,162.94735
2019-04-23,164.21051
2019-04-24,164.42103
2019-04-25,164.63156
2019-04-26,165.26314
2019-04-27,165.26314
2019-04-28,165.26314
2019-04-29,165.57893
2019-04-30,165.68419
2019-05-01,165.68419
2019-05-02,164.84209
2019-05-03,166.10524
2019-05-04,166.10524
2019-05-05,166.10524
2019-05-06,165.26314
2019-05-07,163.26314
2019-05-08,162.84209
2019-05-09,162.84209
2019-05-10,162.21051
2019-05-11,162.21051
2019-05-12,162.21051
2019-05-13,159.15788
2019-05-14,160.10524
2019-05-15,160.42103
2019-05-16,162.31577
2019-05-17,161.78946
2019-05-18,161.78946
2019-05-19,161.78946
2019-05-20,161.78946
2019-05-21,162.31577
2019-05-22,162.5263
2019-05-23,160.94735
2019-05-24,161.05261
2019-05-25,161.05261
2019-05-26,161.05261
2019-05-27,161.05261
2019-05-28,161.15788
2019-05-29,160.31577
2019-05-30,160.21051
2019-05-31,159.3684
2019-06-01,159.3684
2019-06-02,159.3684
2019-06-03,158.84209
2019-06-04,160.31577
2019-06-05,160.31577
2019-06-06,161.47367
2019-06-07,163.26314
2019-06-08,163.26314
2019-06-09,163.26314
2019-06-10,163.26314
2019-06-11,164.84209
2019-06-12,164.73682
2019-06-13,165.26314
2019-06-14,164.94735
2019-06-15,164.94735
2019-06-16,164.94735
2019-06-17,164.63156
2019-06-18,165.78945
2019-06-19,166.42103
2019-06-20,167.78945
2019-06-21,167.05261
2019-06-22,167.05261
2019-06-23,167.05261
2019-06-24,166.84209
2019-06-25,165.99998
2019-06-26,165.68419
2019-06-27,166.5263
2019-06-28,167.57893
2019-06-29,167.57893
2019-06-30,167.57893
2019-07-01,169.15788
2019-07-02,169.78945
2019-07-03,170.94735
2019-07-04,170.94735
2019-07-05,169.89472
2019-07-06,169.89472
2019-07-07,169.89472
2019-07-08,168.5263
2019-07-09,168.63156
2019-07-10,168.5263
2019-07-11,169.47366
2019-07-12,169.99998
2019-07-13,169.99998
2019-07-14,169.99998
2019-07-15,170.31577
2019-07-16,170.31577
2019-07-17,170.31577
2019-07-18,170.21051
2019-07-19,170.21051
2019-07-20,170.21051
2019-07-21,170.21051
2019-07-22,170.73682
2019-07-23,172.31577
2019-07-24,172.84209
2019-07-25,172.31577
2019-07-26,173.3684
2019-07-27,173.3684
2019-07-28,173.3684
2019-07-29,172.73682
2019-07-30,171.47366
2019-07-31,170.21051
2019-08-01,169.89472
2019-08-02,167.57893
2019-08-03,167.57893
2019-08-04,167.57893
2019-08-05,163.15788
2019-08-06,165.15788
2019-08-07,166.21051
2019-08-08,169.15788
2019-08-09,169.15788
2019-08-10,169.15788
2019-08-11,169.15788
2019-08-12,169.15788
2019-08-13,167.99998
2019-08-14,164.84209
2019-08-15,164.84209
2019-08-16,167.15788
2019-08-17,167.15788
2019-08-18,167.15788
2019-08-19,168.63156
2019-08-20,167.6842
2019-08-21,169.26314
2019-08-22,168.73683
2019-08-23,165.89472
2019-08-24,165.89472
2019-08-25,165.89472
2019-08-26,167.15788
2019-08-27,167.47367
2019-08-28,167.57893
2019-08-29,168.73683
2019-08-30,169.36841
2019-08-31,169.36841
2019-09-01,169.36841
2019-09-02,169.36841
2019-09-03,168.63156
2019-09-04,169.99998
2019-09-05,171.47367
2019-09-06,171.26314
2019-09-07,171.26314
2019-09-08,171.26314
2019-09-09,169.89472
2019-09-10,168.10525
2019-09-11,169.36841
2019-09-12,169.68419
2019-09-13,169.68419
2019-09-14,169.68419
2019-09-15,169.68419
2019-09-16,168.94735
2019-09-17,169.47367
2019-09-18,169.89472
2019-09-19,169.89472
2019-09-20,169.15788
2019-09-21,169.15788
2019-09-22,169.15788
2019-09-23,169.05262
2019-09-24,167.99998
2019-09-25,168.31577
2019-09-26,168.73683
2019-09-27,167.05262
2019-09-28,167.05262
2019-09-29,167.05262
2019-09-30,167.89472
2019-10-01,166.73683
2019-10-02,163.47367
2019-10-03,164.84209
2019-10-04,166.31577
2019-10-05,166.31577
2019-10-06,166.31577
2019-10-07,166.42104
2019-10-08,163.15788
2019-10-09,164.94735
2019-10-10,164.5263
2019-10-11,166.31577
2019-10-12,166.31577
2019-10-13,166.31577
2019-10-14,165.78946
2019-10-15,167.15788
2019-10-16,166.42104
2019-10-17,166.63156
2019-10-18,165.78946
2019-10-19,165.78946
2019-10-20,165.78946
2019-10-21,166.42104
2019-10-22,165.6842
2019-10-23,165.89472
2019-10-24,166.84209
2019-10-25,167.47367
2019-10-26,167.47367
2019-10-27,167.47367
2019-10-28,167.47367
2019-10-29,167.47367
2019-10-30,168.63156
2019-10-31,167.05262
2019-11-01,167.05262
2019-11-02,167.05262
2019-11-03,167.05262
2019-11-04,169.26314
2019-11-05,168.73683
2019-11-06,169.15788
2019-11-07,169.89472
2019-11-08,170.10525
2019-11-09,170.10525
2019-11-10,170.10525
2019-11-11,169.78946
2019-11-12,170.21051
2019-11-13,170.5263
2019-11-14,171.15788
2019-11-15,172.5263
2019-11-16,172.5263
2019-11-17,172.5263
2019-11-18,173.15788
2019-11-19,173.15788
2019-11-20,172.31577
2019-11-21,172.10525
2019-11-22,172.94735
2019-11-23,172.94735
2019-11-24,172.94735
2019-11-25,174.73683
2019-11-26,175.57893
2019-11-27,176.63156
2019-11-28,176.63156
2019-11-29,175.89472
2019-11-30,175.89472
2019-12-01,175.89472
2019-12-02,174.63156
2019-12-03,174.10525
2019-12-04,174.84209
2019-12-05,174.84209
2019-12-06,175.89472
2019-12-07,175.89472
2019-12-08,175.89472
2019-12-09,174.63156
2019-12-10,174.42104
2019-12-11,174.94735
2019-12-12,175.89472
2019-12-13,176.5263
2019-12-14,176.5263
2019-12-15,176.5263
2019-12-16,177.99998
2019-12-17,178.21051
2019-12-18,177.99998
2019-12-19,178.42104
2019-12-20,178.94735
2019-12-21,178.94735
2019-12-22,178.94735
2019-12-23,179.3684
2019-12-24,179.26314
2019-12-25,179.26314
2019-12-26,179.26314
2019-12-27,179.47367
2019-12-28,179.47367
2019-12-29,179.47367
2019-12-30,177.78946
2019-12-31,177.78946
2020-01-01,177.78946
2020-01-02,179.89472
2020-01-03,178.84209
2020-01-04,178.84209
2020-01-05,178.84209
2020-01-06,178.84209
2020-01-07,179.15788
2020-01-08,179.99998
2020-01-09,181.05261
2020-01-10,180.31577
2020-01-11,180.31577
2020-01-12,180.31577
2020-01-13,181.89472
2020-01-14,182.10525
2020-01-15,182.10525
2020-01-16,183.47367
2020-01-17,183.99998
2020-01-18,183.99998
2020-01-19,183.99998
2020-01-20,183.99998
2020-01-21,183.78946
2020-01-22,184.84209
2020-01-23,185.05261
2020-01-24,184.63156
2020-01-25,184.63156
2020-01-26,184.63156
2020-01-27,184.63156
2020-01-28,183.99998
2020-01-29,184.73682
2020-01-30,184.84209
2020-01-31,182.10525
2020-02-01,182.10525
2020-02-02,182.10525
2020-02-03,184.42104
2020-02-04,187.26314
2020-02-05,190.21051
2020-02-06,190.94735
2020-02-07,189.99998
2020-02-08,189.99998
2020-02-09,189.99998
2020-02-10,191.26314
2020-02-11,192.31577
2020-02-12,193.15788
2020-02-13,193.99998
2020-02-14,195.3684
2020-02-15,195.3684
2020-02-16,195.3684
2020-02-17,195.3684
2020-02-18,195.3684
2020-02-19,197.05261
2020-02-20,197.05261
2020-02-21,195.05261
2020-02-22,195.05261
2020-02-23,195.05261
2020-02-24,189.05261
2020-02-25,184.42104
2020-02-26,183.99998
2020-02-27,178.21051
2020-02-28,176.94735
2020-02-29,176.94735
2020-03-01,176.94735
2020-03-02,181.78946
2020-03-03,179.05262
2020-03-04,184.21051
2020-03-05,179.68419
2020-03-06,175.57893
2020-03-07,175.57893
2020-03-08,175.57893
2020-03-09,164.73683
2020-03-10,171.78946
2020-03-11,163.89472
2020-03-12,150.10525
2020-03-13,160.94735
2020-03-14,160.94735
2020-03-15,160.94735
2020-03-16,143.78946
2020-03-17,152.42104
2020-03-18,145.26314
2020-03-19,145.6842
2020-03-20,143.15788
2020-03-21,143.15788
2020-03-22,143.15788
2020-03-23,140.73683
2020-03-24,151.36841
2020-03-25,155.15788
2020-03-26,162.10525
2020-03-27,156.63156
2020-03-28,156.63156
2020-03-29,156.63156
2020-03-30,159.26314
2020-03-31,157.26314
2020-04-01,151.78946
2020-04-02,154.31578
2020-04-03,151.57893
2020-04-04,151.57893
2020-04-05,151.57893
2020-04-06,160.63156
2020-04-07,159.47367
2020-04-08,165.47367
2020-04-09,166.84209
2020-04-10,166.84209
2020-04-11,166.84209
2020-04-12,166.84209
2020-04-13,166.84209
2020-04-14,170.10525
2020-04-15,167.26314
2020-04-16,169.36841
2020-04-17,172.63156
2020-04-18,172.63156
2020-04-19,172.63156
2020-04-20,171.15788
2020-04-21,167.89472
2020-04-22,171.68419
2020-04-23,171.36841
2020-04-24,173.3684
2020-04-25,173.3684
2020-04-26,173.3684
2020-04-27,176.5263
2020-04-28,176.10525
2020-04-29,179.57893
2020-04-30,177.26314
2020-05-01,177.26314
2020-05-02,177.26314
2020-05-03,177.26314
2020-05-04,174.42104
2020-05-05,176.21051
2020-05-06,177.05262
2020-05-07,177.05262
2020-05-08,181.15788
2020-05-09,181.15788
2020-05-10,181.15788
2020-05-11,182.84209
2020-05-12,179.78946
2020-05-13,178.31577
2020-05-14,178.73683
2020-05-15,180.5263
2020-05-16,180.5263
2020-05-17,180.5263
2020-05-18,184.42104
2020-05-19,182.73683
2020-05-20,185.99998
2020-05-21,185.99998
2020-05-22,186.10525
2020-05-23,186.10525
2020-05-24,186.10525
2020-05-25,186.10525
2020-05-26,187.57893
2020-05-27,188.42104
2020-05-28,189.15788
2020-05-29,190.63156
2020-05-30,190.63156
2020-05-31,190.63156
2020-06-01,190.5263
2020-06-02,191.3684
2020-06-03,193.78946
2020-06-04,192.63156
2020-06-05,194.63156
2020-06-06,194.63156
2020-06-07,194.63156
2020-06-08,194.63156
2020-06-09,193.47367
2020-06-10,194.21051
2020-06-11,185.68419
2020-06-12,188.21051
2020-06-13,188.21051
2020-06-14,188.21051
2020-06-15,189.68419
2020-06-16,192.5263
2020-06-17,193.15788
2020-06-18,193.05261
2020-06-19,193.05261
2020-06-20,193.05261
2020-06-21,193.05261
2020-06-22,194.94735
2020-06-23,194.94735
2020-06-24,191.89472
2020-06-25,193.89472
2020-06-26,191.47367
2020-06-27,191.47367
2020-06-28,191.47367
2020-06-29,192.94735
2020-06-30,195.57893
2020-07-01,196.63156
2020-07-02,198.63156
2020-07-03,198.63156
2020-07-04,198.63156
2020-07-05,198.63156
2020-07-06,202.73682
2020-07-07,201.99998
2020-07-08,203.89472
2020-07-09,204.63156
2020-07-10,204.63156
2020-07-11,204.63156
2020-07-12,204.63156
2020-07-13,203.15788
2020-07-14,205.78945
2020-07-15,207.99998
2020-07-16,207.3684
2020-07-17,208.63156
2020-07-18,208.63156
2020-07-19,208.63156
2020-07-20,211.78945
2020-07-21,211.15788
2020-07-22,212.21051
2020-07-23,210.94735
2020-07-24,208.31577
2020-07-25,208.31577
2020-07-26,208.31577
2020-07-27,210.84209
2020-07-28,209.05261
2020-07-29,211.15788
2020-07-30,209.99998
2020-07-31,209.99998
2020-08-01,209.99998
2020-08-02,209.99998
2020-08-03,211.57893
2020-08-04,210.42103
2020-08-05,211.15788
2020-08-06,211.89472
2020-08-07,211.99998
2020-08-08,211.99998
2020-08-09,211.99998
2020-08-10,211.99998
2020-08-11,210.84209
2020-08-12,213.78945
2020-08-13,214.63156
2020-08-14,212.73682
2020-08-15,212.73682
2020-08-16,212.73682
2020-08-17,214.52629
2020-08-18,213.78945
2020-08-19,214.10524
2020-08-20,213.15787
2020-08-21,214.52629
2020-08-22,214.52629
2020-08-23,214.52629
2020-08-24,216.31577
2020-08-25,216.94735
2020-08-26,217.78945
2020-08-27,216.10524
2020-08-28,215.99998
2020-08-29,215.99998
2020-08-30,215.99998
2020-08-31,216.42103
2020-09-01,218.73682
2020-09-02,221.47366
2020-09-03,213.57893
2020-09-04,211.57893
2020-09-05,211.57893
2020-09-06,211.57893
2020-09-07,211.57893
2020-09-08,209.05261
2020-09-09,213.15787
2020-09-10,211.05261
2020-09-11,212.31577
2020-09-12,212.31577
2020-09-13,212.31577
2020-09-14,214.2105
2020-09-15,215.57892
2020-09-16,214.63156
2020-09-17,213.78945
2020-09-18,214.31577
2020-09-19,214.31577
2020-09-20,214.31577
2020-09-21,212.63156
2020-09-22,213.68419
2020-09-23,212.73682
2020-09-24,213.68419
2020-09-25,215.47366
2020-09-26,215.47366
2020-09-27,215.47366
2020-09-28,217.57892
2020-09-29,218.42103
2020-09-30,219.26314
2020-10-01,221.05261
2020-10-02,218.94735
2020-10-03,218.94735
2020-10-04,218.94735
2020-10-05,222.52629
2020-10-06,221.26313
2020-10-07,224.2105
2020-10-08,225.3684
2020-10-09,227.15787
2020-10-10,227.15787
2020-10-11,227.15787
2020-10-12,230.52629
2020-10-13,229.57892
2020-10-14,228.10524
2020-10-15,227.3684
2020-10-16,228.63156
2020-10-17,228.63156
2020-10-18,228.63156
2020-10-19,227.3684
2020-10-20,227.89471
2020-10-21,225.47366
2020-10-22,225.89471
2020-10-23,226.84208
2020-10-24,226.84208
2020-10-25,226.84208
2020-10-26,223.68419
2020-10-27,223.99998
2020-10-28,218.73682
2020-10-29,221.05261
2020-10-30,218.84208
2020-10-31,218.84208
2020-11-01,218.84208
2020-11-02,220.94735
2020-11-03,224.31577
2020-11-04,228.42103
2020-11-05,232.2105
2020-11-06,233.47366
2020-11-07,233.47366
2020-11-08,233.47366
2020-11-09,229.99998
2020-11-10,227.89471
2020-11-11,231.78945
2020-11-12,230.2105
2020-11-13,232.2105
2020-11-14,232.2105
2020-11-15,232.2105
2020-11-16,233.47366
2020-11-17,232.52629
2020-11-18,230.42103
2020-11-19,232.52629
2020-11-20,233.26313
2020-11-21,233.26313
2020-11-22,233.26313
2020-11-23,232.42103
2020-11-24,231.78945
2020-11-25,231.26313
2020-11-26,231.26313
2020-11-27,233.3684
2020-11-28,233.3684
2020-11-29,233.3684
2020-11-30,233.15787
2020-12-01,234.10524
2020-12-02,233.3684
2020-12-03,232.2105
2020-12-04,233.99998
2020-12-05,233.99998
2020-12-06,233.99998
2020-12-07,235.15787
2020-12-08,235.89471
2020-12-09,233.89471
2020-12-10,234.52629
2020-12-11,234.31577
2020-12-12,234.31577
2020-12-13,234.31577
2020-12-14,234.84208
2020-12-15,237.68419
2020-12-16,236.2105
2020-12-17,238.2105
2020-12-18,239.47366
2020-12-19,239.47366
2020-12-20,239.47366
2020-12-21,239.47366
2020-12-22,241.68419
2020-12-23,240.94734
2020-12-24,240.84208
2020-12-25,240.84208
2020-12-26,240.84208
2020-12-27,240.84208
2020-12-28,241.47366
2020-12-29,240.63155
2020-12-30,241.3684
2020-12-31,241.15787
2021-01-01,241.15787
2021-01-02,241.15787
2021-01-03,241.15787
2021-01-04,240.10524
2021-01-05,241.15787
2021-01-06,243.68419
2021-01-07,248.94734
2021-01-08,251.36839
2021-01-09,251.36839
2021-01-10,251.36839
2021-01-11,250.63155
2021-01-12,250.10524
2021-01-13,249.47366
2021-01-14,249.05261
2021-01-15,248.52629
2021-01-16,248.52629
2021-01-17,248.52629
2021-01-18,248.52629
2021-01-19,251.05261
2021-01-20,252.2105
2021-01-21,252.10524
2021-01-22,253.36839
2021-01-23,253.36839
2021-01-24,253.36839
2021-01-25,253.15787
2021-01-26,249.89471
2021-01-27,242.63155
2021-01-28,245.89471
2021-01-29,242.31576
2021-01-30,242.31576
2021-01-31,242.31576
2021-02-01,248.2105
2021-02-02,251.36839
2021-02-03,250.10524
2021-02-04,253.36839
2021-02-05,254.10524
2021-02-06,254.10524
2021-02-07,254.10524
2021-02-08,256.52629
2021-02-09,255.89471
2021-02-10,254.94734
2021-02-11,257.68418
2021-02-12,257.68418
2021-02-13,257.68418
2021-02-14,257.68418
2021-02-15,257.68418
2021-02-16,261.57892
2021-02-17,259.68418
2021-02-18,256.94734
2021-02-19,257.0526
2021-02-20,257.0526
2021-02-21,257.0526
2021-02-22,252.2105
2021-02-23,249.68418
2021-02-24,251.15787
2021-02-25,246.63155
2021-02-26,246.94734
2021-02-27,246.94734
2021-02-28,246.94734
2021-03-01,251.89471
2021-03-02,250.2105
2021-03-03,245.57892
2021-03-04,241.47366
2021-03-05,243.68419
2021-03-06,243.68419
2021-03-07,243.68419
2021-03-08,242.63155
2021-03-09,247.15787
2021-03-10,248.2105
2021-03-11,252.84208
2021-03-12,252.42103
2021-03-13,252.42103
2021-03-14,252.42103
2021-03-15,255.05261
2021-03-16,254.84208
2021-03-17,253.57892
2021-03-18,249.68418
2021-03-19,249.78945
2021-03-20,249.78945
2021-03-21,249.78945
2021-03-22,251.05261
2021-03-23,248.42103
2021-03-24,245.99997
2021-03-25,247.99997
2021-03-26,251.78945
2021-03-27,251.78945
2021-03-28,251.78945
2021-03-29,249.15787
2021-03-30,250.31576
2021-03-31,251.89471
2021-04-01,255.15787
2021-04-02,255.15787
2021-04-03,255.15787
2021-04-04,255.15787
2021-04-05,255.15787
2021-04-06,256.73682
2021-04-07,255.89471
2021-04-08,258.2105
2021-04-09,260.52629
2021-04-10,260.52629
2021-04-11,260.52629
2021-04-12,260.31576
2021-04-13,261.89471
2021-04-14,259.36839
2021-04-15,261.89471
2021-04-16,262.73681
2021-04-17,262.73681
2021-04-18,262.73681
2021-04-19,259.89471
2021-04-20,256.73682
2021-04-21,259.0526
2021-04-22,259.78945
2021-04-23,263.0526
2021-04-24,263.0526
2021-04-25,263.0526
2021-04-26,265.26313
2021-04-27,265.26313
2021-04-28,263.57892
2021-04-29,263.57892
2021-04-30,260.31576
2021-05-01,260.31576
2021-05-02,260.31576
2021-05-03,260.94734
2021-05-04,258.42103
2021-05-05,259.89471
2021-05-06,258.84208
2021-05-07,260.84208
2021-05-08,260.84208
2021-05-09,260.84208
2021-05-10,257.15787
2021-05-11,255.57892
2021-05-12,247.78945
2021-05-13,247.78945
2021-05-14,254.52629
2021-05-15,254.52629
2021-05-16,254.52629
2021-05-17,254.10524
2021-05-18,252.73682
2021-05-19,252.42103
2021-05-20,255.36839
2021-05-21,255.99997
2021-05-22,255.99997
2021-05-23,255.99997
2021-05-24,255.99997
2021-05-25,257.68418
2021-05-26,257.68418
2021-05-27,258.84208
2021-05-28,259.26313
2021-05-29,259.26313
2021-05-30,259.26313
2021-05-31,259.26313
2021-06-01,258.73682
2021-06-02,258.2105
2021-06-03,257.15787
2021-06-04,259.0526
2021-06-05,259.0526
2021-06-06,259.0526
2021-06-07,258.52629
2021-06-08,258.52629
2021-06-09,257.57892
2021-06-10,259.36839
2021-06-11,259.89471
2021-06-12,259.89471
2021-06-13,259.89471
2021-06-14,261.0526
2021-06-15,260.63155
2021-06-16,261.36839
2021-06-17,262.31576
2021-06-18,258.84208
2021-06-19,258.84208
2021-06-20,258.84208
2021-06-21,262.42103
2021-06-22,264.52629
2021-06-23,264.52629
2021-06-24,266.42102
2021-06-25,267.99997
2021-06-26,267.99997
2021-06-27,267.99997
2021-06-28,269.15787
2021-06-29,271.0526
2021-06-30,269.0526
2021-07-01,270.73681
2021-07-02,271.0526
2021-07-03,271.0526
2021-07-04,271.0526
2021-07-05,271.0526
2021-07-06,271.47366
2021-07-07,272.73681
2021-07-08,269.0526
2021-07-09,272.42102
2021-07-10,272.42102
2021-07-11,272.42102
2021-07-12,273.36839
2021-07-13,272.42102
2021-07-14,271.89471
2021-07-15,270.31576
2021-07-16,269.36839
2021-07-17,269.36839
2021-07-18,269.36839
2021-07-19,267.0526
2021-07-20,267.0526
2021-07-21,274.10523
2021-07-22,274.84208
2021-07-23,277.0526
2021-07-24,277.0526
2021-07-25,277.0526
2021-07-26,276.52629
2021-07-27,274.84208
2021-07-28,276.31576
2021-07-29,277.99997
2021-07-30,277.99997
2021-07-31,277.99997
2021-08-01,277.99997
2021-08-02,278.73681
2021-08-03,280.2105
2021-08-04,280.73681
2021-08-05,282.84208
2021-08-06,283.89471
2021-08-07,283.89471
2021-08-08,283.89471
2021-08-09,283.89471
2021-08-10,285.99997
2021-08-11,285.47365
2021-08-12,286.10523
2021-08-13,286.63155
2021-08-14,286.63155
2021-08-15,286.63155
2021-08-16,286.73681
2021-08-17,286.52629
2021-08-18,284.73681
2021-08-19,285.57892
2021-08-20,287.57892
2021-08-21,287.57892
2021-08-22,287.57892
2021-08-23,288.84208
2021-08-24,290.73681
2021-08-25,290.63155
2021-08-26,288.94734
2021-08-27,289.99997
2021-08-28,289.99997
2021-08-29,289.99997
2021-08-30,290.73681
2021-08-31,290.10523
2021-09-01,291.47365
2021-09-02,293.26313
2021-09-03,293.0526
2021-09-04,293.0526
2021-09-05,293.0526
2021-09-06,293.0526
2021-09-07,292.10523
2021-09-08,290.42102
2021-09-09,289.36839
2021-09-10,287.99997
2021-09-11,287.99997
2021-09-12,287.99997
2021-09-13,288.10523
2021-09-14,288.2105
2021-09-15,288.84208
2021-09-16,289.78944
2021-09-17,287.57892
2021-09-18,287.57892
2021-09-19,287.57892
2021-09-20,283.68418
2021-09-21,285.78944
2021-09-22,288.52629
2021-09-23,291.47365
2021-09-24,289.99997
2021-09-25,289.99997
2021-09-26,289.99997
2021-09-27,287.78944
2021-09-28,279.99997
2021-09-29,280.52629
2021-09-30,277.57892
2021-10-01,278.10524
2021-10-02,278.10524
2021-10-03,278.10524
2021-10-04,274.73681
2021-10-05,277.57892
2021-10-06,278.10524
2021-10-07,281.57892
2021-10-08,279.0526
2021-10-09,279.0526
2021-10-10,279.0526
2021-10-11,277.68418
2021-10-12,277.26313
2021-10-13,279.47366
2021-10-14,283.0526
2021-10-15,284.31576
2021-10-16,284.31576
2021-10-17,284.31576
2021-10-18,285.26313
2021-10-19,286.94734
2021-10-20,288.10523
2021-10-21,289.78944
2021-10-22,290.84208
2021-10-23,290.84208
2021-10-24,290.84208
2021-10-25,291.89471
2021-10-26,292.52629
2021-10-27,290.63155
2021-10-28,293.57892
2021-10-29,294.52629
2021-10-30,294.52629
2021-10-31,294.52629
2021-11-01,294.52629
2021-11-02,299.0526
2021-11-03,299.57892
2021-11-04,299.57892
2021-11-05,301.15786
2021-11-06,301.15786
2021-11-07,301.15786
2021-11-08,302.10523
2021-11-09,302.42102
2021-11-10,300.10523
2021-11-11,301.68418
2021-11-12,303.99997
2021-11-13,303.99997
2021-11-14,303.99997
2021-11-15,303.57892
2021-11-16,306.10523
2021-11-17,306.10523
2021-11-18,305.99997
2021-11-19,306.10523
2021-11-20,306.10523
2021-11-21,306.10523
2021-11-22,303.47365
2021-11-23,301.78944
2021-11-24,302.10523
2021-11-25,302.10523
2021-11-26,298.31576
2021-11-27,298.31576
2021-11-28,298.31576
2021-11-29,301.57892
2021-11-30,296.52629
2021-12-01,293.57892
2021-12-02,297.89471
2021-12-03,293.0526
2021-12-04,293.0526
2021-12-05,293.0526
2021-12-06,294.84208
2021-12-07,302.10523
2021-12-08,302.42102
2021-12-09,299.15786
2021-12-10,299.78944
2021-12-11,299.78944
2021-12-12,299.78944
2021-12-13,297.78944
2021-12-14,293.89471
2021-12-15,297.26313
2021-12-16,293.78944
2021-12-17,291.0526
2021-12-18,291.0526
2021-12-19,291.0526
2021-12-20,287.99997
2021-12-21,292.52629
2021-12-22,294.73681
2021-12-23,295.99997
2021-12-24,295.99997
2021-12-25,295.99997
2021-12-26,295.99997
2021-12-27,300.2105
2021-12-28,298.52629
2021-12-29,299.68418
2021-12-30,299.99997
2021-12-31,299.15786
2022-01-01,299.15786
2022-01-02,299.15786
2022-01-03,299.15786
2022-01-04,298.31576
2022-01-05,291.36839
2022-01-06,289.99997
2022-01-07,285.36839
2022-01-08,285.36839
2022-01-09,285.36839
2022-01-10,282.63155
2022-01-11,284.31576
2022-01-12,283.89471
2022-01-13,279.26313
2022-01-14,278.10524
2022-01-15,278.10524
2022-01-16,278.10524
2022-01-17,278.10524
2022-01-18,272.52629
2022-01-19,269.89471
2022-01-20,267.68418
2022-01-21,261.99997
2022-01-22,261.99997
2022-01-23,261.99997
2022-01-24,261.15787
2022-01-25,255.89471
2022-01-26,254.73682
2022-01-27,252.31576
2022-01-28,256.94734
2022-01-29,256.94734
2022-01-30,256.94734
2022-01-31,263.57892
2022-02-01,263.57892
2022-02-02,263.57892
2022-02-03,259.78945
2022-02-04,260.94734
2022-02-05,260.94734
2022-02-06,260.94734
2022-02-07,259.99997
2022-02-08,262.31576
2022-02-09,267.47366
2022-02-10,262.73682
2022-02-11,257.78945
2022-02-12,257.78945
2022-02-13,257.78945
2022-02-14,257.26313
2022-02-15,262.63155
2022-02-16,263.05261
2022-02-17,257.47366
2022-02-18,254.42103
2022-02-19,254.42103
2022-02-20,254.42103
2022-02-21,254.42103
2022-02-22,251.15787
2022-02-23,246.63155
2022-02-24,251.68419
2022-02-25,258.31576
2022-02-26,258.31576
2022-02-27,258.31576
2022-02-28,257.99997
2022-03-01,252.10524
2022-03-02,254.94734
2022-03-03,252.84208
2022-03-04,247.3684
2022-03-05,247.3684
2022-03-06,247.3684
2022-03-07,239.47366
2022-03-08,239.15787
2022-03-09,246.94734
2022-03-10,243.68419
2022-03-11,241.26313
2022-03-12,241.26313
2022-03-13,241.26313
2022-03-14,240.31577
2022-03-15,243.99998
2022-03-16,252.31576
2022-03-17,254.84208
2022-03-18,259.57892
2022-03-19,259.57892
2022-03-20,259.57892
2022-03-21,257.26313
2022-03-22,259.68418
2022-03-23,254.31576
2022-03-24,256.52629
2022-03-25,256.2105
2022-03-26,256.2105
2022-03-27,256.2105
2022-03-28,257.99997
2022-03-29,262.52629
2022-03-30,259.47366
2022-03-31,256.2105
2022-04-01,258.52629
2022-04-02,258.52629
2022-04-03,258.52629
2022-04-04,259.89471
2022-04-05,256.84208
2022-04-06,252.73682
2022-04-07,253.99997
2022-04-08,253.26313
2022-04-09,253.26313
2022-04-10,253.26313
2022-04-11,249.78945
2022-04-12,247.47366
2022-04-13,250.52629
2022-04-14,246.31576
2022-04-15,246.31576
2022-04-16,246.31576
2022-04-17,246.31576
2022-04-18,246.31576
2022-04-19,250.42103
2022-04-20,250.73682
2022-04-21,246.73682
2022-04-22,242.2105
2022-04-23,242.2105
2022-04-24,242.2105
2022-04-25,242.94734
2022-04-26,235.3684
2022-04-27,236.31577
2022-04-28,241.89471
2022-04-29,235.3684
2022-04-30,235.3684
2022-05-01,235.3684
2022-05-02,235.3684
2022-05-03,235.3684
2022-05-04,240.94734
2022-05-05,234.31577
2022-05-06,231.15787
2022-05-07,231.15787
2022-05-08,231.15787
2022-05-09,231.15787
2022-05-10,224.94735
2022-05-11,221.3684
2022-05-12,223.05261
2022-05-13,228.2105
2022-05-14,228.2105
2022-05-15,228.2105
2022-05-16,228.2105
2022-05-17,231.57892
2022-05-18,226.31577
2022-05-19,226.2105
2022-05-20,225.68419
2022-05-21,225.68419
2022-05-22,225.68419
2022-05-23,228.42103
2022-05-24,225.3684
2022-05-25,227.26313
2022-05-26,227.26313
2022-05-27,236.94734
2022-05-28,236.94734
2022-05-29,236.94734
2022-05-30,236.94734
2022-05-31,236.2105
2022-06-01,234.42103
2022-06-02,239.57892
2022-06-03,236.10524
2022-06-04,236.10524
2022-06-05,236.10524
2022-06-06,236.10524
2022-06-07,238.84208
2022-06-08,236.73682
2022-06-09,232.84208
2022-06-10,227.26313
2022-06-11,227.26313
2022-06-12,227.26313
2022-06-13,218.10524
2022-06-14,216.2105
2022-06-15,218.84208
2022-06-16,209.89472
2022-06-17,211.05261
2022-06-18,211.05261
2022-06-19,211.05261
2022-06-20,211.05261
2022-06-21,214.42103
2022-06-22,213.89472
2022-06-23,213.89472
2022-06-24,222.10524
2022-06-25,222.10524
2022-06-26,222.10524
2022-06-27,222.2105
2022-06-28,217.89471
2022-06-29,218.10524
2022-06-30,215.89472
2022-07-01,218.2105
2022-07-02,218.2105
2022-07-03,218.2105
2022-07-04,218.2105
2022-07-05,218.84208
2022-07-06,219.89471
2022-07-07,222.94735
2022-07-08,223.05261
2022-07-09,223.05261
2022-07-10,223.05261
2022-07-11,223.05261
2022-07-12,219.89471
2022-07-13,219.15787
2022-07-14,217.3684
2022-07-15,219.78945
2022-07-16,219.78945
2022-07-17,219.78945
2022-07-18,218.10524
2022-07-19,223.99998
2022-07-20,226.31577
2022-07-21,230.52629
2022-07-22,227.3684
2022-07-23,227.3684
2022-07-24,227.3684
2022-07-25,227.26313
2022-07-26,226.31577
2022-07-27,231.15787
2022-07-28,236.63156
2022-07-29,240.31577
2022-07-30,240.31577
2022-07-31,240.31577
2022-08-01,238.84208
2022-08-02,237.57892
2022-08-03,239.99998
2022-08-04,240.63155
2022-08-05,240.10524
2022-08-06,240.10524
2022-08-07,240.10524
2022-08-08,239.78945
2022-08-09,239.78945
2022-08-10,241.68419
2022-08-11,241.26313
2022-08-12,243.99998
2022-08-13,243.99998
2022-08-14,243.99998
2022-08-15,243.99998
2022-08-16,244.73682
2022-08-17,242.5263
2022-08-18,243.57893
2022-08-19,240.63156
2022-08-20,240.63156
2022-08-21,240.63156
2022-08-22,236.31577
2022-08-23,235.05261
2022-08-24,236.42103
2022-08-25,238.73682
2022-08-26,231.47367
2022-08-27,231.47367
2022-08-28,231.47367
2022-08-29,230.10524
2022-08-30,228.73682
2022-08-31,227.15788
2022-09-01,226.5263
2022-09-02,224.73682
2022-09-03,224.73682
2022-09-04,224.73682
2022-09-05,224.73682
2022-09-06,224.73682
2022-09-07,228.84209
2022-09-08,231.47367
2022-09-09,234.10524
2022-09-10,234.10524
2022-09-11,234.10524
2022-09-12,236.10524
2022-09-13,228.10524
2022-09-14,228.31577
2022-09-15,225.26314
2022-09-16,221.89472
2022-09-17,221.89472
2022-09-18,221.89472
2022-09-19,223.3684
2022-09-20,220.5263
2022-09-21,219.05261
2022-09-22,215.57893
2022-09-23,213.15788
2022-09-24,213.15788
2022-09-25,213.15788
2022-09-26,211.47367
2022-09-27,211.15788
2022-09-28,214.63156
2022-09-29,210.42104
2022-09-30,209.47367
2022-10-01,209.47367
2022-10-02,209.47367
2022-10-03,214.5263
2022-10-04,221.26314
2022-10-05,221.05261
2022-10-06,218.63156
2022-10-07,212.84209
2022-10-08,212.84209
2022-10-09,212.84209
2022-10-10,211.26314
2022-10-11,209.05261
2022-10-12,207.3684
2022-10-13,210.84209
2022-10-14,205.26314
2022-10-15,205.26314
2022-10-16,205.26314
2022-10-17,210.31577
2022-10-18,212.84209
2022-10-19,210.31577
2022-10-20,207.89472
2022-10-21,209.99998
2022-10-22,209.99998
2022-10-23,209.99998
2022-10-24,209.99998
2022-10-25,216.94735
2022-10-26,215.3684
2022-10-27,213.99998
2022-10-28,217.99998
2022-10-29,217.99998
2022-10-30,217.99998
2022-10-31,216.63156
2022-11-01,216.63156
2022-11-02,211.57893
2022-11-03,210.42104
2022-11-04,212.5263
2022-11-05,212.5263
2022-11-06,212.5263
2022-11-07,214.5263
2022-11-08,215.89472
2022-11-09,212.63156
2022-11-10,224.21051
2022-11-11,226.73682
2022-11-12,226.73682
2022-11-13,226.73682
2022-11-14,223.68419
2022-11-15,226.10524
2022-11-16,223.78946
2022-11-17,222.94735
2022-11-18,224.21051
2022-11-19,224.21051
2022-11-20,224.21051
2022-11-21,224.10524
2022-11-22,226.42103
2022-11-23,228.21051
2022-11-24,228.21051
2022-11-25,228.31577
2022-11-26,228.31577
2022-11-27,228.31577
2022-11-28,224.73682
2022-11-29,223.15788
2022-11-30,228.63156
2022-12-01,229.15788
2022-12-02,228.84209
2022-12-03,228.84209
2022-12-04,228.84209
2022-12-05,225.47367
2022-12-06,223.15788
2022-12-07,222.31577
2022-12-08,224.21051
2022-12-09,223.47367
2022-12-10,223.47367
2022-12-11,223.47367
2022-12-12,226.5263
2022-12-13,228.21051
2022-12-14,226.42103
2022-12-15,222.31577
2022-12-16,219.05261
2022-12-17,219.05261
2022-12-18,219.05261
2022-12-19,216.5263
2022-12-20,216.31577
2022-12-21,219.15788
2022-12-22,216.63156
2022-12-23,216.63156
2022-12-24,216.63156
2022-12-25,216.63156
2022-12-26,216.63156
2022-12-27,215.99998
2022-12-28,213.78946
2022-12-29,217.05261
2022-12-30,215.05261
2022-12-31,215.05261
2023-01-01,215.05261
2023-01-02,215.05261
2023-01-03,216.5263
2023-01-04,218.42103
2023-01-05,215.57893
2023-01-06,218.31577
2023-01-07,218.31577
2023-01-08,218.31577
2023-01-09,219.05261
2023-01-10,221.47367
2023-01-11,223.26314
2023-01-12,223.05261
2023-01-13,223.26314
2023-01-14,223.26314
2023-01-15,223.26314
2023-01-16,223.26314
2023-01-17,223.99998
2023-01-18,222.21051
2023-01-19,220.31577
2023-01-20,222.84209
2023-01-21,222.84209
2023-01-22,222.84209
2023-01-23,222.84209
2023-01-24,222.84209
2023-01-25,222.63156
2023-01-26,224.21051
2023-01-27,223.89472
2023-01-28,223.89472
2023-01-29,223.89472
2023-01-30,221.68419
2023-01-31,224.21051
2023-02-01,226.42103
2023-02-02,230.21051
2023-02-03,229.78945
2023-02-04,229.78945
2023-02-05,229.78945
2023-02-06,228.21051
2023-02-07,230.10524
2023-02-08,228.5263
2023-02-09,227.26314
2023-02-10,227.78946
2023-02-11,227.78946
2023-02-12,227.78946
2023-02-13,229.57893
2023-02-14,229.47367
2023-02-15,230.84209
2023-02-16,229.05261
2023-02-17,228.63156
2023-02-18,228.63156
2023-02-19,228.63156
2023-02-20,228.5263
2023-02-21,224.73682
2023-02-22,223.57893
2023-02-23,225.05261
2023-02-24,222.84209
2023-02-25,222.84209
2023-02-26,222.84209
2023-02-27,222.94735
2023-02-28,222.63156
2023-03-01,221.68419
2023-03-02,224.10524
2023-03-03,226.5263
2023-03-04,226.5263
2023-03-05,226.5263
2023-03-06,225.89472
2023-03-07,224.21051
2023-03-08,224.73682
2023-03-09,220.63156
2023-03-10,215.3684
2023-03-11,215.3684
2023-03-12,215.3684
2023-03-13,214.63156
2023-03-14,217.78946
2023-03-15,214.94735
2023-03-16,218.21051
2023-03-17,215.26314
2023-03-18,215.26314
2023-03-19,215.26314
2023-03-20,216.84209
2023-03-21,219.47367
2023-03-22,216.42103
2023-03-23,217.47367
2023-03-24,217.89472
2023-03-25,217.89472
2023-03-26,217.89472
2023-03-27,218.21051
2023-03-28,217.26314
2023-03-29,220.5263
2023-03-30,222.31577
2023-03-31,225.26314
2023-04-01,225.26314
2023-04-02,225.26314
2023-04-03,223.47367
2023-04-04,221.99998
2023-04-05,220.84209
2023-04-06,220.94735
2023-04-07,220.94735
2023-04-08,220.94735
2023-04-09,220.94735
2023-04-10,220.94735
2023-04-11,221.68419
2023-04-12,221.47367
2023-04-13,223.47367
2023-04-14,223.78946
2023-04-15,223.78946
2023-04-16,223.78946
2023-04-17,224.10524
2023-04-18,223.99998
2023-04-19,223.26314
2023-04-20,222.5263
2023-04-21,223.26314
2023-04-22,223.26314
2023-04-23,223.26314
2023-04-24,223.3684
2023-04-25,218.73682
2023-04-26,217.78946
2023-04-27,219.26314
2023-04-28,221.57893
2023-04-29,221.57893
2023-04-30,221.57893
2023-05-01,221.57893
2023-05-02,221.15788
2023-05-03,219.78946
2023-05-04,218.10525
2023-05-05,219.3684
2023-05-06,219.3684
2023-05-07,219.3684
2023-05-08,219.3684
2023-05-09,219.3684
2023-05-10,219.47367
2023-05-11,220.94735
2023-05-12,221.99998
2023-05-13,221.99998
2023-05-14,221.99998
2023-05-15,222.84209
2023-05-16,222.21051
2023-05-17,223.89472
2023-05-18,223.89472
2023-05-19,226.10524
2023-05-20,226.10524
2023-05-21,226.10524
2023-05-22,227.05261
2023-05-23,224.21051
2023-05-24,221.68419
2023-05-25,224.10524
2023-05-26,227.3684
2023-05-27,227.3684
2023-05-28,227.3684
2023-05-29,227.3684
2023-05-30,225.68419
2023-05-31,225.05261
2023-06-01,227.26314
2023-06-02,227.26314
2023-06-03,227.26314
2023-06-04,227.26314
2023-06-05,230.73682
2023-06-06,232.10524
2023-06-07,231.3684
2023-06-08,231.26314
2023-06-09,231.57893
2023-06-10,231.57893
2023-06-11,231.57893
2023-06-12,235.05261
2023-06-13,236.73682
2023-06-14,237.05261
2023-06-15,239.05261
2023-06-16,239.05261
2023-06-17,239.05261
2023-06-18,239.05261
2023-06-19,239.05261
2023-06-20,237.89472
2023-06-21,235.99998
2023-06-22,236.31577
2023-06-23,236.31577
2023-06-24,236.31577
2023-06-25,236.31577
2023-06-26,235.3684
2023-06-27,237.05261
2023-06-28,237.89472
2023-06-29,237.89472
2023-06-30,241.78945
2023-07-01,241.78945
2023-07-02,241.78945
2023-07-03,240.94735
2023-07-04,240.94735
2023-07-05,239.99998
2023-07-06,237.68419
2023-07-07,236.42103
2023-07-08,236.42103
2023-07-09,236.42103
2023-07-10,238.31577
2023-07-11,238.84209
2023-07-12,239.05261
2023-07-13,239.89472
2023-07-14,239.89472
2023-07-15,239.89472
2023-07-16,239.89472
2023-07-17,240.5263
2023-07-18,241.47366
2023-07-19,241.89472
2023-07-20,240.42103
2023-07-21,241.68419
2023-07-22,241.68419
2023-07-23,241.68419
2023-07-24,241.57893
2023-07-25,242.94735
2023-07-26,241.89472
2023-07-27,241.47366
2023-07-28,242.94735
2023-07-29,242.94735
2023-07-30,242.94735
2023-07-31,242.10524
2023-08-01,241.78945
2023-08-02,239.68419
2023-08-03,238.31577
2023-08-04,237.3684
2023-08-05,237.3684
2023-08-06,237.3684
2023-08-07,239.05261
2023-08-08,238.84209
2023-08-09,238.84209
2023-08-10,238.5263
2023-08-11,237.68419
2023-08-12,237.68419
2023-08-13,237.68419
2023-08-14,238.84209
2023-08-15,238.84209
2023-08-16,234.31577
2023-08-17,231.6842
2023-08-18,230.5263
2023-08-19,230.5263
2023-08-20,230.5263
2023-08-21,231.6842
2023-08-22,231.57893
2023-08-23,233.47367
2023-08-24,231.26314
2023-08-25,232.84209
2023-08-26,232.84209
2023-08-27,232.84209
2023-08-28,234.5263
2023-08-29,236.73683
2023-08-30,236.84209
2023-08-31,236.63156
2023-09-01,236.63156
2023-09-02,236.63156
2023-09-03,236.63156
2023-09-04,236.63156
2023-09-05,237.36841
2023-09-06,237.36841
2023-09-07,236.5263
2023-09-08,235.36841
2023-09-09,235.36841
2023-09-10,235.36841
2023-09-11,235.78946
2023-09-12,234.5263
2023-09-13,234.84209
2023-09-14,236.63156
2023-09-15,234.94735
2023-09-16,234.94735
2023-09-17,234.94735
2023-09-18,234.73683
2023-09-19,234.5263
2023-09-20,233.57893
2023-09-21,229.47367
2023-09-22,229.6842
2023-09-23,229.6842
2023-09-24,229.6842
2023-09-25,229.78946
2023-09-26,226.73683
2023-09-27,227.05262
2023-09-28,227.47367
2023-09-29,227.26314
2023-09-30,227.26314
2023-10-01,227.26314
2023-10-02,226.42104
2023-10-03,223.99999
2023-10-04,225.89472
2023-10-05,225.05262
2023-10-06,227.6842
2023-10-07,227.6842
2023-10-08,227.6842
2023-10-09,228.10525
2023-10-10,230.10525
2023-10-11,230.94735
2023-10-12,229.89472
2023-10-13,227.99999
2023-10-14,227.99999
2023-10-15,227.99999
2023-10-16,229.89472
2023-10-17,229.89472
2023-10-18,226.84209
2023-10-19,224.42104
2023-10-20,221.89472
2023-10-21,221.89472
2023-10-22,221.89472
2023-10-23,220.21051
2023-10-24,219.89472
2023-10-25,217.57893
2023-10-26,217.26314
2023-10-27,215.6842
2023-10-28,215.6842
2023-10-29,215.6842
2023-10-30,215.78946
2023-10-31,217.99999
2023-11-01,217.99999
2023-11-02,222.73683
2023-11-03,224.31578
2023-11-04,224.31578
2023-11-05,224.31578
2023-11-06,223.36841
2023-11-07,224.84209
2023-11-08,225.26314
2023-11-09,224.21051
2023-11-10,227.26314
2023-11-11,227.26314
2023-11-12,227.26314
2023-11-13,227.26314
2023-11-14,230.31577
2023-11-15,231.47367
2023-11-16,231.05262
2023-11-17,231.36841
2023-11-18,231.36841
2023-11-19,231.36841
2023-11-20,231.99999
2023-11-21,231.89472
2023-11-22,233.36841
2023-11-23,233.36841
2023-11-24,233.6842
2023-11-25,233.6842
2023-11-26,233.6842
2023-11-27,232.42104
2023-11-28,230.94735
2023-11-29,232.10525
2023-11-30,233.36841
2023-12-01,234.84209
2023-12-02,234.84209
2023-12-03,234.84209
2023-12-04,234.31577
2023-12-05,233.36841
2023-12-06,233.89472
2023-12-07,234.73683
2023-12-08,235.89472
2023-12-09,235.89472
2023-12-10,235.89472
2023-12-11,237.78946
2023-12-12,238.31577
2023-12-13,240.5263
2023-12-14,241.15788
2023-12-15,240.94735
2023-12-16,240.94735
2023-12-17,240.94735
2023-12-18,241.47367
2023-12-19,243.05262
2023-12-20,239.99998
2023-12-21,242.21051
2023-12-22,242.31577
2023-12-23,242.31577
2023-12-24,242.31577
2023-12-25,242.31577
2023-12-26,242.31577
2023-12-27,243.47367
2023-12-28,243.78946
2023-12-29,243.26314
2023-12-30,243.26314
2023-12-31,243.26314
2024-01-01,243.26314
2024-01-02,241.47367
2024-01-03,238.21051
2024-01-04,237.6842
2024-01-05,237.36841
2024-01-06,237.36841
2024-01-07,237.36841
2024-01-08,240.5263
2024-01-09,240.10525
2024-01-10,241.78946
2024-01-11,241.89472
2024-01-12,242.31577
2024-01-13,242.31577
2024-01-14,242.31577
2024-01-15,242.31577
2024-01-16,242.42104
2024-01-17,240.84209
2024-01-18,243.15788
2024-01-19,244.73683
2024-01-20,244.73683
2024-01-21,244.73683
2024-01-22,246.21051
2024-01-23,246.21051
2024-01-24,245.78946
2024-01-25,246.63156
2024-01-26,246.5263
2024-01-27,246.5263
2024-01-28,246.5263
2024-01-29,248.42104
2024-01-30,248.10525
2024-01-31,245.15788
2024-02-01,247.89472
2024-02-02,248.42104
2024-02-03,248.42104
2024-02-04,248.42104
2024-02-05,248.5263
2024-02-06,248.73683
2024-02-07,250.5263
2024-02-08,252.31577
2024-02-09,254.21051
2024-02-10,254.21051
2024-02-11,254.21051
2024-02-12,254.21051
2024-02-13,251.47367
2024-02-14,254.73683
2024-02-15,255.3684
2024-02-16,254.63156
2024-02-17,254.63156
2024-02-18,254.63156
2024-02-19,254.63156
2024-02-20,252.73683
2024-02-21,251.15788
2024-02-22,255.78946
2024-02-23,256.5263
2024-02-24,256.5263
2024-02-25,256.5263
2024-02-26,257.05262
2024-02-27,257.47367
2024-02-28,256.84209
2024-02-29,257.15788
2024-03-01,259.15788
2024-03-02,259.15788
2024-03-03,259.15788
2024-03-04,259.47367
2024-03-05,257.26314
2024-03-06,258.73683
2024-03-07,261.15788
2024-03-08,258.73683
2024-03-09,258.73683
2024-03-10,258.73683
2024-03-11,257.47367
2024-03-12,260.63156
2024-03-13,259.68419
2024-03-14,258.10525
2024-03-15,255.57893
2024-03-16,255.57893
2024-03-17,255.57893
2024-03-18,256.31577
2024-03-19,257.99998
2024-03-20,259.26314
2024-03-21,261.3684
2024-03-22,261.57893
2024-03-23,261.57893
2024-03-24,261.57893
2024-03-25,259.68419
2024-03-26,259.05262
2024-03-27,261.05261
2024-03-28,261.57893
2024-03-29,261.57893
2024-03-30,261.57893
2024-03-31,261.57893
2024-04-01,261.57893
2024-04-02,257.68419
2024-04-03,256.84209
2024-04-04,254.42104
2024-04-05,256.84209
2024-04-06,256.84209
2024-04-07,256.84209
2024-04-08,256.5263
2024-04-09,257.47367
2024-04-10,257.47367
2024-04-11,255.89472
2024-04-12,252.73683
2024-04-13,252.73683
2024-04-14,252.73683
2024-04-15,250.63156
2024-04-16,250.10525
2024-04-17,248.21051
2024-04-18,246.94735
2024-04-19,244.84209
2024-04-20,244.84209
2024-04-21,244.84209
2024-04-22,247.57893
2024-04-23,250.5263
2024-04-24,250.94735
2024-04-25,250.21051
2024-04-26,251.99998
2024-04-27,251.99998
2024-04-28,251.99998
2024-04-29,252.31577
2024-04-30,249.47367
2024-05-01,249.47367
2024-05-02,249.99998
2024-05-03,252.10525
2024-05-04,252.10525
2024-05-05,252.10525
2024-05-06,255.78946
2024-05-07,257.05262
2024-05-08,257.26314
2024-05-09,257.26314
2024-05-10,259.99998
2024-05-11,259.99998
2024-05-12,259.99998
2024-05-13,258.42104
2024-05-14,260.31577
2024-05-15,263.26314
2024-05-16,261.89472
2024-05-17,262.10525
2024-05-18,262.10525
2024-05-19,262.10525
2024-05-20,262.10525
2024-05-21,261.47367
2024-05-22,261.47367
2024-05-23,261.68419
2024-05-24,263.15788
2024-05-25,263.15788
2024-05-26,263.15788
2024-05-27,263.05261
2024-05-28,261.89472
2024-05-29,258.63156
2024-05-30,257.47367
2024-05-31,258.63156
2024-06-01,258.63156
2024-06-02,258.63156
2024-06-03,257.3684
2024-06-04,257.47367
2024-06-05,261.3684
2024-06-06,260.5263
2024-06-07,260.21051
2024-06-08,260.21051
2024-06-09,260.21051
2024-06-10,261.15788
2024-06-11,260.10525
2024-06-12,262.10525
2024-06-13,262.31577
2024-06-14,261.99998
2024-06-15,261.99998
2024-06-16,261.99998
2024-06-17,261.99998
2024-06-18,264.10525
2024-06-19,264.10525
2024-06-20,264.31577
2024-06-21,265.05261
2024-06-22,265.05261
2024-06-23,265.05261
2024-06-24,263.26314
2024-06-25,264.21051
2024-06-26,263.99998
2024-06-27,264.42104
2024-06-28,263.26314
2024-06-29,263.26314
2024-06-30,263.26314
2024-07-01,262.5263
2024-07-02,263.15788
2024-07-03,264.94735
2024-07-04,264.94735
2024-07-05,264.94735
2024-07-06,264.94735
2024-07-07,264.94735
2024-07-08,265.15788
2024-07-09,264.42104
2024-07-10,266.10525
2024-07-11,265.89472
2024-07-12,268.42104
2024-07-13,268.42104
2024-07-14,268.42104
2024-07-15,268.42104
2024-07-16,271.57893
2024-07-17,266.21051
2024-07-18,264.5263
2024-07-19,263.26314
2024-07-20,263.26314
2024-07-21,263.26314
2024-07-22,267.47367
2024-07-23,265.68419
2024-07-24,261.15788
2024-07-25,258.94735
2024-07-26,263.47367
2024-07-27,263.47367
2024-07-28,263.47367
2024-07-29,263.78946
2024-07-30,262.63156
2024-07-31,266.84209
2024-08-01,264.10525
2024-08-02,257.57893
2024-08-03,257.57893
2024-08-04,257.57893
2024-08-05,251.47367
2024-08-06,254.42104
2024-08-07,253.15788
2024-08-08,258.73683
2024-08-09,258.73683
2024-08-10,258.73683
2024-08-11,258.73683
2024-08-12,257.89472
2024-08-13,261.05261
2024-08-14,261.57893
2024-08-15,261.57893
2024-08-16,265.05261
2024-08-17,265.05261
2024-08-18,265.05261
2024-08-19,266.31577
2024-08-20,265.3684
2024-08-21,267.05261
2024-08-22,265.89472
2024-08-23,266.63156
2024-08-24,266.63156
2024-08-25,266.63156
2024-08-26,265.78946
2024-08-27,266.5263
2024-08-28,265.47367
2024-08-29,266.94735
2024-08-30,268.94735
2024-08-31,268.94735
2024-09-01,268.94735
2024-09-02,268.94735
2024-09-03,262.84209
2024-09-04,262.10525
2024-09-05,260.42104
2024-09-06,256.31577
2024-09-07,256.31577
2024-09-08,256.31577
2024-09-09,260.10525
2024-09-10,260.10525
2024-09-11,263.26314
2024-09-12,265.3684
2024-09-13,265.47367
2024-09-14,265.47367
2024-09-15,265.47367
2024-09-16,265.26314
2024-09-17,264.63156
2024-09-18,263.26314
2024-09-19,267.05261
2024-09-20,265.57893
2024-09-21,265.57893
2024-09-22,265.57893
2024-09-23,266.94735
2024-09-24,265.99998
2024-09-25,266.21051
2024-09-26,267.3684
2024-09-27,266.10525
2024-09-28,266.10525
2024-09-29,266.10525
2024-09-30,266.84209
2024-10-01,264.84209
2024-10-02,265.99998
2024-10-03,266.21051
2024-10-04,268.84209
2024-10-05,268.84209
2024-10-06,268.84209
2024-10-07,265.89472
2024-10-08,268.10525
2024-10-09,270.63156
2024-10-10,269.47367
2024-10-11,271.47367
2024-10-12,271.47367
2024-10-13,271.47367
2024-10-14,274.31577
2024-10-15,270.94735
2024-10-16,272.10525
2024-10-17,272.73682
2024-10-18,272.94735
2024-10-19,272.94735
2024-10-20,272.94735
2024-10-21,272.84209
2024-10-22,271.15788
2024-10-23,270.5263
2024-10-24,269.15788
2024-10-25,269.47367
2024-10-26,269.47367
2024-10-27,269.47367
2024-10-28,270.63156
2024-10-29,272.10525
2024-10-30,270.21051
2024-10-31,270.21051
2024-11-01,270.21051
2024-11-02,270.21051
2024-11-03,270.21051
2024-11-04,265.47367
2024-11-05,267.68419
2024-11-06,272.42103
2024-11-07,271.26314
2024-11-08,271.99998
2024-11-09,271.99998
2024-11-10,271.99998
2024-11-11,273.05261
2024-11-12,272.31577
2024-11-13,271.68419
2024-11-14,269.26314
2024-11-15,264.73682
2024-11-16,264.73682
2024-11-17,264.73682
2024-11-18,264.73682
2024-11-19,265.57893
2024-11-20,267.47367
2024-11-21,271.05261
2024-11-22,273.78946
2024-11-23,273.78946
2024-11-24,273.78946
2024-11-25,276.21051
2024-11-26,275.57893
2024-11-27,273.05261
2024-11-28,273.05261
2024-11-29,273.15788
2024-11-30,273.15788
2024-12-01,273.15788
2024-12-02,274.63156
2024-12-03,273.78946
2024-12-04,275.68419
2024-12-05,273.05261
2024-12-06,273.47367
2024-12-07,273.47367
2024-12-08,273.47367
2024-12-09,271.26314
2024-12-10,269.68419
2024-12-11,272.31577
2024-12-12,270.5263
2024-12-13,269.57893
2024-12-14,269.57893
2024-12-15,269.57893
2024-12-16,269.89472
2024-12-17,268.42103
2024-12-18,263.89472
2024-12-19,263.68419
2024-12-20,265.15788
2024-12-21,265.15788
2024-12-22,265.15788
2024-12-23,266.73682
2024-12-24,268.84209
2024-12-25,268.84209
2024-12-26,268.84209
2024-12-27,266.63156
2024-12-28,266.63156
2024-12-29,266.63156
2024-12-30,265.15788
2024-12-31,264.94735
2025-01-01,264.94735
2025-01-02,266.21051
2025-01-03,269.47367
2025-01-04,269.47367
2025-01-05,269.47367
2025-01-06,269.05261
2025-01-07,267.99998
2025-01-08,268.63156
2025-01-09,268.63156
2025-01-10,264.94735
2025-01-11,264.94735
2025-01-12,264.94735
2025-01-13,263.78946
2025-01-14,263.78946
2025-01-15,267.26314
2025-01-16,269.26314
2025-01-17,271.57893
2025-01-18,271.57893
2025-01-19,271.57893
2025-01-20,271.57893
2025-01-21,272.63156
2025-01-22,275.57893
2025-01-23,275.99998
2025-01-24,273.78946
2025-01-25,273.78946
2025-01-26,273.78946
2025-01-27,267.57893
2025-01-28,271.3684
2025-01-29,271.3684
2025-01-30,271.3684
2025-01-31,272.42103
2025-02-01,272.42103
2025-02-02,272.42103
2025-02-03,269.57893
2025-02-04,269.05261
2025-02-05,271.05261
2025-02-06,270.73682
2025-02-07,269.47367
2025-02-08,269.47367
2025-02-09,269.47367
2025-02-10,271.26314
2025-02-11,269.89472
2025-02-12,268.5263
2025-02-13,268.5263
2025-02-14,266.84209
2025-02-15,266.84209
2025-02-16,266.84209
2025-02-17,266.84209
2025-02-18,269.26314
2025-02-19,267.78946
2025-02-20,265.26314
2025-02-21,260.84209
2025-02-22,260.84209
2025-02-23,260.84209
2025-02-24,259.47367
2025-02-25,258.21051
2025-02-26,259.57893
2025-02-27,255.99998
2025-02-28,258.21051
2025-03-01,258.21051
2025-03-02,258.21051
2025-03-03,253.3684
2025-03-04,249.99998
2025-03-05,252.5263
2025-03-06,247.99998
2025-03-07,249.57893
2025-03-08,249.57893
2025-03-09,249.57893
2025-03-10,243.57893
2025-03-11,242.63156
2025-03-12,244.73683
2025-03-13,242.21051
2025-03-14,246.73683
2025-03-15,246.73683
2025-03-16,246.73683
2025-03-17,248.73683
2025-03-18,246.63156
2025-03-19,249.26314
2025-03-20,248.63156
2025-03-21,248.31577
2025-03-22,248.31577
2025-03-23,248.31577
2025-03-24,251.99998
2025-03-25,251.68419
2025-03-26,248.10525
2025-03-27,247.3684
2025-03-28,243.57893
2025-03-29,243.57893
2025-03-30,243.57893
2025-03-31,243.57893
2025-04-01,244.10525
2025-04-02,246.21051
2025-04-03,233.78946
2025-04-04,221.6842
2025-04-05,221.6842
2025-04-06,221.6842
2025-04-07,221.05262
2025-04-08,218.10525
2025-04-09,235.47367
2025-04-10,225.99998
2025-04-11,227.6842
2025-04-12,227.6842
2025-04-13,227.6842
2025-04-14,229.36841
2025-04-15,231.15788
2025-04-16,226.10525
2025-04-17,227.47367
2025-04-18,227.47367
2025-04-19,227.47367
2025-04-20,227.47367
2025-04-21,227.47367
2025-04-22,227.78946
2025-04-23,233.47367
2025-04-24,236.42104
2025-04-25,238.42104
2025-04-26,238.42104
2025-04-27,238.42104
2025-04-28,237.78946
2025-04-29,239.57893
2025-04-30,240.5263
2025-05-01,240.5263
2025-05-02,243.57893
2025-05-03,243.57893
2025-05-04,243.57893
2025-05-05,241.05262
2025-05-06,240.21051
2025-05-07,243.47367
2025-05-08,247.15788
2025-05-09,247.15788
2025-05-10,247.15788
2025-05-11,247.15788
2025-05-12,247.15788
2025-05-13,256.5263
2025-05-14,256.42104
2025-05-15,255.89472
2025-05-16,257.68419
2025-05-17,257.68419
2025-05-18,257.68419
2025-05-19,256.94735
2025-05-20,256.94735
2025-05-21,251.89472
2025-05-22,252.10525
2025-05-23,250.10525
2025-05-24,250.10525
2025-05-25,250.10525
2025-05-26,250.10525
2025-05-27,255.57893
2025-05-28,253.3684
2025-05-29,253.3684
2025-05-30,253.3684
2025-05-31,253.3684
2025-06-01,253.3684
2025-06-02,253.26314
2025-06-03,255.3684
2025-06-04,254.94735
2025-06-05,255.57893
2025-06-06,257.26314
2025-06-07,257.26314
2025-06-08,257.26314
2025-06-09,257.26314
2025-06-10,258.42104
2025-06-11,258.21051
2025-06-12,257.68419
2025-06-13,253.99998
2025-06-14,253.99998
2025-06-15,253.99998
2025-06-16,256.63156
2025-06-17,255.57893
2025-06-18,255.05261
2025-06-19,255.05261
2025-06-20,254.5263
2025-06-21,254.5263
2025-06-22,254.5263
2025-06-23,254.5263
2025-06-24,258.73682
2025-06-25,258.5263
2025-06-26,260.42104
2025-06-27,261.68419
2025-06-28,261.68419
2025-06-29,261.68419
2025-06-30,261.68419
2025-07-01,261.99998
2025-07-02,262.94735
2025-07-03,265.47367
2025-07-04,265.47367
2025-07-05,265.47367
2025-07-06,265.47367
2025-07-07,263.99998
2025-07-08,263.89472
2025-07-09,264.94735
2025-07-10,264.42104
2025-07-11,262.31577
2025-07-12,262.31577
2025-07-13,262.31577
2025-07-14,263.15788
2025-07-15,263.47367
2025-07-16,264.31577
2025-07-17,267.26314
2025-07-18,267.05261
2025-07-19,267.05261
2025-07-20,267.05261
2025-07-21,265.26314
2025-07-22,264.42104
2025-07-23,266.21051
2025-07-24,265.68419
2025-07-25,266.84209
2025-07-26,266.84209
2025-07-27,266.84209
2025-07-28,267.15788
2025-07-29,267.47367
2025-07-30,267.47367
2025-07-31,265.26314
2025-08-01,260.21051
2025-08-02,260.21051
2025-08-03,260.21051
2025-08-04,263.47367
2025-08-05,262.31577
2025-08-06,261.3684
2025-08-07,261.47367
2025-08-08,263.05261
2025-08-09,263.05261
2025-08-10,263.05261
2025-08-11,261.89472
2025-08-12,265.3684
2025-08-13,266.21051
2025-08-14,265.05261
2025-08-15,264.94735
2025-08-16,264.94735
2025-08-17,264.94735
2025-08-18,266.10524
2025-08-19,264.94735
2025-08-20,263.89472
2025-08-21,263.57893
2025-08-22,266.94735
2025-08-23,266.94735
2025-08-24,266.94735
2025-08-25,266.21051
2025-08-26,267.47367
2025-08-27,267.78946
2025-08-28,268.31577
2025-08-29,266.5263
2025-08-30,266.5263
2025-08-31,266.5263
2025-09-01,266.5263
2025-09-02,265.3684
2025-09-03,266.21051
2025-09-04,267.99998
2025-09-05,267.57893
2025-09-06,267.57893
2025-09-07,267.57893
2025-09-08,268.63156
2025-09-09,268.31577
2025-09-10,268.5263
2025-09-11,271.15788
2025-09-12,271.15788
2025-09-13,271.15788
2025-09-14,271.15788
2025-09-15,270.84209
2025-09-16,268.42103
2025-09-17,269.15788
2025-09-18,272.94735
2025-09-19,273.05261
2025-09-20,273.05261
2025-09-21,273.05261
2025-09-22,273.47367
2025-09-23,271.78945
2025-09-24,270.94735
2025-09-25,270.94735
2025-09-26,270.5263
2025-09-27,270.5263
2025-09-28,270.5263
2025-09-29,271.3684
2025-09-30,272.5263
2025-10-01,272.31577
2025-10-02,272.94735
2025-10-03,273.26314
2025-10-04,273.26314
2025-10-05,273.26314
2025-10-06,274.5263
2025-10-07,273.3684
2025-10-08,275.89472
2025-10-09,275.26314
2025-10-10,266.94735
2025-10-11,266.94735
2025-10-12,266.94735
2025-10-13,272.31577
2025-10-14,271.78945
2025-10-15,272.42103
2025-10-16,270.94735
2025-10-17,271.26314
2025-10-18,271.26314
2025-10-19,271.26314
2025-10-20,271.26314
2025-10-21,275.78945
2025-10-22,273.47367
2025-10-23,276.94735
2025-10-24,278.21051
2025-10-25,278.21051
2025-10-26,278.21051
2025-10-27,280.10524
2025-10-28,280.31577
2025-10-29,279.26314
2025-10-30,277.57893
2025-10-31,276.94735
2025-11-01,276.94735
2025-11-02,276.94735
2025-11-03,277.99998
2025-11-04,275.47367
2025-11-05,276.63156
2025-11-06,270.84209
2025-11-07,270.21051
2025-11-08,270.21051
2025-11-09,270.21051
2025-11-10,273.05261
2025-11-11,273.26314
2025-11-12,274.42103
2025-11-13,268.94735
2025-11-14,267.89472
2025-11-15,267.89472
2025-11-16,267.89472
2025-11-17,265.47367
2025-11-18,262.42103
2025-11-19,263.05261
2025-11-20,258.10525
2025-11-21,260.5263
2025-11-22,260.5263
2025-11-23,260.5263
2025-11-24,262.94735
2025-11-25,265.68419
2025-11-26,266.10524
2025-11-27,266.10524
2025-11-28,266.94735
2025-11-29,266.94735
2025-11-30,266.94735
2025-12-01,264.31577
2025-12-02,265.57893
2025-12-03,266.42103
2025-12-04,267.68419
2025-12-05,268.10524
2025-12-06,268.10524
2025-12-07,268.10524
2025-12-08,267.99998
2025-12-09,267.26314
2025-12-10,268.73682
2025-12-11,268.63156
2025-12-12,265.68419
2025-12-13,265.68419
2025-12-14,265.68419
2025-12-15,263.57893
2025-12-16,261.89472
2025-12-17,259.99998
2025-12-18,262.10524
2025-12-19,264.21051
2025-12-20,264.21051
2025-12-21,264.21051
2025-12-22,264.73682
2025-12-23,265.15788
2025-12-24,265.3684
2025-12-25,265.3684
2025-12-26,265.26314
2025-12-27,265.26314
2025-12-28,265.26314
2025-12-29,265.26314
2025-12-30,264.31577
2025-12-31,262.63156
2026-01-01,262.63156
2026-01-02,263.99998
2026-01-03,263.99998
2026-01-04,263.99998
2026-01-05,265.99998
2026-01-06,267.68419
2026-01-07,267.47367
2026-01-08,266.5263
2026-01-09,267.89472
2026-01-10,267.89472
2026-01-11,267.89472
2026-01-12,267.26314
2026-01-13,266.31577
2026-01-14,265.47367
2026-01-15,267.05261
2026-01-16,266.94735
2026-01-17,266.94735
2026-01-18,266.94735
2026-01-19,266.94735
2026-01-20,261.05261
2026-01-21,263.3684
2026-01-22,264.31577
2026-01-23,262.94735
2026-01-24,262.94735
2026-01-25,262.94735
2026-01-26,263.57893
2026-01-27,263.99998
2026-01-28,263.89472
2026-01-29,261.99998
2026-01-30,261.3684
2026-01-31,261.3684
2026-02-01,261.3684
2026-02-02,262.94735
2026-02-03,260.10525
2026-02-04,258.10525
2026-02-05,253.78946
2026-02-06,258.21051
2026-02-07,258.21051
2026-02-08,258.21051
2026-02-09,260.10525
2026-02-10,259.47367
2026-02-11,257.89472
2026-02-12,252.21051
2026-02-13,253.05261
2026-02-14,253.05261
2026-02-15,253.05261
2026-02-16,253.05261
2026-02-17,253.05261
2026-02-18,253.05261
2026-02-19,255.78946
2026-02-20,256.31577
2026-02-21,256.31577
2026-02-22,256.31577
2026-02-23,251.99998
2026-02-24,254.42103
2026-02-25,255.89472
2026-02-26,255.99998
2026-02-27,255.47367
2026-02-28,255.47367
2026-03-01,255.47367
2026-03-02,256.94735
2026-03-03,251.78946
2026-03-04,252.5263
2026-03-05,250.84209
2026-03-06,246.94735
2026-03-07,246.94735
2026-03-08,246.94735
2026-03-09,248.63156
2026-03-10,247.78946
2026-03-11,247.78946
2026-03-12,243.3684
2026-03-13,242.21051
2026-03-14,242.21051
2026-03-15,242.21051
2026-03-16,243.89472
2026-03-17,244.10525
2026-03-18,241.68419
2026-03-19,240.42104
2026-03-20,236.21051
2026-03-21,236.21051
2026-03-22,236.21051
2026-03-23,239.57893
2026-03-24,239.68419
2026-03-25,241.99998
2026-03-26,237.89472
2026-03-27,235.15788
2026-03-28,235.15788
2026-03-29,235.15788
2026-03-30,235.05262
2026-03-31,241.68419
2026-04-01,243.89472
2026-04-02,244.31577
2026-04-03,244.31577
2026-04-04,244.31577
2026-04-05,244.31577
2026-04-06,244.31577
2026-04-07,244.73683
2026-04-08,252.31577
2026-04-09,252.5263
2026-04-10,253.15788
2026-04-11,253.15788
2026-04-12,253.15788
2026-04-13,255.05261
2026-04-14,257.05261
2026-04-15,257.26314
2026-04-16,257.78946
2026-04-17,260.94735
2026-04-18,260.94735
2026-04-19,260.94735
2026-04-20,260.31577
2026-04-21,258.31577
2026-04-22,259.89472
2026-04-23,260.10525
2026-04-24,261.47367
2026-04-25,261.47367
2026-04-26,261.47367
2026-04-27,261.89472
2026-04-28,258.94735
2026-04-29,259.89472
2026-04-30,261.78946
2026-05-01,261.78946
2026-05-02,261.78946
2026-05-03,261.78946
2026-05-04,260.84209
2026-05-05,263.99998
2026-05-06,269.3684
2026-05-07,266.42103
2026-05-08,268.21051
2026-05-09,268.21051
2026-05-10,268.21051
2026-05-11,268.5263
2026-05-12,267.57893
2026-05-13,269.3684
2026-05-14,269.3684
2026-05-15,266.31577
2026-05-16,266.31577
2026-05-17,266.31577
2026-05-18,265.3684
2026-05-19,263.26314
2026-05-20,266.73682
2026-05-21,267.47367
2026-05-22,268.63156
2026-05-23,268.63156
2026-05-24,268.63156
2026-05-25,268.63156
2026-05-26,271.89472
2026-05-27,271.89472
2026-05-28,271.78945
2026-05-29,271.68419
2026-05-30,271.68419
2026-05-31,271.68419
2026-06-01,271.68419
2026-06-02,275.78945
2026-06-03,274.73682
2026-06-04,275.47367
2026-06-05,266.84209
2026-06-06,266.84209
2026-06-07,266.84209
2026-06-08,267.57893
2026-06-09,266.42103
2026-06-10,260.63156
2026-06-11,265.68419
2026-06-12,266.94735
2026-06-13,266.94735
2026-06-14,266.94735
2026-06-15,271.05261
2026-06-16,269.99998
2026-06-17,270.10524
2026-06-18,274.63156
2026-06-19,274.63156
2026-06-20,274.63156
2026-06-21,274.63156
2026-06-22,276.21051
2026-06-23,276.21051
2026-06-24,271.26314
2026-06-25,272.31577
2026-06-26,269.99998
2026-06-27,269.99998
2026-06-28,269.99998
2026-06-29,272.73682
2026-06-30,275.99998
2026-07-01,273.15788
2026-07-02,271.99998
2026-07-03,271.99998
2026-07-04,271.99998
2026-07-05,271.99998
2026-07-06,275.78945
2026-07-07,271.99998
2026-07-08,271.15788
2026-07-09,272.63156
2026-07-10,273.15788
2026-07-11,273.15788
2026-07-12,273.15788
2026-07-13,269.89472
2026-07-14,271.89472
2026-07-15,271.89472
2026-07-16,270.21051
2026-07-17,267.05261
2026-07-18,267.05261
2026-07-19,267.05261
2026-07-20,265.99998
2026-07-21,270.21051
2026-07-22,270.10524
2026-07-23,267.99998
2026-07-24,267.3684
2026-07-25,267.3684
2026-07-26,267.3684
2026-07-27,267.3684
2026-07-28,266.63156
2026-07-29,261.68419
2026-07-30,264.84209
2026-07-31,265.89472
2026-08-01,265.89472
2026-08-02,265.89472
2026-08-03,267.68419
2026-08-04,272.5263
2026-08-05,272.63156
2026-08-06,272.10524
2026-08-07,272.63156
2026-08-08,272.63156
2026-08-09,272.63156
2026-08-10,272.63156
2026-08-11,271.57893
2026-08-12,273.26314
2026-08-13,274.42103
2026-08-14,273.15788
2026-08-15,273.15788
2026-08-16,273.15788
2026-08-17,272.63156
2026-08-18,268.84209
2026-08-19,266.94735
2026-08-20,265.26314
2026-08-21,267.05262
2026-08-22,267.05262
2026-08-23,267.05262
2026-08-24,266.10525
2026-08-25,267.5789408745
2026-08-26,267.05261130052503
2026-08-27,269.47366347555004
2026-08-28,268.10524383795007
2026-08-29,268.10524383795007
2026-08-30,268.10524383795007
2026-08-31,267.3683984007
2026-09-01,265.26313332585
2026-09-02,265.26313332585
2026-09-03,267.5789408745
2026-09-04,266.84209543725
2026-09-05,266.84209543725
2026-09-06,266.84209543725
2026-09-07,267.05261130052503
