Date,WORLD IMI VALUE IMI (Large+Mid+Small Cap)
2001-01-01,516.614
2001-01-02,512.869
2001-01-03,517.876
2001-01-04,515.845
2001-01-05,512.558
2001-01-08,512.293
2001-01-09,508.681
2001-01-10,509.449
2001-01-11,510.016
2001-01-12,508.412
2001-01-15,507.913
2001-01-16,510.147
2001-01-17,510.304
2001-01-18,512.791
2001-01-19,509.119
2001-01-22,510.974
2001-01-23,514.394
2001-01-24,512.553
2001-01-25,514.461
2001-01-26,513.884
2001-01-29,516.488
2001-01-30,520.328
2001-01-31,521.409
2001-02-01,524.617
2001-02-02,520.491
2001-02-05,522.621
2001-02-06,521.389
2001-02-07,519.27
2001-02-08,516.637
2001-02-09,515.625
2001-02-12,519.862
2001-02-13,517.728
2001-02-14,515.12
2001-02-15,514.236
2001-02-16,512.822
2001-02-19,512.914
2001-02-20,508.235
2001-02-21,502.518
2001-02-22,501.357
2001-02-23,499.308
2001-02-26,504.893
2001-02-27,506.189
2001-02-28,502.743
2001-03-01,502.036
2001-03-02,502.994
2001-03-05,503.767
2001-03-06,506.817
2001-03-07,508.773
2001-03-08,511.401
2001-03-09,506.782
2001-03-12,493.95
2001-03-13,490.176
2001-03-14,478.843
2001-03-15,482.838
2001-03-16,473.857
2001-03-19,477.595
2001-03-20,474.578
2001-03-21,469.185
2001-03-22,456.74
2001-03-23,465.371
2001-03-26,475.437
2001-03-27,483.798
2001-03-28,478.567
2001-03-29,476.248
2001-03-30,479.672
2001-04-02,476.004
2001-04-03,468.297
2001-04-04,471.416
2001-04-05,481.169
2001-04-06,477.439
2001-04-09,480.068
2001-04-10,485.677
2001-04-11,483.832
2001-04-12,488.386
2001-04-13,488.135
2001-04-16,486.932
2001-04-17,488.754
2001-04-18,497.148
2001-04-19,500.744
2001-04-20,498.849
2001-04-23,496.566
2001-04-24,495.152
2001-04-25,499.85
2001-04-26,504.002
2001-04-27,507.064
2001-04-30,505.576
2001-05-01,510.97
2001-05-02,510.003
2001-05-03,506.425
2001-05-04,510.612
2001-05-07,510.667
2001-05-08,506.942
2001-05-09,505.909
2001-05-10,507.926
2001-05-11,505.126
2001-05-14,503.23
2001-05-15,506.56
2001-05-16,513.573
2001-05-17,516.198
2001-05-18,516.77
2001-05-21,520.453
2001-05-22,519.211
2001-05-23,515.691
2001-05-24,515.73
2001-05-25,512.738
2001-05-28,512.721
2001-05-29,512.004
2001-05-30,507.742
2001-05-31,508.93
2001-06-01,509.2
2001-06-04,511.338
2001-06-05,513.826
2001-06-06,509.768
2001-06-07,510.513
2001-06-08,508.36
2001-06-11,504.344
2001-06-12,502.296
2001-06-13,502.157
2001-06-14,497.47
2001-06-15,495.704
2001-06-18,492.884
2001-06-19,493.127
2001-06-20,493.109
2001-06-21,497.383
2001-06-22,497.17
2001-06-25,496.314
2001-06-26,494.877
2001-06-27,493.77
2001-06-28,495.214
2001-06-29,498.801
2001-07-02,501.439
2001-07-03,500.133
2001-07-04,499.105
2001-07-05,495.681
2001-07-06,488.889
2001-07-09,489.86
2001-07-10,488.457
2001-07-11,487.33
2001-07-12,492.032
2001-07-13,493.199
2001-07-16,491.303
2001-07-17,491.6
2001-07-18,491.784
2001-07-19,493.57
2001-07-20,492.441
2001-07-23,487.396
2001-07-24,482.511
2001-07-25,485.957
2001-07-26,488.726
2001-07-27,490.575
2001-07-30,490.934
2001-07-31,494.662
2001-08-01,497.495
2001-08-02,500.067
2001-08-03,497.993
2001-08-06,494.878
2001-08-07,495.932
2001-08-08,491.377
2001-08-09,489.764
2001-08-10,492.505
2001-08-13,492.792
2001-08-14,496.129
2001-08-15,497.932
2001-08-16,496.879
2001-08-17,492.626
2001-08-20,493.13
2001-08-21,493.409
2001-08-22,496.544
2001-08-23,494.654
2001-08-24,498.868
2001-08-27,497.382
2001-08-28,493.209
2001-08-29,490.65
2001-08-30,484.87
2001-08-31,485.097
2001-09-03,482.117
2001-09-04,484.181
2001-09-05,480.831
2001-09-06,474.29
2001-09-07,468.512
2001-09-10,465.13
2001-09-11,459.859
2001-09-12,455.339
2001-09-13,457.703
2001-09-14,455.183
2001-09-17,443.269
2001-09-18,441.703
2001-09-19,437.121
2001-09-20,423.845
2001-09-21,412.623
2001-09-24,424.338
2001-09-25,429.545
2001-09-26,429.648
2001-09-27,433.73
2001-09-28,443.052
2001-10-01,441.343
2001-10-02,445.733
2001-10-03,449.298
2001-10-04,452.959
2001-10-05,452.011
2001-10-08,449.49
2001-10-09,447.634
2001-10-10,453.228
2001-10-11,456.369
2001-10-12,455.071
2001-10-15,452.391
2001-10-16,455.934
2001-10-17,455.39
2001-10-18,449.325
2001-10-19,446.886
2001-10-22,449.969
2001-10-23,451.684
2001-10-24,451.843
2001-10-25,453.717
2001-10-26,456.993
2001-10-29,451.99
2001-10-30,445.535
2001-10-31,445.422
2001-11-01,450.809
2001-11-02,451.191
2001-11-05,455.371
2001-11-06,458.39
2001-11-07,458.38
2001-11-08,460.588
2001-11-09,459.692
2001-11-12,456.303
2001-11-13,460.871
2001-11-14,461.547
2001-11-15,461.439
2001-11-16,462.757
2001-11-19,466.482
2001-11-20,465.477
2001-11-21,463.127
2001-11-22,463.929
2001-11-23,465.925
2001-11-26,467.735
2001-11-27,465.063
2001-11-28,459.34
2001-11-29,461.825
2001-11-30,463.051
2001-12-03,458.966
2001-12-04,462.69
2001-12-05,470.712
2001-12-06,471.699
2001-12-07,468.76
2001-12-10,462.516
2001-12-11,460.752
2001-12-12,461.322
2001-12-13,456.115
2001-12-14,455.703
2001-12-17,459.708
2001-12-18,461.564
2001-12-19,462.506
2001-12-20,461.355
2001-12-21,462.208
2001-12-24,461.971
2001-12-25,461.93
2001-12-26,462.96
2001-12-27,468.123
2001-12-28,470.418
2001-12-31,469.605
2002-01-01,469.604
2002-01-02,470.331
2002-01-03,473.885
2002-01-04,477.231
2002-01-07,475.113
2002-01-08,471.414
2002-01-09,469.543
2002-01-10,468.603
2002-01-11,466.248
2002-01-14,462.822
2002-01-15,464.602
2002-01-16,459.224
2002-01-17,461.816
2002-01-18,461.116
2002-01-21,461.154
2002-01-22,458.757
2002-01-23,461.431
2002-01-24,463.046
2002-01-25,461.926
2002-01-28,463.581
2002-01-29,454.879
2002-01-30,455.327
2002-01-31,460.54
2002-02-01,458.965
2002-02-04,452.834
2002-02-05,448.783
2002-02-06,445.48
2002-02-07,446.924
2002-02-08,451.304
2002-02-11,456.41
2002-02-12,456.702
2002-02-13,459.681
2002-02-14,461.04
2002-02-15,458.969
2002-02-18,458.097
2002-02-19,450.805
2002-02-20,452.61
2002-02-21,452.632
2002-02-22,455.204
2002-02-25,459.78
2002-02-26,460.625
2002-02-27,463.258
2002-02-28,463.932
2002-03-01,470.942
2002-03-04,481.822
2002-03-05,479.526
2002-03-06,485.328
2002-03-07,488.425
2002-03-08,488.55
2002-03-11,490.417
2002-03-12,487.877
2002-03-13,485.457
2002-03-14,487.15
2002-03-15,491.717
2002-03-18,490.963
2002-03-19,494.328
2002-03-20,490.522
2002-03-21,489.871
2002-03-22,487.82
2002-03-25,483.237
2002-03-26,485.082
2002-03-27,487.577
2002-03-28,489.445
2002-03-29,488.362
2002-04-01,488.247
2002-04-02,487.938
2002-04-03,486.124
2002-04-04,485.817
2002-04-05,485.819
2002-04-08,484.723
2002-04-09,484.07
2002-04-10,489.566
2002-04-11,483.141
2002-04-12,484.14
2002-04-15,483.891
2002-04-16,492.073
2002-04-17,493.426
2002-04-18,493.824
2002-04-19,494.55
2002-04-22,491.105
2002-04-23,490.17
2002-04-24,488.586
2002-04-25,488.113
2002-04-26,485.033
2002-04-29,482.495
2002-04-30,486.32
2002-05-01,489.78
2002-05-02,490.922
2002-05-03,491.621
2002-05-06,486.67
2002-05-07,483.375
2002-05-08,490.862
2002-05-09,488.173
2002-05-10,485.072
2002-05-13,489.524
2002-05-14,492.871
2002-05-15,494.189
2002-05-16,495.664
2002-05-17,498.837
2002-05-20,495.947
2002-05-21,494.467
2002-05-22,496.118
2002-05-23,498.365
2002-05-24,496.857
2002-05-27,496.42
2002-05-28,494.947
2002-05-29,493.62
2002-05-30,492.283
2002-05-31,493.775
2002-06-03,487.079
2002-06-04,484.04
2002-06-05,483.283
2002-06-06,477.981
2002-06-07,477.321
2002-06-10,477.136
2002-06-11,473.636
2002-06-12,473.224
2002-06-13,468.434
2002-06-14,463.843
2002-06-17,472.689
2002-06-18,474.329
2002-06-19,468.152
2002-06-20,464.369
2002-06-21,461.714
2002-06-24,459.567
2002-06-25,457.699
2002-06-26,454.723
2002-06-27,459.158
2002-06-28,466.615
2002-07-01,462.538
2002-07-02,453.704
2002-07-03,449.871
2002-07-04,451.166
2002-07-05,463.202
2002-07-08,462.723
2002-07-09,457.355
2002-07-10,444.893
2002-07-11,439.871
2002-07-12,437.188
2002-07-15,430.577
2002-07-16,426.267
2002-07-17,429.917
2002-07-18,426.155
2002-07-19,413.195
2002-07-22,398.178
2002-07-23,387.194
2002-07-24,396.323
2002-07-25,401.493
2002-07-26,403.373
2002-07-29,420.635
2002-07-30,423.74
2002-07-31,427.289
2002-08-01,416.245
2002-08-02,410.606
2002-08-05,400.094
2002-08-06,406.325
2002-08-07,411.371
2002-08-08,422.237
2002-08-09,426.846
2002-08-12,424.037
2002-08-13,419.828
2002-08-14,427.036
2002-08-15,431.85
2002-08-16,431.648
2002-08-19,438.263
2002-08-20,433.533
2002-08-21,438.742
2002-08-22,443.59
2002-08-23,436.75
2002-08-26,439.935
2002-08-27,441.112
2002-08-28,432.257
2002-08-29,429.929
2002-08-30,430.748
2002-09-02,429.21
2002-09-03,415.384
2002-09-04,417.491
2002-09-05,413.893
2002-09-06,419.108
2002-09-09,419.898
2002-09-10,422.454
2002-09-11,424.255
2002-09-12,415.768
2002-09-13,413.707
2002-09-16,412.627
2002-09-17,407.407
2002-09-18,402.846
2002-09-19,395.672
2002-09-20,394.974
2002-09-23,389.023
2002-09-24,381.883
2002-09-25,386.807
2002-09-26,396.825
2002-09-27,390.188
2002-09-30,384.268
2002-10-01,392.375
2002-10-02,387.595
2002-10-03,383.184
2002-10-04,375.235
2002-10-07,367.83
2002-10-08,367.786
2002-10-09,360.046
2002-10-10,369.72
2002-10-11,382.989
2002-10-14,383.09
2002-10-15,399.961
2002-10-16,394.752
2002-10-17,402.447
2002-10-18,402.76
2002-10-21,407.724
2002-10-22,403.227
2002-10-23,402.206
2002-10-24,401.506
2002-10-25,404.525
2002-10-28,405.434
2002-10-29,398.369
2002-10-30,403.843
2002-10-31,404.788
2002-11-01,409.081
2002-11-04,413.944
2002-11-05,417.692
2002-11-06,418.27
2002-11-07,411.728
2002-11-08,409.413
2002-11-11,402.799
2002-11-12,404.469
2002-11-13,401.736
2002-11-14,407.417
2002-11-15,411.414
2002-11-18,410.139
2002-11-19,409.317
2002-11-20,412.484
2002-11-21,421.636
2002-11-22,422.017
2002-11-25,422.283
2002-11-26,415.091
2002-11-27,423.632
2002-11-28,426.252
2002-11-29,425.973
2002-12-02,425.075
2002-12-03,419.612
2002-12-04,417.195
2002-12-05,413.337
2002-12-06,415.616
2002-12-09,408.309
2002-12-10,412.127
2002-12-11,413.42
2002-12-12,411.999
2002-12-13,409.083
2002-12-16,417.385
2002-12-17,415.445
2002-12-18,409.462
2002-12-19,407.874
2002-12-20,412.623
2002-12-23,413.148
2002-12-24,412.461
2002-12-25,412.365
2002-12-26,413.32
2002-12-27,407.18
2002-12-30,409.961
2002-12-31,411.497
2003-01-01,411.497
2003-01-02,421.049
2003-01-03,421.735
2003-01-06,430.783
2003-01-07,425.762
2003-01-08,419.767
2003-01-09,425.587
2003-01-10,426.444
2003-01-13,426.771
2003-01-14,429.084
2003-01-15,425.035
2003-01-16,424.473
2003-01-17,420.653
2003-01-20,418.866
2003-01-21,413.209
2003-01-22,408.239
2003-01-23,410.151
2003-01-24,403.238
2003-01-27,395.017
2003-01-28,397.765
2003-01-29,399.032
2003-01-30,395.458
2003-01-31,398.995
2003-02-03,402.99
2003-02-04,398.578
2003-02-05,398.827
2003-02-06,394.479
2003-02-07,391.14
2003-02-10,391.341
2003-02-11,390.471
2003-02-12,386.437
2003-02-13,386.649
2003-02-14,391.714
2003-02-17,393.497
2003-02-18,398.061
2003-02-19,395.023
2003-02-20,392.64
2003-02-21,395.95
2003-02-24,390.545
2003-02-25,388.272
2003-02-26,385.223
2003-02-27,388.489
2003-02-28,390.771
2003-03-03,391.291
2003-03-04,386.545
2003-03-05,388.226
2003-03-06,384.26
2003-03-07,383.722
2003-03-10,375.233
2003-03-11,372.311
2003-03-12,368.582
2003-03-13,378.584
2003-03-14,382.148
2003-03-17,390.965
2003-03-18,392.023
2003-03-19,395.27
2003-03-20,396.316
2003-03-21,403.917
2003-03-24,394.193
2003-03-25,397.41
2003-03-26,396.843
2003-03-27,395.275
2003-03-28,393.955
2003-03-31,387.21
2003-04-01,392.066
2003-04-02,399.276
2003-04-03,397.81
2003-04-04,399.744
2003-04-07,403.759
2003-04-08,401.759
2003-04-09,398.853
2003-04-10,400.127
2003-04-11,399.022
2003-04-14,404.548
2003-04-15,408.824
2003-04-16,405.399
2003-04-17,409.899
2003-04-18,409.964
2003-04-21,409.232
2003-04-22,416.62
2003-04-23,421.163
2003-04-24,418.244
2003-04-25,412.769
2003-04-28,419.096
2003-04-29,419.826
2003-04-30,423.232
2003-05-01,423.655
2003-05-02,428.012
2003-05-05,428.352
2003-05-06,433.448
2003-05-07,432.023
2003-05-08,427.743
2003-05-09,432.318
2003-05-12,436.729
2003-05-13,436.444
2003-05-14,436.884
2003-05-15,439.332
2003-05-16,440.328
2003-05-19,432.236
2003-05-20,432.559
2003-05-21,433.667
2003-05-22,437.508
2003-05-23,440.43
2003-05-26,440.937
2003-05-27,445.482
2003-05-28,446.552
2003-05-29,446.944
2003-05-30,451.055
2003-06-02,455.905
2003-06-03,455.74
2003-06-04,461.175
2003-06-05,464.664
2003-06-06,465.79
2003-06-09,461.095
2003-06-10,463.389
2003-06-11,470.3
2003-06-12,471.963
2003-06-13,468.49
2003-06-16,475.93
2003-06-17,477.051
2003-06-18,475.487
2003-06-19,469.126
2003-06-20,470.283
2003-06-23,464.339
2003-06-24,463.263
2003-06-25,462.757
2003-06-26,463.182
2003-06-27,461.45
2003-06-30,460.035
2003-07-01,461.882
2003-07-02,467.45
2003-07-03,467.129
2003-07-04,466.303
2003-07-07,472.623
2003-07-08,472.612
2003-07-09,470.946
2003-07-10,465.617
2003-07-11,468.108
2003-07-14,472.047
2003-07-15,468.815
2003-07-16,465.098
2003-07-17,460.086
2003-07-18,464.566
2003-07-21,460.899
2003-07-22,463.909
2003-07-23,464.606
2003-07-24,466.155
2003-07-25,470.5
2003-07-28,471.77
2003-07-29,469.309
2003-07-30,467.19
2003-07-31,468.045
2003-08-01,464.422
2003-08-04,464.449
2003-08-05,460.86
2003-08-06,460.269
2003-08-07,462.975
2003-08-08,464.695
2003-08-11,466.807
2003-08-12,470.136
2003-08-13,469.848
2003-08-14,474.034
2003-08-15,474.303
2003-08-18,477.242
2003-08-19,477.944
2003-08-20,478.82
2003-08-21,479.938
2003-08-22,474.938
2003-08-25,474.136
2003-08-26,473.201
2003-08-27,474.111
2003-08-28,476.216
2003-08-29,478.293
2003-09-01,480.685
2003-09-02,484.407
2003-09-03,487.917
2003-09-04,488.244
2003-09-05,487.16
2003-09-08,491.363
2003-09-09,489.424
2003-09-10,484.604
2003-09-11,485.187
2003-09-12,487.382
2003-09-15,486.735
2003-09-16,491.536
2003-09-17,492.365
2003-09-18,498.181
2003-09-19,497.943
2003-09-22,493.725
2003-09-23,494.421
2003-09-24,490.305
2003-09-25,486.746
2003-09-26,483.18
2003-09-29,485.271
2003-09-30,482.444
2003-10-01,492.587
2003-10-02,495.377
2003-10-03,500.263
2003-10-06,502.248
2003-10-07,504.478
2003-10-08,502.476
2003-10-09,505.787
2003-10-10,506.974
2003-10-13,509.932
2003-10-14,511.369
2003-10-15,510.863
2003-10-16,512.519
2003-10-17,508.795
2003-10-20,509.992
2003-10-21,510.003
2003-10-22,504.229
2003-10-23,501.12
2003-10-24,501.113
2003-10-27,503.322
2003-10-28,507.724
2003-10-29,510.346
2003-10-30,511.128
2003-10-31,510.318
2003-11-03,512.565
2003-11-04,513.66
2003-11-05,512.019
2003-11-06,511.851
2003-11-07,513.872
2003-11-10,511.927
2003-11-11,509.147
2003-11-12,513.819
2003-11-13,516.02
2003-11-14,514.689
2003-11-17,508.272
2003-11-18,507.539
2003-11-19,508.049
2003-11-20,506.655
2003-11-21,507.814
2003-11-24,511.951
2003-11-25,514.67
2003-11-26,518.251
2003-11-27,518.886
2003-11-28,518.848
2003-12-01,525.215
2003-12-02,526.702
2003-12-03,527.874
2003-12-04,528.59
2003-12-05,527.262
2003-12-08,529.898
2003-12-09,529.471
2003-12-10,527.159
2003-12-11,530.583
2003-12-12,534.1
2003-12-15,534.087
2003-12-16,535.499
2003-12-17,536.42
2003-12-18,541.162
2003-12-19,542.718
2003-12-22,545.36
2003-12-23,547.025
2003-12-24,547.263
2003-12-25,547.244
2003-12-26,548.021
2003-12-29,553.222
2003-12-30,555.604
2003-12-31,557.267
2004-01-01,557.268
2004-01-02,558.598
2004-01-05,565.428
2004-01-06,566.165
2004-01-07,564.473
2004-01-08,567.54
2004-01-09,565.479
2004-01-12,566.378
2004-01-13,565.13
2004-01-14,567.841
2004-01-15,567.112
2004-01-16,568.034
2004-01-19,568.404
2004-01-20,571.319
2004-01-21,576.181
2004-01-22,576.513
2004-01-23,575.22
2004-01-26,576.099
2004-01-27,574.527
2004-01-28,570.701
2004-01-29,566.39
2004-01-30,565.441
2004-02-02,567.255
2004-02-03,567.572
2004-02-04,562.457
2004-02-05,564.435
2004-02-06,570.502
2004-02-09,572.011
2004-02-10,573.979
2004-02-11,578.52
2004-02-12,579.604
2004-02-13,577.839
2004-02-16,578.79
2004-02-17,584.077
2004-02-18,582.303
2004-02-19,581.129
2004-02-20,576.549
2004-02-23,577.478
2004-02-24,575.876
2004-02-25,576.057
2004-02-26,575.64
2004-02-27,577.92
2004-03-01,584.618
2004-03-02,581.884
2004-03-03,579.707
2004-03-04,582.155
2004-03-05,586.97
2004-03-08,584.23
2004-03-09,581.975
2004-03-10,573.249
2004-03-11,563.72
2004-03-12,566.39
2004-03-15,560.529
2004-03-16,565.442
2004-03-17,571.671
2004-03-18,572.777
2004-03-19,569.296
2004-03-22,561.737
2004-03-23,561.423
2004-03-24,559.194
2004-03-25,565.658
2004-03-26,566.472
2004-03-29,573.191
2004-03-30,575.552
2004-03-31,578.067
2004-04-01,582.84
2004-04-02,583.911
2004-04-05,585.226
2004-04-06,585.451
2004-04-07,585.025
2004-04-08,583.991
2004-04-09,583.276
2004-04-12,584.682
2004-04-13,578.286
2004-04-14,572.653
2004-04-15,571.856
2004-04-16,577.53
2004-04-19,576.552
2004-04-20,572.682
2004-04-21,571.182
2004-04-22,576.655
2004-04-23,576.397
2004-04-26,576.996
2004-04-27,577.77
2004-04-28,570.516
2004-04-29,566.926
2004-04-30,563.99
2004-05-03,567.534
2004-05-04,571.55
2004-05-05,573.59
2004-05-06,567.018
2004-05-07,555.842
2004-05-10,542.157
2004-05-11,545.956
2004-05-12,549.005
2004-05-13,547.643
2004-05-14,547.565
2004-05-17,541.926
2004-05-18,545.447
2004-05-19,550.963
2004-05-20,548.718
2004-05-21,553.409
2004-05-24,555.035
2004-05-25,561.056
2004-05-26,563.989
2004-05-27,568.951
2004-05-28,568.609
2004-05-31,569.116
2004-06-01,568.971
2004-06-02,571.344
2004-06-03,567.595
2004-06-04,570.615
2004-06-07,580.134
2004-06-08,580.18
2004-06-09,574.656
2004-06-10,577.617
2004-06-11,575.636
2004-06-14,570.25
2004-06-15,573.95
2004-06-16,576.787
2004-06-17,578.227
2004-06-18,580.598
2004-06-21,580.358
2004-06-22,579.415
2004-06-23,583.159
2004-06-24,586.089
2004-06-25,583.478
2004-06-28,586.041
2004-06-29,584.48
2004-06-30,585.762
2004-07-01,583.066
2004-07-02,582.708
2004-07-05,581.295
2004-07-06,578.649
2004-07-07,580.28
2004-07-08,578.301
2004-07-09,580.666
2004-07-12,581.997
2004-07-13,581.181
2004-07-14,580.277
2004-07-15,577.205
2004-07-16,578.914
2004-07-19,578.994
2004-07-20,579.284
2004-07-21,574.246
2004-07-22,571.889
2004-07-23,567.502
2004-07-26,565.672
2004-07-27,567.624
2004-07-28,569.27
2004-07-29,573.31
2004-07-30,574.637
2004-08-02,576.288
2004-08-03,575.986
2004-08-04,573.237
2004-08-05,568.427
2004-08-06,564.09
2004-08-09,562.806
2004-08-10,568.203
2004-08-11,566.213
2004-08-12,562.228
2004-08-13,562.8
2004-08-16,568.28
2004-08-17,568.798
2004-08-18,572.668
2004-08-19,573.699
2004-08-20,576.223
2004-08-23,575.123
2004-08-24,574.652
2004-08-25,577.575
2004-08-26,579.294
2004-08-27,581.172
2004-08-30,578.658
2004-08-31,580.847
2004-09-01,583.453
2004-09-02,587.379
2004-09-03,585.578
2004-09-06,587.529
2004-09-07,591.039
2004-09-08,589.864
2004-09-09,589.209
2004-09-10,592.327
2004-09-13,593.268
2004-09-14,594.202
2004-09-15,589.154
2004-09-16,592.124
2004-09-17,594.161
2004-09-20,591.68
2004-09-21,596.783
2004-09-22,591.031
2004-09-23,588.614
2004-09-24,589.119
2004-09-27,586.174
2004-09-28,589.542
2004-09-29,591.098
2004-09-30,592.76
2004-10-01,600.941
2004-10-04,602.334
2004-10-05,603.577
2004-10-06,606.673
2004-10-07,603.443
2004-10-08,604.039
2004-10-11,604.411
2004-10-12,600.563
2004-10-13,596.278
2004-10-14,594.053
2004-10-15,596.729
2004-10-18,596.745
2004-10-19,594.977
2004-10-20,593.951
2004-10-21,595.75
2004-10-22,594.242
2004-10-25,593.421
2004-10-26,598.802
2004-10-27,604.127
2004-10-28,606.239
2004-10-29,606.611
2004-11-01,608.755
2004-11-02,609.556
2004-11-03,616.004
2004-11-04,623.532
2004-11-05,626.2
2004-11-08,625.886
2004-11-09,625.278
2004-11-10,625.847
2004-11-11,629.91
2004-11-12,635.726
2004-11-15,635.818
2004-11-16,633.116
2004-11-17,637.659
2004-11-18,636.722
2004-11-19,634.524
2004-11-22,634.782
2004-11-23,636.407
2004-11-24,639.448
2004-11-25,642.717
2004-11-26,643.232
2004-11-29,642.802
2004-11-30,641.193
2004-12-01,647.51
2004-12-02,646.927
2004-12-03,648.63
2004-12-06,647.666
2004-12-07,643.363
2004-12-08,640.699
2004-12-09,639.632
2004-12-10,639.863
2004-12-13,646.718
2004-12-14,648.349
2004-12-15,653.88
2004-12-16,651.107
2004-12-17,647.354
2004-12-20,651.28
2004-12-21,653.8
2004-12-22,657.144
2004-12-23,659.501
2004-12-24,661.371
2004-12-27,660.795
2004-12-28,663.356
2004-12-29,662.363
2004-12-30,664.623
2004-12-31,664.294
2005-01-03,659.106
2005-01-04,652.871
2005-01-05,648.581
2005-01-06,649.306
2005-01-07,647.349
2005-01-10,649.652
2005-01-11,647.763
2005-01-12,650.304
2005-01-13,647.14
2005-01-14,648.563
2005-01-17,649.532
2005-01-18,652.393
2005-01-19,649.78
2005-01-20,644.593
2005-01-21,643.591
2005-01-24,644.338
2005-01-25,644.131
2005-01-26,649.214
2005-01-27,649.097
2005-01-28,646.264
2005-01-31,652.3
2005-02-01,656.195
2005-02-02,659.366
2005-02-03,656.747
2005-02-04,663.455
2005-02-07,662.773
2005-02-08,661.86
2005-02-09,659.541
2005-02-10,663.76
2005-02-11,667.657
2005-02-14,670.869
2005-02-15,672.501
2005-02-16,671.641
2005-02-17,670.77
2005-02-18,672.063
2005-02-21,671.671
2005-02-22,667.125
2005-02-23,666.474
2005-02-24,669.615
2005-02-25,677.333
2005-02-28,677.415
2005-03-01,678.767
2005-03-02,677.912
2005-03-03,678.629
2005-03-04,687.488
2005-03-07,686.791
2005-03-08,687.4
2005-03-09,682.311
2005-03-10,680.821
2005-03-11,680.896
2005-03-14,681.208
2005-03-15,679.734
2005-03-16,676.425
2005-03-17,675.815
2005-03-18,675.204
2005-03-21,670.81
2005-03-22,667.448
2005-03-23,660.753
2005-03-24,660.309
2005-03-25,660.616
2005-03-28,660.049
2005-03-29,656.49
2005-03-30,661.234
2005-03-31,664.306
2005-04-01,663.331
2005-04-04,659.838
2005-04-05,662.861
2005-04-06,665.642
2005-04-07,669.263
2005-04-08,665.479
2005-04-11,666.804
2005-04-12,666.521
2005-04-13,663.651
2005-04-14,656.169
2005-04-15,647.888
2005-04-18,644.682
2005-04-19,650.557
2005-04-20,645.332
2005-04-21,650.691
2005-04-22,652.165
2005-04-25,655.308
2005-04-26,650.832
2005-04-27,649.294
2005-04-28,643.997
2005-04-29,649.7
2005-05-02,650.87
2005-05-03,651.091
2005-05-04,658.365
2005-05-05,658.829
2005-05-06,658.484
2005-05-09,659.6
2005-05-10,655.012
2005-05-11,654.349
2005-05-12,648.176
2005-05-13,643.176
2005-05-16,644.53
2005-05-17,647.034
2005-05-18,653.755
2005-05-19,657.617
2005-05-20,655.454
2005-05-23,659.612
2005-05-24,659.462
2005-05-25,657.324
2005-05-26,659.429
2005-05-27,661.126
2005-05-30,662.013
2005-05-31,658.049
2005-06-01,662.981
2005-06-02,663.347
2005-06-03,661.383
2005-06-06,662.175
2005-06-07,664.24
2005-06-08,664.943
2005-06-09,663.416
2005-06-10,664.055
2005-06-13,663.708
2005-06-14,665.847
2005-06-15,668.26
2005-06-16,671.569
2005-06-17,677.503
2005-06-20,674.909
2005-06-21,674.866
2005-06-22,675.905
2005-06-23,671.791
2005-06-24,667.898
2005-06-27,666.613
2005-06-28,670.298
2005-06-29,670.673
2005-06-30,668.048
2005-07-01,668.393
2005-07-04,668.142
2005-07-05,670.668
2005-07-06,669.069
2005-07-07,666.27
2005-07-08,672.645
2005-07-11,679.287
2005-07-12,682.148
2005-07-13,681.127
2005-07-14,682.668
2005-07-15,681.592
2005-07-18,679.293
2005-07-19,680.289
2005-07-20,682.249
2005-07-21,683.464
2005-07-22,686.28
2005-07-25,684.418
2005-07-26,684.021
2005-07-27,686.744
2005-07-28,690.556
2005-07-29,688.992
2005-08-01,690.775
2005-08-02,695.514
2005-08-03,697.013
2005-08-04,692.541
2005-08-05,685.626
2005-08-08,686.423
2005-08-09,689.92
2005-08-10,695.455
2005-08-11,700.455
2005-08-12,698.505
2005-08-15,698.445
2005-08-16,693.665
2005-08-17,692.061
2005-08-18,687.437
2005-08-19,689.269
2005-08-22,694.042
2005-08-23,691.151
2005-08-24,689.017
2005-08-25,689.329
2005-08-26,686.433
2005-08-29,686.423
2005-08-30,684.667
2005-08-31,693.029
2005-09-01,700.072
2005-09-02,700.387
2005-09-05,702.199
2005-09-06,707.109
2005-09-07,707.934
2005-09-08,705.266
2005-09-09,711.254
2005-09-12,709.355
2005-09-13,704.754
2005-09-14,706.082
2005-09-15,705.508
2005-09-16,710.088
2005-09-19,707.577
2005-09-20,707.185
2005-09-21,702.734
2005-09-22,700.82
2005-09-23,700.013
2005-09-26,704.686
2005-09-27,702.878
2005-09-28,706.513
2005-09-29,711.821
2005-09-30,711.719
2005-10-03,709.806
2005-10-04,706.166
2005-10-05,696.581
2005-10-06,692.752
2005-10-07,693.367
2005-10-10,689.094
2005-10-11,689.455
2005-10-12,685.746
2005-10-13,680.09
2005-10-14,686.131
2005-10-17,686.318
2005-10-18,678.573
2005-10-19,680.337
2005-10-20,674.648
2005-10-21,675.273
2005-10-24,683.505
2005-10-25,686.356
2005-10-26,685.825
2005-10-27,682.001
2005-10-28,686.71
2005-10-31,692.968
2005-11-01,693.469
2005-11-02,699.663
2005-11-03,702.788
2005-11-04,698.816
2005-11-07,700.153
2005-11-08,698.914
2005-11-09,699.052
2005-11-10,701.663
2005-11-11,705.298
2005-11-14,703.224
2005-11-15,698.975
2005-11-16,698.91
2005-11-17,706.517
2005-11-18,710.472
2005-11-21,714.765
2005-11-22,716.327
2005-11-23,721.309
2005-11-24,720.758
2005-11-25,720.953
2005-11-28,718.381
2005-11-29,718.509
2005-11-30,714.644
2005-12-01,721.696
2005-12-02,723.967
2005-12-05,724.659
2005-12-06,726.165
2005-12-07,723.346
2005-12-08,723.659
2005-12-09,725.434
2005-12-12,729.737
2005-12-13,732.67
2005-12-14,737.164
2005-12-15,733.27
2005-12-16,735.428
2005-12-19,733.201
2005-12-20,732.467
2005-12-21,734.47
2005-12-22,737.686
2005-12-23,738.398
2005-12-26,738.614
2005-12-27,733.873
2005-12-28,736.289
2005-12-29,735.44
2005-12-30,730.808
2006-01-02,731.617
2006-01-03,744.426
2006-01-04,751.545
2006-01-05,752.035
2006-01-06,759.187
2006-01-09,760.019
2006-01-10,757.67
2006-01-11,762.068
2006-01-12,759.529
2006-01-13,758.843
2006-01-16,758.893
2006-01-17,752.169
2006-01-18,746.617
2006-01-19,752.812
2006-01-20,745.188
2006-01-23,748.661
2006-01-24,749.687
2006-01-25,751.544
2006-01-26,758.296
2006-01-27,763.41
2006-01-30,763.283
2006-01-31,764.402
2006-02-01,765.424
2006-02-02,759.759
2006-02-03,754.529
2006-02-06,756.872
2006-02-07,752.688
2006-02-08,752.645
2006-02-09,756.071
2006-02-10,754.93
2006-02-13,753.208
2006-02-14,757.599
2006-02-15,759.034
2006-02-16,763.282
2006-02-17,763.855
2006-02-20,764.095
2006-02-21,764.186
2006-02-22,768.787
2006-02-23,770.662
2006-02-24,772.071
2006-02-27,774.787
2006-02-28,769.487
2006-03-01,773.083
2006-03-02,771.471
2006-03-03,770.222
2006-03-06,768.761
2006-03-07,763.191
2006-03-08,761.794
2006-03-09,763.627
2006-03-10,766.639
2006-03-13,772.045
2006-03-14,779.709
2006-03-15,783.242
2006-03-16,786.927
2006-03-17,789.127
2006-03-20,789.494
2006-03-21,785.111
2006-03-22,789.108
2006-03-23,784.93
2006-03-24,787.626
2006-03-27,786.928
2006-03-28,783.728
2006-03-29,785.859
2006-03-30,790.881
2006-03-31,786.324
2006-04-03,790.637
2006-04-04,795.225
2006-04-05,798.591
2006-04-06,799.346
2006-04-07,791.679
2006-04-10,792.153
2006-04-11,786.086
2006-04-12,784.553
2006-04-13,784.825
2006-04-14,784.803
2006-04-17,788.043
2006-04-18,797.482
2006-04-19,803.166
2006-04-20,803.997
2006-04-21,808.627
2006-04-24,805.569
2006-04-25,805.228
2006-04-26,808.531
2006-04-27,812.214
2006-04-28,813.531
2006-05-01,814.463
2006-05-02,820.978
2006-05-03,817.04
2006-05-04,820.752
2006-05-05,830.643
2006-05-08,831.918
2006-05-09,834.335
2006-05-10,832.809
2006-05-11,826.06
2006-05-12,814.895
2006-05-15,810.503
2006-05-16,809.605
2006-05-17,794.55
2006-05-18,788.358
2006-05-19,787.281
2006-05-22,780.263
2006-05-23,783.45
2006-05-24,778.946
2006-05-25,787.157
2006-05-26,794.471
2006-05-29,795.496
2006-05-30,787.166
2006-05-31,790.082
2006-06-01,796.232
2006-06-02,803.249
2006-06-05,793.607
2006-06-06,782.551
2006-06-07,779.495
2006-06-08,767.479
2006-06-09,772.165
2006-06-12,764.931
2006-06-13,748.972
2006-06-14,751.925
2006-06-15,766.392
2006-06-16,766.66
2006-06-19,761.786
2006-06-20,762.648
2006-06-21,767.171
2006-06-22,767.431
2006-06-23,765.202
2006-06-26,768.256
2006-06-27,764.786
2006-06-28,764.734
2006-06-29,779.15
2006-06-30,791.125
2006-07-03,796.043
2006-07-04,797.92
2006-07-05,789.365
2006-07-06,793.994
2006-07-07,794.526
2006-07-10,795.922
2006-07-11,794.604
2006-07-12,787.59
2006-07-13,778.402
2006-07-14,770.083
2006-07-17,765.256
2006-07-18,763.17
2006-07-19,777.935
2006-07-20,780.501
2006-07-21,776.359
2006-07-24,785.742
2006-07-25,790.255
2006-07-26,791.49
2006-07-27,797.597
2006-07-28,806.148
2006-07-31,804.86
2006-08-01,800.712
2006-08-02,807.36
2006-08-03,805.882
2006-08-04,811.614
2006-08-07,805.216
2006-08-08,805.34
2006-08-09,806.616
2006-08-10,803.473
2006-08-11,801.557
2006-08-14,804.063
2006-08-15,812.599
2006-08-16,819.125
2006-08-17,820.666
2006-08-18,821.218
2006-08-21,821.008
2006-08-22,821.208
2006-08-23,818.203
2006-08-24,819.102
2006-08-25,816.793
2006-08-28,820.089
2006-08-29,821.474
2006-08-30,823.935
2006-08-31,823.923
2006-09-01,827.155
2006-09-04,831.814
2006-09-05,830.323
2006-09-06,822.639
2006-09-07,815.056
2006-09-08,815.882
2006-09-11,812.031
2006-09-12,818.735
2006-09-13,821.608
2006-09-14,823.951
2006-09-15,823.111
2006-09-18,824.201
2006-09-19,822.879
2006-09-20,825.788
2006-09-21,826.556
2006-09-22,823.777
2006-09-25,825.74
2006-09-26,829.627
2006-09-27,834.504
2006-09-28,835.401
2006-09-29,833.998
2006-10-02,836.326
2006-10-03,835.481
2006-10-04,840.509
2006-10-05,845.488
2006-10-06,841.877
2006-10-09,842.547
2006-10-10,844.066
2006-10-11,842.985
2006-10-12,848.693
2006-10-13,850.582
2006-10-16,854.082
2006-10-17,850.013
2006-10-18,852.938
2006-10-19,855.039
2006-10-20,857.012
2006-10-23,859.417
2006-10-24,859.786
2006-10-25,863.992
2006-10-26,869.327
2006-10-27,867.051
2006-10-30,864.542
2006-10-31,865.953
2006-11-01,864.285
2006-11-02,862.667
2006-11-03,861.509
2006-11-06,869.324
2006-11-07,873.971
2006-11-08,874.024
2006-11-09,871.335
2006-11-10,873.995
2006-11-13,873.306
2006-11-14,876.897
2006-11-15,878.743
2006-11-16,879.102
2006-11-17,878.708
2006-11-20,876.03
2006-11-21,877.909
2006-11-22,882.788
2006-11-23,883.163
2006-11-24,882.309
2006-11-27,874.05
2006-11-28,874.877
2006-11-29,885.062
2006-11-30,888.179
2006-12-01,887.039
2006-12-04,891.403
2006-12-05,895.021
2006-12-06,896.913
2006-12-07,897.23
2006-12-08,898.013
2006-12-11,898.723
2006-12-12,900.423
2006-12-13,902.344
2006-12-14,907.349
2006-12-15,908.602
2006-12-18,907.413
2006-12-19,907.651
2006-12-20,911.272
2006-12-21,909.393
2006-12-22,906.082
2006-12-25,905.627
2006-12-26,907.887
2006-12-27,915.634
2006-12-28,915.742
2006-12-29,913.43
2007-01-01,913.43
2007-01-02,920.059
2007-01-03,917.794
2007-01-04,914.396
2007-01-05,904.099
2007-01-08,905.227
2007-01-09,905.732
2007-01-10,900.115
2007-01-11,905.244
2007-01-12,911.761
2007-01-15,915.165
2007-01-16,913.18
2007-01-17,913.091
2007-01-18,912.892
2007-01-19,916.491
2007-01-22,915.148
2007-01-23,918.775
2007-01-24,924.453
2007-01-25,917.678
2007-01-26,913.772
2007-01-29,915.225
2007-01-30,919.797
2007-01-31,921.645
2007-02-01,930.769
2007-02-02,931.496
2007-02-05,929.823
2007-02-06,934.053
2007-02-07,936.751
2007-02-08,932.965
2007-02-09,931.411
2007-02-12,927.299
2007-02-13,934.728
2007-02-14,943.327
2007-02-15,945.197
2007-02-16,944.33
2007-02-19,945.902
2007-02-20,947.104
2007-02-21,943.632
2007-02-22,943.787
2007-02-23,945.256
2007-02-26,948.352
2007-02-27,926.857
2007-02-28,918.464
2007-03-01,913.612
2007-03-02,906.386
2007-03-05,891.299
2007-03-06,904.227
2007-03-07,905.914
2007-03-08,914.531
2007-03-09,916.287
2007-03-12,919.281
2007-03-13,905.756
2007-03-14,896.685
2007-03-15,906.435
2007-03-16,904.617
2007-03-19,914.768
2007-03-20,921.596
2007-03-21,930.836
2007-03-22,939.14
2007-03-23,941.28
2007-03-26,939.645
2007-03-27,936.363
2007-03-28,932.012
2007-03-29,935.749
2007-03-30,934.303
2007-04-02,936.614
2007-04-03,944.175
2007-04-04,946.246
2007-04-05,948.623
2007-04-06,948.252
2007-04-09,947.679
2007-04-10,953.23
2007-04-11,950.659
2007-04-12,953.247
2007-04-13,955.962
2007-04-16,967.552
2007-04-17,969.366
2007-04-18,971.346
2007-04-19,967.296
2007-04-20,975.423
2007-04-23,972.946
2007-04-24,970.834
2007-04-25,978.627
2007-04-26,977.145
2007-04-27,976.515
2007-04-30,973.826
2007-05-01,972.908
2007-05-02,978.696
2007-05-03,982.001
2007-05-04,986.321
2007-05-07,991.375
2007-05-08,985.127
2007-05-09,988.952
2007-05-10,978.544
2007-05-11,984.554
2007-05-14,984.603
2007-05-15,986.14
2007-05-16,988.312
2007-05-17,986.683
2007-05-18,992.048
2007-05-21,993.371
2007-05-22,995.034
2007-05-23,998.148
2007-05-24,988.185
2007-05-25,989.008
2007-05-28,990.364
2007-05-29,993.714
2007-05-30,995.23
2007-05-31,1000.0
2007-06-01,1005.328
2007-06-04,1007.766
2007-06-05,1003.809
2007-06-06,994.456
2007-06-07,980.462
2007-06-08,981.203
2007-06-11,984.449
2007-06-12,975.477
2007-06-13,982.273
2007-06-14,989.357
2007-06-15,998.805
2007-06-18,998.494
2007-06-19,999.532
2007-06-20,993.444
2007-06-21,992.32
2007-06-22,984.038
2007-06-25,981.714
2007-06-26,978.662
2007-06-27,978.597
2007-06-28,983.959
2007-06-29,987.277
2007-07-02,996.131
2007-07-03,1000.539
2007-07-04,1001.928
2007-07-05,998.415
2007-07-06,1002.489
2007-07-09,1005.174
2007-07-10,995.96
2007-07-11,996.472
2007-07-12,1009.548
2007-07-13,1015.227
2007-07-16,1014.526
2007-07-17,1012.426
2007-07-18,1007.227
2007-07-19,1011.915
2007-07-20,1002.91
2007-07-23,1004.775
2007-07-24,988.606
2007-07-25,984.573
2007-07-26,961.877
2007-07-27,946.956
2007-07-30,950.888
2007-07-31,952.918
2007-08-01,947.575
2007-08-02,951.603
2007-08-03,935.14
2007-08-06,944.318
2007-08-07,951.969
2007-08-08,967.512
2007-08-09,944.41
2007-08-10,931.014
2007-08-13,935.427
2007-08-14,921.883
2007-08-15,908.894
2007-08-16,901.693
2007-08-17,919.949
2007-08-20,924.131
2007-08-21,926.796
2007-08-22,937.048
2007-08-23,941.206
2007-08-24,947.498
2007-08-27,944.095
2007-08-28,926.021
2007-08-29,935.653
2007-08-30,935.742
2007-08-31,947.542
2007-09-03,948.619
2007-09-04,954.752
2007-09-05,943.653
2007-09-06,946.627
2007-09-07,934.574
2007-09-10,929.192
2007-09-11,941.32
2007-09-12,944.076
2007-09-13,950.218
2007-09-14,948.691
2007-09-17,940.811
2007-09-18,957.328
2007-09-19,975.957
2007-09-20,974.452
2007-09-21,975.698
2007-09-24,971.725
2007-09-25,969.246
2007-09-26,973.774
2007-09-27,982.605
2007-09-28,982.445
2007-10-01,992.866
2007-10-02,994.594
2007-10-03,994.076
2007-10-04,995.726
2007-10-05,1004.097
2007-10-08,997.518
2007-10-09,1004.718
2007-10-10,1004.13
2007-10-11,1007.125
2007-10-12,1006.096
2007-10-15,999.107
2007-10-16,988.577
2007-10-17,989.747
2007-10-18,989.043
2007-10-19,972.859
2007-10-22,966.045
2007-10-23,974.884
2007-10-24,970.946
2007-10-25,975.079
2007-10-26,989.74
2007-10-29,997.439
2007-10-30,992.401
2007-10-31,1003.796
2007-11-01,982.094
2007-11-02,974.833
2007-11-05,966.844
2007-11-06,976.06
2007-11-07,960.691
2007-11-08,957.559
2007-11-09,946.671
2007-11-12,937.346
2007-11-13,952.726
2007-11-14,956.039
2007-11-15,941.442
2007-11-16,936.919
2007-11-19,920.97
2007-11-20,928.254
2007-11-21,911.966
2007-11-22,913.911
2007-11-23,926.065
2007-11-26,915.277
2007-11-27,921.812
2007-11-28,940.206
2007-11-29,944.25
2007-11-30,953.344
2007-12-03,949.333
2007-12-04,941.397
2007-12-05,951.623
2007-12-06,961.518
2007-12-07,964.95
2007-12-10,972.137
2007-12-11,958.177
2007-12-12,959.058
2007-12-13,945.853
2007-12-14,933.433
2007-12-17,917.108
2007-12-18,920.809
2007-12-19,917.389
2007-12-20,918.576
2007-12-21,931.327
2007-12-24,936.809
2007-12-25,938.25
2007-12-26,941.166
2007-12-27,935.923
2007-12-28,938.323
2007-12-31,935.474
2008-01-01,935.474
2008-01-02,929.576
2008-01-03,927.801
2008-01-04,910.7
2008-01-07,909.683
2008-01-08,901.599
2008-01-09,902.906
2008-01-10,903.558
2008-01-11,897.985
2008-01-14,904.681
2008-01-15,883.974
2008-01-16,873.422
2008-01-17,859.749
2008-01-18,849.169
2008-01-21,824.698
2008-01-22,824.646
2008-01-23,833.012
2008-01-24,855.282
2008-01-25,853.629
2008-01-28,859.438
2008-01-29,869.492
2008-01-30,863.793
2008-01-31,873.959
2008-02-01,886.23
2008-02-04,883.891
2008-02-05,854.836
2008-02-06,848.648
2008-02-07,845.233
2008-02-08,840.987
2008-02-11,837.603
2008-02-12,852.254
2008-02-13,855.714
2008-02-14,854.49
2008-02-15,851.502
2008-02-18,855.106
2008-02-19,859.31
2008-02-20,852.855
2008-02-21,854.164
2008-02-22,855.53
2008-02-25,869.936
2008-02-26,879.039
2008-02-27,884.36
2008-02-28,874.854
2008-02-29,856.78
2008-03-03,848.181
2008-03-04,841.89
2008-03-05,847.926
2008-03-06,835.727
2008-03-07,826.136
2008-03-10,815.838
2008-03-11,837.566
2008-03-12,843.197
2008-03-13,840.327
2008-03-14,826.154
2008-03-17,810.486
2008-03-18,840.173
2008-03-19,827.861
2008-03-20,834.598
2008-03-21,836.632
2008-03-24,841.039
2008-03-25,858.742
2008-03-26,856.743
2008-03-27,855.743
2008-03-28,849.826
2008-03-31,850.979
2008-04-01,871.441
2008-04-02,880.535
2008-04-03,881.573
2008-04-04,883.153
2008-04-07,886.608
2008-04-08,879.816
2008-04-09,872.484
2008-04-10,872.478
2008-04-11,861.95
2008-04-14,854.863
2008-04-15,858.568
2008-04-16,878.429
2008-04-17,878.307
2008-04-18,886.997
2008-04-21,888.581
2008-04-22,883.433
2008-04-23,881.565
2008-04-24,881.59
2008-04-25,891.153
2008-04-28,895.035
2008-04-29,892.018
2008-04-30,891.65
2008-05-01,895.209
2008-05-02,904.566
2008-05-05,902.964
2008-05-06,906.083
2008-05-07,897.266
2008-05-08,897.259
2008-05-09,889.222
2008-05-12,897.209
2008-05-13,895.439
2008-05-14,898.701
2008-05-15,906.159
2008-05-16,911.303
2008-05-19,914.22
2008-05-20,907.233
2008-05-21,898.781
2008-05-22,900.381
2008-05-23,890.339
2008-05-26,886.795
2008-05-27,886.577
2008-05-28,886.131
2008-05-29,889.962
2008-05-30,892.745
2008-06-02,885.315
2008-06-03,880.468
2008-06-04,877.545
2008-06-05,886.937
2008-06-06,871.49
2008-06-09,864.486
2008-06-10,853.931
2008-06-11,844.006
2008-06-12,840.789
2008-06-13,847.807
2008-06-16,851.611
2008-06-17,850.916
2008-06-18,841.739
2008-06-19,836.207
2008-06-20,825.253
2008-06-23,819.206
2008-06-24,819.114
2008-06-25,825.348
2008-06-26,810.025
2008-06-27,805.127
2008-06-30,807.066
2008-07-01,801.543
2008-07-02,794.339
2008-07-03,793.892
2008-07-04,790.066
2008-07-07,786.52
2008-07-08,789.986
2008-07-09,786.983
2008-07-10,785.22
2008-07-11,775.314
2008-07-14,768.89
2008-07-15,756.478
2008-07-16,767.91
2008-07-17,785.155
2008-07-18,790.885
2008-07-21,794.195
2008-07-22,801.984
2008-07-23,810.894
2008-07-24,797.979
2008-07-25,792.823
2008-07-28,781.098
2008-07-29,786.618
2008-07-30,799.027
2008-07-31,794.487
2008-08-01,788.907
2008-08-04,781.897
2008-08-05,798.988
2008-08-06,802.872
2008-08-07,790.549
2008-08-08,796.323
2008-08-11,806.724
2008-08-12,797.111
2008-08-13,784.513
2008-08-14,787.758
2008-08-15,786.941
2008-08-18,781.539
2008-08-19,766.217
2008-08-20,770.022
2008-08-21,771.564
2008-08-22,779.052
2008-08-25,771.103
2008-08-26,769.573
2008-08-27,774.808
2008-08-28,787.973
2008-08-29,788.364
2008-09-01,783.229
2008-09-02,783.218
2008-09-03,782.344
2008-09-04,760.814
2008-09-05,754.49
2008-09-08,776.991
2008-09-09,757.919
2008-09-10,756.582
2008-09-11,753.466
2008-09-12,762.963
2008-09-15,730.96
2008-09-16,726.662
2008-09-17,702.96
2008-09-18,721.876
2008-09-19,770.326
2008-09-22,753.808
2008-09-23,744.981
2008-09-24,741.442
2008-09-25,754.564
2008-09-26,750.145
2008-09-29,696.57
2008-09-30,708.988
2008-10-01,714.307
2008-10-02,693.196
2008-10-03,691.05
2008-10-06,652.112
2008-10-07,627.952
2008-10-08,603.984
2008-10-09,570.996
2008-10-10,544.791
2008-10-13,593.658
2008-10-14,614.665
2008-10-15,572.608
2008-10-16,564.92
2008-10-17,571.635
2008-10-20,595.887
2008-10-21,586.946
2008-10-22,549.525
2008-10-23,552.562
2008-10-24,527.208
2008-10-27,501.892
2008-10-28,534.458
2008-10-29,554.819
2008-10-30,571.273
2008-10-31,574.786
2008-11-03,578.259
2008-11-04,606.504
2008-11-05,591.246
2008-11-06,557.076
2008-11-07,565.432
2008-11-10,564.242
2008-11-11,544.759
2008-11-12,522.97
2008-11-13,538.904
2008-11-14,530.139
2008-11-17,518.353
2008-11-18,519.717
2008-11-19,493.389
2008-11-20,462.869
2008-11-21,476.55
2008-11-24,510.985
2008-11-25,522.304
2008-11-26,531.455
2008-11-27,536.441
2008-11-28,542.521
2008-12-01,500.852
2008-12-02,514.396
2008-12-03,523.148
2008-12-04,513.353
2008-12-05,516.907
2008-12-08,547.374
2008-12-09,541.442
2008-12-10,549.399
2008-12-11,543.462
2008-12-12,539.735
2008-12-15,541.024
2008-12-16,558.622
2008-12-17,563.674
2008-12-18,556.374
2008-12-19,549.241
2008-12-22,540.216
2008-12-23,537.23
2008-12-24,537.185
2008-12-25,538.215
2008-12-26,541.563
2008-12-29,546.034
2008-12-30,556.344
2008-12-31,560.159
2009-01-01,560.159
2009-01-02,575.585
2009-01-05,573.213
2009-01-06,576.588
2009-01-07,569.804
2009-01-08,569.005
2009-01-09,559.132
2009-01-12,546.486
2009-01-13,537.856
2009-01-14,519.931
2009-01-15,512.078
2009-01-16,518.727
2009-01-19,513.749
2009-01-20,488.233
2009-01-21,499.712
2009-01-22,493.139
2009-01-23,489.605
2009-01-26,499.801
2009-01-27,507.869
2009-01-28,526.081
2009-01-29,510.698
2009-01-30,498.242
2009-02-02,492.399
2009-02-03,499.568
2009-02-04,501.992
2009-02-05,503.767
2009-02-06,516.13
2009-02-09,520.983
2009-02-10,499.677
2009-02-11,499.655
2009-02-12,493.874
2009-02-13,492.163
2009-02-16,488.059
2009-02-17,464.836
2009-02-18,460.63
2009-02-19,459.137
2009-02-20,447.138
2009-02-23,437.726
2009-02-24,446.176
2009-02-25,444.58
2009-02-26,446.972
2009-02-27,436.863
2009-03-02,413.719
2009-03-03,407.267
2009-03-04,416.787
2009-03-05,400.653
2009-03-06,398.576
2009-03-09,393.566
2009-03-10,417.767
2009-03-11,420.864
2009-03-12,432.036
2009-03-13,438.956
2009-03-16,445.383
2009-03-17,454.352
2009-03-18,464.06
2009-03-19,471.85
2009-03-20,461.735
2009-03-23,489.255
2009-03-24,483.637
2009-03-25,488.471
2009-03-26,496.17
2009-03-27,486.525
2009-03-30,464.063
2009-03-31,472.475
2009-04-01,482.282
2009-04-02,505.397
2009-04-03,509.422
2009-04-06,505.303
2009-04-07,494.858
2009-04-08,496.197
2009-04-09,517.102
2009-04-10,517.85
2009-04-13,521.884
2009-04-14,518.114
2009-04-15,520.924
2009-04-16,528.216
2009-04-17,533.913
2009-04-20,510.044
2009-04-21,515.643
2009-04-22,516.823
2009-04-23,521.417
2009-04-24,532.897
2009-04-27,527.832
2009-04-28,521.202
2009-04-29,535.188
2009-04-30,540.08
2009-05-01,542.092
2009-05-04,560.546
2009-05-05,561.793
2009-05-06,572.227
2009-05-07,571.122
2009-05-08,587.34
2009-05-11,577.864
2009-05-12,575.078
2009-05-13,557.887
2009-05-14,559.753
2009-05-15,558.665
2009-05-18,570.336
2009-05-19,577.545
2009-05-20,580.134
2009-05-21,570.513
2009-05-22,572.745
2009-05-25,573.347
2009-05-26,583.708
2009-05-27,579.249
2009-05-28,581.412
2009-05-29,590.89
2009-06-01,606.861
2009-06-02,609.941
2009-06-03,598.556
2009-06-04,602.167
2009-06-05,599.229
2009-06-08,594.875
2009-06-09,599.06
2009-06-10,602.126
2009-06-11,608.785
2009-06-12,607.564
2009-06-15,590.8
2009-06-16,584.723
2009-06-17,578.308
2009-06-18,582.956
2009-06-19,586.641
2009-06-22,569.609
2009-06-23,568.468
2009-06-24,576.515
2009-06-25,580.502
2009-06-26,584.696
2009-06-29,589.817
2009-06-30,585.662
2009-07-01,591.723
2009-07-02,574.885
2009-07-03,574.574
2009-07-06,570.807
2009-07-07,563.898
2009-07-08,556.529
2009-07-09,559.736
2009-07-10,556.242
2009-07-13,566.328
2009-07-14,573.773
2009-07-15,591.191
2009-07-16,595.849
2009-07-17,595.366
2009-07-20,604.141
2009-07-21,609.251
2009-07-22,609.649
2009-07-23,622.994
2009-07-24,625.972
2009-07-27,630.762
2009-07-28,627.559
2009-07-29,624.561
2009-07-30,635.342
2009-07-31,639.661
2009-08-03,654.281
2009-08-04,656.775
2009-08-05,656.248
2009-08-06,655.435
2009-08-07,659.874
2009-08-10,658.713
2009-08-11,649.933
2009-08-12,656.835
2009-08-13,665.511
2009-08-14,661.175
2009-08-17,641.648
2009-08-18,648.737
2009-08-19,652.475
2009-08-20,660.988
2009-08-21,673.293
2009-08-24,678.781
2009-08-25,682.062
2009-08-26,679.479
2009-08-27,679.608
2009-08-28,685.26
2009-08-31,679.502
2009-09-01,664.78
2009-09-02,658.128
2009-09-03,662.318
2009-09-04,669.602
2009-09-07,675.641
2009-09-08,683.73
2009-09-09,689.757
2009-09-10,694.793
2009-09-11,696.7
2009-09-14,697.039
2009-09-15,698.96
2009-09-16,712.155
2009-09-17,714.539
2009-09-18,713.216
2009-09-21,706.586
2009-09-22,715.486
2009-09-23,711.389
2009-09-24,700.708
2009-09-25,696.616
2009-09-28,706.241
2009-09-29,704.792
2009-09-30,704.654
2009-10-01,687.799
2009-10-02,678.608
2009-10-05,687.447
2009-10-06,701.516
2009-10-07,702.48
2009-10-08,711.673
2009-10-09,713.188
2009-10-12,717.529
2009-10-13,714.249
2009-10-14,728.432
2009-10-15,730.339
2009-10-16,721.846
2009-10-19,730.608
2009-10-20,726.936
2009-10-21,724.621
2009-10-22,725.762
2009-10-23,718.135
2009-10-26,707.68
2009-10-27,702.125
2009-10-28,686.427
2009-10-29,699.807
2009-10-30,684.394
2009-11-02,685.947
2009-11-03,682.762
2009-11-04,689.379
2009-11-05,698.256
2009-11-06,699.768
2009-11-09,716.782
2009-11-10,715.906
2009-11-11,720.131
2009-11-12,713.212
2009-11-13,716.812
2009-11-16,728.316
2009-11-17,723.968
2009-11-18,726.443
2009-11-19,712.979
2009-11-20,709.018
2009-11-23,722.077
2009-11-24,717.793
2009-11-25,723.815
2009-11-26,713.269
2009-11-27,706.357
2009-11-30,709.802
2009-12-01,723.485
2009-12-02,724.609
2009-12-03,721.983
2009-12-04,722.242
2009-12-07,720.206
2009-12-08,711.694
2009-12-09,709.461
2009-12-10,712.023
2009-12-11,713.493
2009-12-14,718.662
2009-12-15,713.816
2009-12-16,719.107
2009-12-17,707.247
2009-12-18,705.715
2009-12-21,713.075
2009-12-22,714.896
2009-12-23,718.453
2009-12-24,721.807
2009-12-25,721.409
2009-12-28,724.231
2009-12-29,725.447
2009-12-30,721.475
2009-12-31,719.704
2010-01-01,719.704
2010-01-04,732.886
2010-01-05,736.127
2010-01-06,737.076
2010-01-07,737.964
2010-01-08,740.33
2010-01-11,746.626
2010-01-12,741.838
2010-01-13,743.378
2010-01-14,746.998
2010-01-15,739.287
2010-01-18,740.587
2010-01-19,744.08
2010-01-20,733.489
2010-01-21,721.98
2010-01-22,712.299
2010-01-25,712.202
2010-01-26,707.996
2010-01-27,706.316
2010-01-28,700.203
2010-01-29,695.905
2010-02-01,701.718
2010-02-02,711.823
2010-02-03,706.619
2010-02-04,686.522
2010-02-05,679.938
2010-02-08,677.122
2010-02-09,681.971
2010-02-10,683.157
2010-02-11,686.083
2010-02-12,685.261
2010-02-15,685.317
2010-02-16,696.46
2010-02-17,701.695
2010-02-18,704.698
2010-02-19,702.477
2010-02-22,706.628
2010-02-23,699.536
2010-02-24,702.796
2010-02-25,697.057
2010-02-26,702.595
2010-03-01,706.305
2010-03-02,712.009
2010-03-03,716.956
2010-03-04,716.416
2010-03-05,725.985
2010-03-08,728.552
2010-03-09,728.353
2010-03-10,732.83
2010-03-11,734.61
2010-03-12,737.127
2010-03-15,734.158
2010-03-16,742.004
2010-03-17,748.147
2010-03-18,744.354
2010-03-19,740.581
2010-03-22,741.898
2010-03-23,747.011
2010-03-24,740.96
2010-03-25,741.891
2010-03-26,743.213
2010-03-29,748.514
2010-03-30,748.108
2010-03-31,747.66
2010-04-01,755.277
2010-04-02,755.733
2010-04-05,759.041
2010-04-06,760.578
2010-04-07,757.768
2010-04-08,756.691
2010-04-09,764.293
2010-04-12,768.59
2010-04-13,766.534
2010-04-14,775.662
2010-04-15,777.233
2010-04-16,764.565
2010-04-19,762.016
2010-04-20,769.414
2010-04-21,767.924
2010-04-22,763.846
2010-04-23,767.809
2010-04-26,768.839
2010-04-27,751.561
2010-04-28,747.343
2010-04-29,756.559
2010-04-30,750.23
2010-05-03,754.073
2010-05-04,734.63
2010-05-05,726.104
2010-05-06,703.794
2010-05-07,688.399
2010-05-10,723.215
2010-05-11,718.449
2010-05-12,727.264
2010-05-13,723.306
2010-05-14,705.122
2010-05-17,700.489
2010-05-18,697.17
2010-05-19,687.786
2010-05-20,667.302
2010-05-21,674.395
2010-05-24,666.794
2010-05-25,657.498
2010-05-26,660.772
2010-05-27,681.167
2010-05-28,678.085
2010-05-31,677.601
2010-06-01,669.795
2010-06-02,675.678
2010-06-03,681.903
2010-06-04,661.679
2010-06-07,650.055
2010-06-08,653.144
2010-06-09,655.767
2010-06-10,671.305
2010-06-11,675.413
2010-06-14,681.487
2010-06-15,692.441
2010-06-16,693.381
2010-06-17,694.729
2010-06-18,696.79
2010-06-21,699.214
2010-06-22,689.389
2010-06-23,683.31
2010-06-24,674.754
2010-06-25,674.479
2010-06-28,676.092
2010-06-29,655.071
2010-06-30,651.555
2010-07-01,648.052
2010-07-02,648.214
2010-07-05,646.4
2010-07-06,657.071
2010-07-07,670.875
2010-07-08,679.461
2010-07-09,683.995
2010-07-12,683.147
2010-07-13,695.142
2010-07-14,696.109
2010-07-15,695.669
2010-07-16,680.857
2010-07-19,680.402
2010-07-20,682.424
2010-07-21,678.982
2010-07-22,693.253
2010-07-23,697.688
2010-07-26,707.207
2010-07-27,710.032
2010-07-28,708.489
2010-07-29,709.03
2010-07-30,706.447
2010-08-02,724.26
2010-08-03,724.279
2010-08-04,724.374
2010-08-05,724.643
2010-08-06,723.787
2010-08-09,727.91
2010-08-10,719.489
2010-08-11,698.494
2010-08-12,694.044
2010-08-13,692.194
2010-08-16,693.433
2010-08-17,701.11
2010-08-18,701.618
2010-08-19,692.149
2010-08-20,683.558
2010-08-23,684.086
2010-08-24,675.708
2010-08-25,672.682
2010-08-26,674.555
2010-08-27,683.107
2010-08-30,678.607
2010-08-31,678.004
2010-09-01,697.414
2010-09-02,701.83
2010-09-03,709.927
2010-09-06,713.216
2010-09-07,704.07
2010-09-08,707.376
2010-09-09,713.277
2010-09-10,714.555
2010-09-13,724.958
2010-09-14,726.122
2010-09-15,725.978
2010-09-16,723.957
2010-09-17,722.381
2010-09-20,732.617
2010-09-21,730.956
2010-09-22,730.392
2010-09-23,724.163
2010-09-24,736.953
2010-09-27,735.096
2010-09-28,738.067
2010-09-29,737.627
2010-09-30,735.257
2010-10-01,739.313
2010-10-04,733.354
2010-10-05,748.735
2010-10-06,753.079
2010-10-07,754.25
2010-10-08,755.82
2010-10-11,756.189
2010-10-12,754.128
2010-10-13,762.478
2010-10-14,764.18
2010-10-15,759.716
2010-10-18,764.425
2010-10-19,753.395
2010-10-20,761.637
2010-10-21,762.338
2010-10-22,760.809
2010-10-25,763.975
2010-10-26,760.176
2010-10-27,753.844
2010-10-28,758.402
2010-10-29,759.135
2010-11-01,758.744
2010-11-02,765.267
2010-11-03,765.209
2010-11-04,783.475
2010-11-05,783.973
2010-11-08,781.289
2010-11-09,778.971
2010-11-10,774.295
2010-11-11,772.675
2010-11-12,766.835
2010-11-15,766.59
2010-11-16,752.534
2010-11-17,753.818
2010-11-18,765.085
2010-11-19,765.719
2010-11-22,761.634
2010-11-23,748.754
2010-11-24,754.714
2010-11-25,755.32
2010-11-26,746.735
2010-11-29,741.346
2010-11-30,736.685
2010-12-01,751.377
2010-12-02,764.213
2010-12-03,769.984
2010-12-06,768.316
2010-12-07,771.64
2010-12-08,771.652
2010-12-09,776.195
2010-12-10,780.027
2010-12-13,785.586
2010-12-14,787.321
2010-12-15,782.519
2010-12-16,782.707
2010-12-17,780.756
2010-12-20,781.998
2010-12-21,789.441
2010-12-22,791.839
2010-12-23,791.83
2010-12-24,792.286
2010-12-27,791.615
2010-12-28,793.656
2010-12-29,795.905
2010-12-30,794.546
2010-12-31,796.918
2011-01-03,802.813
2011-01-04,804.487
2011-01-05,802.536
2011-01-06,801.36
2011-01-07,799.295
2011-01-10,795.251
2011-01-11,798.93
2011-01-12,810.171
2011-01-13,815.747
2011-01-14,819.344
2011-01-17,818.303
2011-01-18,823.146
2011-01-19,819.083
2011-01-20,812.639
2011-01-21,819.489
2011-01-24,824.828
2011-01-25,823.797
2011-01-26,826.831
2011-01-27,829.784
2011-01-28,818.757
2011-01-31,821.973
2011-02-01,837.195
2011-02-02,838.026
2011-02-03,835.87
2011-02-04,836.428
2011-02-07,842.176
2011-02-08,847.141
2011-02-09,844.443
2011-02-10,841.764
2011-02-11,842.992
2011-02-14,845.133
2011-02-15,845.43
2011-02-16,851.384
2011-02-17,857.054
2011-02-18,859.905
2011-02-21,856.771
2011-02-22,844.731
2011-02-23,840.186
2011-02-24,838.149
2011-02-25,846.239
2011-02-28,853.828
2011-03-01,846.607
2011-03-02,844.227
2011-03-03,852.913
2011-03-04,850.609
2011-03-07,845.558
2011-03-08,848.048
2011-03-09,848.042
2011-03-10,831.532
2011-03-11,832.348
2011-03-14,823.212
2011-03-15,803.984
2011-03-16,796.675
2011-03-17,809.244
2011-03-18,815.101
2011-03-21,827.974
2011-03-22,831.03
2011-03-23,830.146
2011-03-24,836.833
2011-03-25,838.505
2011-03-28,836.075
2011-03-29,837.012
2011-03-30,844.357
2011-03-31,843.516
2011-04-01,848.106
2011-04-04,850.543
2011-04-05,849.012
2011-04-06,853.313
2011-04-07,851.38
2011-04-08,855.351
2011-04-11,853.24
2011-04-12,843.93
2011-04-13,845.774
2011-04-14,844.376
2011-04-15,845.536
2011-04-18,831.179
2011-04-19,835.216
2011-04-20,850.572
2011-04-21,856.17
2011-04-22,856.224
2011-04-25,854.419
2011-04-26,861.22
2011-04-27,865.212
2011-04-28,874.862
2011-04-29,877.538
2011-05-02,879.212
2011-05-03,874.274
2011-05-04,867.168
2011-05-05,856.961
2011-05-06,859.135
2011-05-09,855.081
2011-05-10,863.708
2011-05-11,858.445
2011-05-12,854.843
2011-05-13,849.357
2011-05-16,845.43
2011-05-17,841.111
2011-05-18,849.148
2011-05-19,851.232
2011-05-20,844.987
2011-05-23,830.943
2011-05-24,831.686
2011-05-25,834.511
2011-05-26,837.781
2011-05-27,845.131
2011-05-30,844.839
2011-05-31,855.451
2011-06-01,842.571
2011-06-02,836.016
2011-06-03,833.202
2011-06-06,825.884
2011-06-07,827.738
2011-06-08,822.166
2011-06-09,825.654
2011-06-10,814.304
2011-06-13,815.237
2011-06-14,826.677
2011-06-15,812.535
2011-06-16,807.459
2011-06-17,813.326
2011-06-20,813.782
2011-06-21,825.838
2011-06-22,824.576
2011-06-23,811.548
2011-06-24,807.256
2011-06-27,810.383
2011-06-28,818.706
2011-06-29,830.059
2011-06-30,841.263
2011-07-01,849.642
2011-07-04,852.06
2011-07-05,848.984
2011-07-06,845.269
2011-07-07,851.189
2011-07-08,844.366
2011-07-11,825.662
2011-07-12,821.328
2011-07-13,829.01
2011-07-14,823.159
2011-07-15,822.614
2011-07-18,811.312
2011-07-19,822.619
2011-07-20,828.921
2011-07-21,843.475
2011-07-22,845.259
2011-07-25,838.618
2011-07-26,839.382
2011-07-27,824.634
2011-07-28,820.289
2011-07-29,816.5
2011-08-01,810.301
2011-08-02,792.948
2011-08-03,788.383
2011-08-04,754.832
2011-08-05,745.279
2011-08-08,705.714
2011-08-09,725.481
2011-08-10,702.433
2011-08-11,725.994
2011-08-12,733.333
2011-08-15,750.611
2011-08-16,744.876
2011-08-17,748.612
2011-08-18,717.526
2011-08-19,707.436
2011-08-22,706.712
2011-08-23,722.425
2011-08-24,730.426
2011-08-25,721.699
2011-08-26,724.851
2011-08-29,744.268
2011-08-30,746.218
2011-08-31,755.555
2011-09-01,749.098
2011-09-02,730.583
2011-09-05,717.436
2011-09-06,708.53
2011-09-07,729.03
2011-09-08,726.064
2011-09-09,704.273
2011-09-12,696.506
2011-09-13,704.488
2011-09-14,710.313
2011-09-15,727.138
2011-09-16,730.998
2011-09-19,717.467
2011-09-20,719.958
2011-09-21,703.236
2011-09-22,675.463
2011-09-23,679.823
2011-09-26,690.225
2011-09-27,709.753
2011-09-28,700.255
2011-09-29,708.837
2011-09-30,693.902
2011-10-03,673.963
2011-10-04,674.794
2011-10-05,687.354
2011-10-06,704.143
2011-10-07,704.433
2011-10-10,724.038
2011-10-11,724.951
2011-10-12,736.89
2011-10-13,730.642
2011-10-14,740.263
2011-10-17,730.927
2011-10-18,735.926
2011-10-19,736.736
2011-10-20,732.581
2011-10-21,749.25
2011-10-24,759.382
2011-10-25,748.359
2011-10-26,752.612
2011-10-27,785.743
2011-10-28,785.286
2011-10-31,761.902
2011-11-01,732.875
2011-11-02,742.664
2011-11-03,753.4
2011-11-04,749.767
2011-11-07,751.39
2011-11-08,758.133
2011-11-09,735.911
2011-11-10,736.75
2011-11-11,753.28
2011-11-14,745.66
2011-11-15,742.53
2011-11-16,735.238
2011-11-17,726.485
2011-11-18,724.472
2011-11-21,707.989
2011-11-22,703.573
2011-11-23,687.853
2011-11-24,685.545
2011-11-25,684.718
2011-11-28,705.816
2011-11-29,711.16
2011-11-30,740.846
2011-12-01,739.337
2011-12-02,743.297
2011-12-05,752.112
2011-12-06,749.007
2011-12-07,752.26
2011-12-08,735.815
2011-12-09,745.362
2011-12-12,732.438
2011-12-13,726.902
2011-12-14,715.545
2011-12-15,719.491
2011-12-16,721.858
2011-12-19,713.627
2011-12-20,732.235
2011-12-21,734.868
2011-12-22,742.467
2011-12-23,747.776
2011-12-26,748.066
2011-12-27,748.116
2011-12-28,737.567
2011-12-29,744.454
2011-12-30,747.456
2012-01-02,749.88
2012-01-03,762.421
2012-01-04,760.343
2012-01-05,755.683
2012-01-06,752.188
2012-01-09,752.834
2012-01-10,763.0
2012-01-11,761.978
2012-01-12,763.971
2012-01-13,759.689
2012-01-16,760.555
2012-01-17,765.569
2012-01-18,772.003
2012-01-19,779.359
2012-01-20,782.637
2012-01-23,787.284
2012-01-24,783.367
2012-01-25,785.379
2012-01-26,789.339
2012-01-27,786.325
2012-01-30,780.722
2012-01-31,781.743
2012-02-01,793.673
2012-02-02,794.932
2012-02-03,803.962
2012-02-06,803.689
2012-02-07,806.952
2012-02-08,809.648
2012-02-09,810.555
2012-02-10,800.106
2012-02-13,806.28
2012-02-14,801.797
2012-02-15,802.496
2012-02-16,806.822
2012-02-17,813.411
2012-02-20,818.627
2012-02-21,817.307
2012-02-22,812.13
2012-02-23,815.39
2012-02-24,819.307
2012-02-27,818.32
2012-02-28,820.459
2012-02-29,817.506
2012-03-01,821.271
2012-03-02,817.541
2012-03-05,814.418
2012-03-06,797.074
2012-03-07,800.57
2012-03-08,812.0
2012-03-09,813.233
2012-03-12,811.992
2012-03-13,825.494
2012-03-14,823.541
2012-03-15,829.393
2012-03-16,833.297
2012-03-19,836.264
2012-03-20,830.765
2012-03-21,827.196
2012-03-22,821.455
2012-03-23,824.547
2012-03-26,833.581
2012-03-27,832.312
2012-03-28,826.843
2012-03-29,821.705
2012-03-30,825.61
2012-04-02,831.918
2012-04-03,826.183
2012-04-04,811.192
2012-04-05,808.656
2012-04-06,808.061
2012-04-09,801.65
2012-04-10,787.924
2012-04-11,793.194
2012-04-12,803.649
2012-04-13,793.173
2012-04-16,794.045
2012-04-17,806.341
2012-04-18,803.247
2012-04-19,799.333
2012-04-20,802.83
2012-04-23,792.72
2012-04-24,799.886
2012-04-25,806.6
2012-04-26,811.456
2012-04-27,814.812
2012-04-30,811.968
2012-05-01,814.5
2012-05-02,809.791
2012-05-03,805.045
2012-05-04,794.352
2012-05-07,792.681
2012-05-08,787.495
2012-05-09,780.696
2012-05-10,785.93
2012-05-11,783.269
2012-05-14,771.506
2012-05-15,764.274
2012-05-16,758.156
2012-05-17,750.425
2012-05-18,742.842
2012-05-21,748.782
2012-05-22,754.713
2012-05-23,746.225
2012-05-24,749.831
2012-05-25,748.037
2012-05-28,748.601
2012-05-29,755.241
2012-05-30,742.278
2012-05-31,741.576
2012-06-01,727.312
2012-06-04,725.634
2012-06-05,730.709
2012-06-06,747.417
2012-06-07,752.032
2012-06-08,751.186
2012-06-11,747.68
2012-06-12,752.376
2012-06-13,751.96
2012-06-14,757.034
2012-06-15,765.786
2012-06-18,765.611
2012-06-19,775.908
2012-06-20,778.407
2012-06-21,765.0
2012-06-22,764.635
2012-06-25,752.973
2012-06-26,754.022
2012-06-27,762.775
2012-06-28,763.156
2012-06-29,785.375
2012-07-02,788.663
2012-07-03,794.809
2012-07-04,793.839
2012-07-05,787.569
2012-07-06,779.771
2012-07-09,776.546
2012-07-10,773.242
2012-07-11,775.168
2012-07-12,768.265
2012-07-13,779.969
2012-07-16,779.997
2012-07-17,782.72
2012-07-18,788.037
2012-07-19,790.857
2012-07-20,779.841
2012-07-23,767.709
2012-07-24,760.997
2012-07-25,760.911
2012-07-26,777.09
2012-07-27,791.291
2012-07-30,794.328
2012-07-31,792.331
2012-08-01,790.451
2012-08-02,780.788
2012-08-03,797.297
2012-08-06,802.474
2012-08-07,808.513
2012-08-08,809.464
2012-08-09,810.194
2012-08-10,810.904
2012-08-13,809.147
2012-08-14,809.819
2012-08-15,809.466
2012-08-16,816.24
2012-08-17,818.166
2012-08-20,817.764
2012-08-21,820.793
2012-08-22,816.573
2012-08-23,814.323
2012-08-24,814.473
2012-08-27,814.832
2012-08-28,813.695
2012-08-29,813.195
2012-08-30,806.366
2012-08-31,810.973
2012-09-03,811.761
2012-09-04,808.619
2012-09-05,807.878
2012-09-06,823.72
2012-09-07,834.387
2012-09-10,832.126
2012-09-11,836.651
2012-09-12,840.74
2012-09-13,848.653
2012-09-14,860.512
2012-09-17,855.71
2012-09-18,851.174
2012-09-19,853.662
2012-09-20,849.589
2012-09-21,852.537
2012-09-24,849.594
2012-09-25,847.091
2012-09-26,836.095
2012-09-27,842.295
2012-09-28,836.439
2012-10-01,841.347
2012-10-02,842.008
2012-10-03,841.111
2012-10-04,848.343
2012-10-05,853.133
2012-10-08,848.301
2012-10-09,841.225
2012-10-10,835.743
2012-10-11,838.9
2012-10-12,835.552
2012-10-15,840.079
2012-10-16,850.859
2012-10-17,860.426
2012-10-18,862.676
2012-10-19,851.696
2012-10-22,850.108
2012-10-23,836.607
2012-10-24,835.756
2012-10-25,838.643
2012-10-26,836.1
2012-10-29,833.365
2012-10-30,837.277
2012-10-31,837.91
2012-11-01,845.641
2012-11-02,840.673
2012-11-05,838.045
2012-11-06,844.025
2012-11-07,828.405
2012-11-08,821.137
2012-11-09,819.822
2012-11-12,818.49
2012-11-13,816.121
2012-11-14,806.779
2012-11-15,804.975
2012-11-16,804.254
2012-11-19,821.021
2012-11-20,821.025
2012-11-21,823.509
2012-11-22,827.284
2012-11-23,836.266
2012-11-26,834.368
2012-11-27,831.744
2012-11-28,834.556
2012-11-29,841.676
2012-11-30,842.545
2012-12-03,841.885
2012-12-04,842.327
2012-12-05,846.199
2012-12-06,848.243
2012-12-07,849.984
2012-12-10,850.536
2012-12-11,856.146
2012-12-12,858.944
2012-12-13,856.641
2012-12-14,856.145
2012-12-17,862.882
2012-12-18,871.614
2012-12-19,873.141
2012-12-20,876.045
2012-12-21,869.099
2012-12-24,867.093
2012-12-25,867.455
2012-12-26,866.691
2012-12-27,866.4
2012-12-28,860.127
2012-12-31,867.077
2013-01-01,867.127
2013-01-02,886.437
2013-01-03,884.903
2013-01-04,890.125
2013-01-07,888.351
2013-01-08,884.959
2013-01-09,888.441
2013-01-10,896.794
2013-01-11,898.841
2013-01-14,898.802
2013-01-15,900.649
2013-01-16,897.286
2013-01-17,902.166
2013-01-18,903.595
2013-01-21,905.017
2013-01-22,908.063
2013-01-23,906.08
2013-01-24,910.247
2013-01-25,916.273
2013-01-28,915.605
2013-01-29,921.945
2013-01-30,920.622
2013-01-31,918.522
2013-02-01,924.776
2013-02-04,913.385
2013-02-05,916.716
2013-02-06,919.3
2013-02-07,914.769
2013-02-08,919.723
2013-02-11,918.306
2013-02-12,925.157
2013-02-13,925.462
2013-02-14,923.297
2013-02-15,919.508
2013-02-18,921.177
2013-02-19,929.328
2013-02-20,922.008
2013-02-21,909.823
2013-02-22,916.303
2013-02-25,908.818
2013-02-26,904.733
2013-02-27,914.29
2013-02-28,917.576
2013-03-01,914.732
2013-03-04,916.628
2013-03-05,926.655
2013-03-06,929.262
2013-03-07,930.803
2013-03-08,934.404
2013-03-11,938.463
2013-03-12,937.673
2013-03-13,935.132
2013-03-14,942.696
2013-03-15,945.634
2013-03-18,936.869
2013-03-19,934.034
2013-03-20,939.593
2013-03-21,935.651
2013-03-22,938.888
2013-03-25,934.517
2013-03-26,938.241
2013-03-27,935.782
2013-03-28,938.292
2013-03-29,937.982
2013-04-01,933.971
2013-04-02,937.927
2013-04-03,930.034
2013-04-04,929.224
2013-04-05,928.354
2013-04-08,932.707
2013-04-09,938.779
2013-04-10,952.179
2013-04-11,958.011
2013-04-12,953.944
2013-04-15,937.221
2013-04-16,941.942
2013-04-17,930.654
2013-04-18,927.598
2013-04-19,934.094
2013-04-22,937.73
2013-04-23,949.408
2013-04-24,955.483
2013-04-25,960.735
2013-04-26,959.654
2013-04-29,967.17
2013-04-30,972.197
2013-05-01,964.29
2013-05-02,966.537
2013-05-03,975.084
2013-05-06,974.79
2013-05-07,982.712
2013-05-08,989.768
2013-05-09,983.87
2013-05-10,982.673
2013-05-13,983.712
2013-05-14,990.027
2013-05-15,994.212
2013-05-16,992.807
2013-05-17,997.358
2013-05-20,1002.19
2013-05-21,1003.748
2013-05-22,998.296
2013-05-23,985.442
2013-05-24,984.395
2013-05-27,982.653
2013-05-28,988.143
2013-05-29,983.928
2013-05-30,985.665
2013-05-31,972.388
2013-06-03,974.621
2013-06-04,974.962
2013-06-05,960.416
2013-06-06,962.927
2013-06-07,971.836
2013-06-10,973.734
2013-06-11,966.925
2013-06-12,962.904
2013-06-13,968.835
2013-06-14,968.103
2013-06-17,977.211
2013-06-18,981.151
2013-06-19,974.621
2013-06-20,941.522
2013-06-21,940.561
2013-06-24,927.536
2013-06-25,935.715
2013-06-26,943.936
2013-06-27,951.519
2013-06-28,950.029
2013-07-01,956.154
2013-07-02,956.124
2013-07-03,952.418
2013-07-04,957.402
2013-07-05,958.259
2013-07-08,964.747
2013-07-09,972.612
2013-07-10,975.119
2013-07-11,990.058
2013-07-12,991.011
2013-07-15,993.76
2013-07-16,993.686
2013-07-17,995.582
2013-07-18,1002.367
2013-07-19,1003.951
2013-07-22,1009.724
2013-07-23,1011.303
2013-07-24,1009.169
2013-07-25,1008.065
2013-07-26,1007.079
2013-07-29,1002.021
2013-07-30,1002.062
2013-07-31,1000.41
2013-08-01,1010.307
2013-08-02,1014.918
2013-08-05,1012.1
2013-08-06,1009.479
2013-08-07,1005.059
2013-08-08,1012.04
2013-08-09,1012.509
2013-08-12,1010.87
2013-08-13,1011.677
2013-08-14,1012.228
2013-08-15,999.995
2013-08-16,1000.068
2013-08-19,993.325
2013-08-20,993.137
2013-08-21,985.168
2013-08-22,990.814
2013-08-23,999.213
2013-08-26,994.996
2013-08-27,981.744
2013-08-28,979.651
2013-08-29,980.104
2013-08-30,974.052
2013-09-02,979.522
2013-09-03,981.201
2013-09-04,988.082
2013-09-05,989.547
2013-09-06,993.257
2013-09-09,1002.459
2013-09-10,1012.009
2013-09-11,1016.72
2013-09-12,1014.549
2013-09-13,1015.563
2013-09-16,1024.585
2013-09-17,1025.155
2013-09-18,1033.88
2013-09-19,1040.078
2013-09-20,1032.702
2013-09-23,1029.426
2013-09-24,1028.432
2013-09-25,1028.735
2013-09-26,1029.94
2013-09-27,1028.615
2013-09-30,1021.374
2013-10-01,1028.123
2013-10-02,1027.459
2013-10-03,1022.02
2013-10-04,1025.889
2013-10-07,1018.82
2013-10-08,1011.636
2013-10-09,1010.934
2013-10-10,1028.568
2013-10-11,1036.398
2013-10-14,1040.005
2013-10-15,1037.137
2013-10-16,1045.419
2013-10-17,1057.554
2013-10-18,1063.332
2013-10-21,1064.367
2013-10-22,1071.511
2013-10-23,1064.53
2013-10-24,1067.859
2013-10-25,1068.662
2013-10-28,1069.769
2013-10-29,1073.671
2013-10-30,1071.769
2013-10-31,1065.355
2013-11-01,1061.951
2013-11-04,1067.187
2013-11-05,1063.499
2013-11-06,1071.028
2013-11-07,1058.701
2013-11-08,1064.292
2013-11-11,1067.092
2013-11-12,1064.826
2013-11-13,1066.66
2013-11-14,1073.353
2013-11-15,1079.004
2013-11-18,1081.143
2013-11-19,1076.668
2013-11-20,1073.47
2013-11-21,1076.973
2013-11-22,1080.918
2013-11-25,1080.544
2013-11-26,1078.335
2013-11-27,1080.114
2013-11-28,1082.546
2013-11-29,1081.65
2013-12-02,1076.682
2013-12-03,1071.063
2013-12-04,1065.923
2013-12-05,1060.255
2013-12-06,1070.567
2013-12-09,1073.964
2013-12-10,1071.512
2013-12-11,1061.121
2013-12-12,1054.246
2013-12-13,1053.057
2013-12-16,1060.708
2013-12-17,1057.171
2013-12-18,1070.897
2013-12-19,1073.481
2013-12-20,1078.956
2013-12-23,1085.463
2013-12-24,1087.954
2013-12-25,1087.905
2013-12-26,1092.238
2013-12-27,1098.036
2013-12-30,1099.554
2013-12-31,1102.252
2014-01-01,1102.268
2014-01-02,1091.256
2014-01-03,1092.88
2014-01-06,1090.67
2014-01-07,1094.863
2014-01-08,1095.107
2014-01-09,1093.129
2014-01-10,1099.334
2014-01-13,1093.933
2014-01-14,1097.252
2014-01-15,1103.468
2014-01-16,1103.016
2014-01-17,1102.079
2014-01-20,1101.863
2014-01-21,1101.898
2014-01-22,1103.04
2014-01-23,1095.919
2014-01-24,1075.85
2014-01-27,1067.39
2014-01-28,1072.375
2014-01-29,1069.001
2014-01-30,1070.641
2014-01-31,1064.261
2014-02-03,1045.498
2014-02-04,1043.074
2014-02-05,1044.439
2014-02-06,1057.443
2014-02-07,1068.974
2014-02-10,1071.558
2014-02-11,1083.651
2014-02-12,1086.632
2014-02-13,1090.454
2014-02-14,1096.002
2014-02-17,1098.615
2014-02-18,1102.746
2014-02-19,1099.805
2014-02-20,1101.292
2014-02-21,1104.31
2014-02-24,1109.016
2014-02-25,1108.871
2014-02-26,1106.049
2014-02-27,1108.182
2014-02-28,1114.028
2014-03-03,1101.542
2014-03-04,1116.232
2014-03-05,1117.001
2014-03-06,1121.956
2014-03-07,1119.209
2014-03-10,1115.972
2014-03-11,1112.784
2014-03-12,1109.331
2014-03-13,1101.691
2014-03-14,1095.537
2014-03-17,1103.883
2014-03-18,1111.668
2014-03-19,1106.637
2014-03-20,1104.956
2014-03-21,1106.394
2014-03-24,1102.828
2014-03-25,1110.606
2014-03-26,1110.243
2014-03-27,1110.666
2014-03-28,1117.797
2014-03-31,1127.214
2014-04-01,1132.207
2014-04-02,1134.839
2014-04-03,1134.165
2014-04-04,1130.924
2014-04-07,1120.957
2014-04-08,1123.754
2014-04-09,1130.038
2014-04-10,1118.962
2014-04-11,1108.378
2014-04-14,1111.561
2014-04-15,1112.999
2014-04-16,1124.35
2014-04-17,1128.36
2014-04-18,1128.772
2014-04-21,1129.371
2014-04-22,1134.957
2014-04-23,1134.313
2014-04-24,1134.695
2014-04-25,1129.455
2014-04-28,1131.968
2014-04-29,1138.324
2014-04-30,1142.23
2014-05-01,1142.056
2014-05-02,1141.431
2014-05-05,1141.001
2014-05-06,1137.581
2014-05-07,1140.776
2014-05-08,1143.301
2014-05-09,1140.126
2014-05-12,1147.595
2014-05-13,1149.028
2014-05-14,1147.232
2014-05-15,1138.971
2014-05-16,1138.869
2014-05-19,1139.675
2014-05-20,1133.735
2014-05-21,1139.136
2014-05-22,1142.174
2014-05-23,1146.343
2014-05-26,1149.961
2014-05-27,1151.894
2014-05-28,1151.587
2014-05-29,1155.728
2014-05-30,1156.732
2014-06-02,1158.477
2014-06-03,1157.744
2014-06-04,1158.66
2014-06-05,1164.848
2014-06-06,1172.123
2014-06-09,1173.62
2014-06-10,1172.816
2014-06-11,1169.766
2014-06-12,1167.755
2014-06-13,1170.133
2014-06-16,1169.861
2014-06-17,1171.484
2014-06-18,1178.052
2014-06-19,1185.884
2014-06-20,1185.548
2014-06-23,1185.414
2014-06-24,1178.849
2014-06-25,1178.279
2014-06-26,1177.246
2014-06-27,1179.29
2014-06-30,1180.758
2014-07-01,1187.65
2014-07-02,1188.351
2014-07-03,1192.462
2014-07-04,1192.17
2014-07-07,1186.496
2014-07-08,1178.718
2014-07-09,1180.585
2014-07-10,1173.232
2014-07-11,1173.59
2014-07-14,1180.019
2014-07-15,1177.559
2014-07-16,1185.781
2014-07-17,1174.833
2014-07-18,1180.05
2014-07-21,1177.146
2014-07-22,1183.363
2014-07-23,1184.864
2014-07-24,1186.563
2014-07-25,1182.046
2014-07-28,1182.067
2014-07-29,1179.172
2014-07-30,1174.475
2014-07-31,1158.407
2014-08-01,1151.875
2014-08-04,1154.692
2014-08-05,1145.803
2014-08-06,1143.207
2014-08-07,1137.96
2014-08-08,1141.368
2014-08-11,1148.29
2014-08-12,1147.307
2014-08-13,1153.926
2014-08-14,1157.877
2014-08-15,1156.289
2014-08-18,1164.599
2014-08-19,1168.569
2014-08-20,1168.925
2014-08-21,1174.365
2014-08-22,1169.198
2014-08-25,1175.244
2014-08-26,1178.232
2014-08-27,1180.112
2014-08-28,1175.971
2014-08-29,1179.608
2014-09-01,1179.44
2014-09-02,1177.166
2014-09-03,1182.053
2014-09-04,1179.62
2014-09-05,1180.988
2014-09-08,1176.041
2014-09-09,1168.088
2014-09-10,1169.088
2014-09-11,1170.396
2014-09-12,1164.407
2014-09-15,1163.33
2014-09-16,1166.717
2014-09-17,1168.72
2014-09-18,1172.842
2014-09-19,1171.698
2014-09-22,1163.365
2014-09-23,1155.571
2014-09-24,1159.153
2014-09-25,1146.173
2014-09-26,1148.528
2014-09-29,1143.898
2014-09-30,1140.553
2014-10-01,1129.135
2014-10-02,1121.059
2014-10-03,1124.879
2014-10-06,1128.392
2014-10-07,1116.634
2014-10-08,1125.024
2014-10-09,1110.062
2014-10-10,1093.889
2014-10-13,1087.589
2014-10-14,1085.908
2014-10-15,1074.703
2014-10-16,1072.479
2014-10-17,1085.064
2014-10-20,1092.398
2014-10-21,1107.956
2014-10-22,1106.347
2014-10-23,1113.551
2014-10-24,1118.824
2014-10-27,1117.46
2014-10-28,1129.387
2014-10-29,1130.958
2014-10-30,1131.483
2014-10-31,1144.682
2014-11-03,1138.514
2014-11-04,1138.067
2014-11-05,1144.637
2014-11-06,1143.728
2014-11-07,1144.708
2014-11-10,1149.75
2014-11-11,1149.928
2014-11-12,1147.977
2014-11-13,1146.522
2014-11-14,1147.229
2014-11-17,1146.894
2014-11-18,1154.808
2014-11-19,1151.844
2014-11-20,1152.531
2014-11-21,1160.612
2014-11-24,1160.851
2014-11-25,1162.66
2014-11-26,1165.865
2014-11-27,1162.223
2014-11-28,1156.188
2014-12-01,1151.591
2014-12-02,1157.003
2014-12-03,1159.923
2014-12-04,1156.527
2014-12-05,1157.897
2014-12-08,1149.794
2014-12-09,1146.436
2014-12-10,1130.6
2014-12-11,1130.84
2014-12-12,1113.055
2014-12-15,1098.569
2014-12-16,1102.06
2014-12-17,1114.589
2014-12-18,1136.006
2014-12-19,1143.606
2014-12-22,1148.301
2014-12-23,1151.079
2014-12-24,1152.307
2014-12-25,1151.958
2014-12-26,1153.897
2014-12-29,1155.562
2014-12-30,1149.515
2014-12-31,1141.476
2015-01-01,1141.482
2015-01-02,1139.099
2015-01-05,1116.142
2015-01-06,1105.707
2015-01-07,1110.038
2015-01-08,1129.914
2015-01-09,1122.222
2015-01-12,1117.485
2015-01-13,1117.866
2015-01-14,1109.169
2015-01-15,1107.585
2015-01-16,1116.717
2015-01-19,1120.833
2015-01-20,1121.762
2015-01-21,1127.412
2015-01-22,1139.268
2015-01-23,1134.449
2015-01-26,1137.681
2015-01-27,1133.157
2015-01-28,1120.046
2015-01-29,1122.355
2015-01-30,1110.278
2015-02-02,1123.628
2015-02-03,1140.636
2015-02-04,1139.128
2015-02-05,1148.65
2015-02-06,1144.623
2015-02-09,1140.508
2015-02-10,1145.996
2015-02-11,1141.172
2015-02-12,1155.163
2015-02-13,1162.562
2015-02-16,1163.544
2015-02-17,1164.321
2015-02-18,1166.489
2015-02-19,1165.479
2015-02-20,1169.011
2015-02-23,1168.638
2015-02-24,1172.805
2015-02-25,1173.978
2015-02-26,1170.563
2015-02-27,1170.423
2015-03-02,1170.948
2015-03-03,1166.258
2015-03-04,1160.152
2015-03-05,1161.859
2015-03-06,1146.277
2015-03-09,1146.201
2015-03-10,1127.259
2015-03-11,1127.175
2015-03-12,1138.459
2015-03-13,1131.804
2015-03-16,1143.327
2015-03-17,1140.781
2015-03-18,1152.914
2015-03-19,1149.247
2015-03-20,1166.606
2015-03-23,1171.328
2015-03-24,1167.198
2015-03-25,1158.648
2015-03-26,1150.757
2015-03-27,1149.83
2015-03-30,1157.93
2015-03-31,1148.225
2015-04-01,1147.355
2015-04-02,1154.739
2015-04-03,1155.219
2015-04-06,1164.918
2015-04-07,1164.597
2015-04-08,1163.417
2015-04-09,1165.38
2015-04-10,1171.075
2015-04-13,1166.711
2015-04-14,1173.704
2015-04-15,1177.741
2015-04-16,1180.0
2015-04-17,1170.087
2015-04-20,1176.574
2015-04-21,1175.28
2015-04-22,1178.356
2015-04-23,1182.597
2015-04-24,1187.993
2015-04-27,1189.401
2015-04-28,1194.389
2015-04-29,1190.676
2015-04-30,1180.829
2015-05-01,1184.63
2015-05-04,1187.164
2015-05-05,1176.902
2015-05-06,1177.117
2015-05-07,1173.931
2015-05-08,1191.285
2015-05-11,1188.182
2015-05-12,1186.167
2015-05-13,1190.273
2015-05-14,1198.313
2015-05-15,1199.934
2015-05-18,1200.523
2015-05-19,1196.954
2015-05-20,1197.613
2015-05-21,1201.127
2015-05-22,1195.569
2015-05-25,1195.692
2015-05-26,1180.743
2015-05-27,1187.81
2015-05-28,1186.94
2015-05-29,1180.51
2015-06-01,1178.682
2015-06-02,1182.347
2015-06-03,1187.265
2015-06-04,1176.782
2015-06-05,1167.145
2015-06-08,1162.621
2015-06-09,1163.023
2015-06-10,1179.69
2015-06-11,1181.103
2015-06-12,1174.724
2015-06-15,1165.631
2015-06-16,1169.783
2015-06-17,1168.781
2015-06-18,1180.169
2015-06-19,1176.008
2015-06-22,1189.491
2015-06-23,1189.213
2015-06-24,1182.956
2015-06-25,1179.112
2015-06-26,1176.561
2015-06-29,1151.69
2015-06-30,1149.237
2015-07-01,1155.408
2015-07-02,1155.786
2015-07-03,1153.89
2015-07-06,1142.808
2015-07-07,1139.274
2015-07-08,1128.167
2015-07-09,1133.708
2015-07-10,1149.365
2015-07-13,1158.247
2015-07-14,1164.825
2015-07-15,1163.738
2015-07-16,1171.952
2015-07-17,1167.377
2015-07-20,1165.818
2015-07-21,1162.799
2015-07-22,1156.003
2015-07-23,1152.471
2015-07-24,1140.715
2015-07-27,1133.93
2015-07-28,1141.703
2015-07-29,1152.088
2015-07-30,1152.58
2015-07-31,1155.65
2015-08-03,1152.294
2015-08-04,1150.44
2015-08-05,1153.046
2015-08-06,1150.184
2015-08-07,1146.311
2015-08-10,1159.553
2015-08-11,1149.221
2015-08-12,1145.758
2015-08-13,1143.976
2015-08-14,1145.985
2015-08-17,1148.747
2015-08-18,1145.155
2015-08-19,1132.749
2015-08-20,1116.733
2015-08-21,1089.282
2015-08-24,1046.748
2015-08-25,1040.212
2015-08-26,1059.855
2015-08-27,1082.908
2015-08-28,1089.099
2015-08-31,1083.17
2015-09-01,1053.142
2015-09-02,1060.363
2015-09-03,1066.533
2015-09-04,1047.655
2015-09-07,1049.463
2015-09-08,1068.737
2015-09-09,1069.418
2015-09-10,1066.375
2015-09-11,1066.819
2015-09-14,1062.429
2015-09-15,1071.388
2015-09-16,1084.763
2015-09-17,1083.223
2015-09-18,1067.592
2015-09-21,1066.649
2015-09-22,1048.957
2015-09-23,1045.939
2015-09-24,1041.293
2015-09-25,1047.943
2015-09-28,1028.224
2015-09-29,1024.064
2015-09-30,1042.422
2015-10-01,1044.994
2015-10-02,1056.874
2015-10-05,1079.23
2015-10-06,1084.843
2015-10-07,1096.37
2015-10-08,1104.168
2015-10-09,1109.551
2015-10-12,1108.905
2015-10-13,1099.469
2015-10-14,1094.788
2015-10-15,1108.878
2015-10-16,1113.927
2015-10-19,1109.721
2015-10-20,1109.462
2015-10-21,1106.261
2015-10-22,1118.187
2015-10-23,1127.414
2015-10-26,1124.417
2015-10-27,1115.825
2015-10-28,1128.758
2015-10-29,1120.714
2015-10-30,1119.944
2015-11-02,1126.66
2015-11-03,1128.711
2015-11-04,1126.431
2015-11-05,1124.011
2015-11-06,1119.742
2015-11-09,1111.311
2015-11-10,1111.065
2015-11-11,1111.36
2015-11-12,1096.04
2015-11-13,1087.471
2015-11-16,1097.003
2015-11-17,1100.83
2015-11-18,1109.899
2015-11-19,1116.388
2015-11-20,1115.391
2015-11-23,1112.248
2015-11-24,1112.95
2015-11-25,1112.995
2015-11-26,1116.966
2015-11-27,1115.026
2015-11-30,1112.367
2015-12-01,1122.495
2015-12-02,1111.532
2015-12-03,1101.124
2015-12-04,1109.8
2015-12-07,1101.409
2015-12-08,1087.909
2015-12-09,1087.43
2015-12-10,1086.329
2015-12-11,1069.51
2015-12-14,1063.421
2015-12-15,1075.163
2015-12-16,1089.367
2015-12-17,1080.707
2015-12-18,1068.026
2015-12-21,1071.325
2015-12-22,1080.008
2015-12-23,1096.676
2015-12-24,1098.558
2015-12-25,1097.816
2015-12-28,1094.953
2015-12-29,1103.913
2015-12-30,1097.573
2015-12-31,1089.08
2016-01-01,1089.08
2016-01-04,1070.575
2016-01-05,1071.261
2016-01-06,1056.202
2016-01-07,1033.847
2016-01-08,1023.012
2016-01-11,1020.147
2016-01-12,1019.68
2016-01-13,1010.73
2016-01-14,1015.129
2016-01-15,996.347
2016-01-18,990.78
2016-01-19,993.017
2016-01-20,972.214
2016-01-21,976.925
2016-01-22,1002.393
2016-01-25,989.982
2016-01-26,1002.703
2016-01-27,1003.444
2016-01-28,1005.736
2016-01-29,1024.925
2016-02-01,1024.823
2016-02-02,1005.52
2016-02-03,1009.093
2016-02-04,1018.048
2016-02-05,1007.195
2016-02-08,992.367
2016-02-09,982.409
2016-02-10,978.632
2016-02-11,965.04
2016-02-12,979.491
2016-02-15,991.058
2016-02-16,1001.533
2016-02-17,1016.608
2016-02-18,1018.335
2016-02-19,1012.734
2016-02-22,1026.476
2016-02-23,1013.967
2016-02-24,1009.3
2016-02-25,1022.957
2016-02-26,1023.905
2016-02-29,1020.044
2016-03-01,1036.378
2016-03-02,1049.436
2016-03-03,1059.445
2016-03-04,1067.662
2016-03-07,1070.714
2016-03-08,1058.864
2016-03-09,1062.787
2016-03-10,1061.931
2016-03-11,1082.339
2016-03-14,1081.796
2016-03-15,1075.153
2016-03-16,1076.955
2016-03-17,1094.811
2016-03-18,1096.802
2016-03-21,1094.327
2016-03-22,1093.412
2016-03-23,1082.642
2016-03-24,1076.21
2016-03-25,1077.352
2016-03-28,1079.704
2016-03-29,1084.666
2016-03-30,1095.631
2016-03-31,1092.517
2016-04-01,1085.357
2016-04-04,1085.097
2016-04-05,1068.259
2016-04-06,1076.368
2016-04-07,1068.942
2016-04-08,1078.165
2016-04-11,1080.081
2016-04-12,1090.215
2016-04-13,1106.144
2016-04-14,1110.081
2016-04-15,1108.959
2016-04-18,1112.318
2016-04-19,1126.676
2016-04-20,1128.798
2016-04-21,1124.847
2016-04-22,1125.174
2016-04-25,1121.527
2016-04-26,1125.738
2016-04-27,1129.009
2016-04-28,1124.225
2016-04-29,1119.907
2016-05-02,1122.081
2016-05-03,1108.629
2016-05-04,1098.655
2016-05-05,1096.905
2016-05-06,1098.937
2016-05-09,1095.243
2016-05-10,1108.527
2016-05-11,1104.794
2016-05-12,1103.216
2016-05-13,1092.79
2016-05-16,1101.581
2016-05-17,1098.306
2016-05-18,1098.256
2016-05-19,1089.92
2016-05-20,1097.732
2016-05-23,1095.331
2016-05-24,1107.036
2016-05-25,1119.31
2016-05-26,1121.121
2016-05-27,1123.591
2016-05-30,1123.93
2016-05-31,1122.418
2016-06-01,1120.488
2016-06-02,1120.964
2016-06-03,1123.77
2016-06-06,1130.848
2016-06-07,1138.026
2016-06-08,1141.864
2016-06-09,1133.939
2016-06-10,1117.626
2016-06-13,1103.921
2016-06-14,1092.088
2016-06-15,1094.602
2016-06-16,1090.69
2016-06-17,1100.419
2016-06-20,1120.348
2016-06-21,1123.407
2016-06-22,1122.256
2016-06-23,1140.828
2016-06-24,1079.765
2016-06-27,1050.729
2016-06-28,1068.977
2016-06-29,1093.509
2016-06-30,1107.759
2016-07-01,1111.951
2016-07-04,1111.881
2016-07-05,1099.107
2016-07-06,1094.725
2016-07-07,1095.862
2016-07-08,1109.375
2016-07-11,1119.574
2016-07-12,1132.482
2016-07-13,1136.124
2016-07-14,1142.298
2016-07-15,1141.597
2016-07-18,1142.883
2016-07-19,1138.489
2016-07-20,1143.212
2016-07-21,1143.46
2016-07-22,1144.64
2016-07-25,1141.911
2016-07-26,1143.192
2016-07-27,1142.797
2016-07-28,1141.72
2016-07-29,1151.857
2016-08-01,1145.62
2016-08-02,1137.229
2016-08-03,1136.641
2016-08-04,1140.972
2016-08-05,1148.82
2016-08-08,1154.254
2016-08-09,1159.198
2016-08-10,1157.5
2016-08-11,1163.094
2016-08-12,1163.007
2016-08-15,1165.335
2016-08-16,1160.429
2016-08-17,1162.247
2016-08-18,1167.794
2016-08-19,1163.886
2016-08-22,1163.593
2016-08-23,1167.951
2016-08-24,1164.63
2016-08-25,1163.387
2016-08-26,1162.166
2016-08-29,1163.396
2016-08-30,1163.724
2016-08-31,1161.801
2016-09-01,1164.09
2016-09-02,1172.267
2016-09-05,1174.627
2016-09-06,1179.982
2016-09-07,1181.6
2016-09-08,1182.421
2016-09-09,1158.364
2016-09-12,1162.069
2016-09-13,1144.757
2016-09-14,1141.176
2016-09-15,1148.81
2016-09-16,1142.445
2016-09-19,1148.388
2016-09-20,1146.707
2016-09-21,1161.24
2016-09-22,1174.221
2016-09-23,1166.47
2016-09-26,1155.84
2016-09-27,1157.2
2016-09-28,1164.393
2016-09-29,1162.331
2016-09-30,1166.428
2016-10-03,1164.028
2016-10-04,1160.231
2016-10-05,1165.473
2016-10-06,1163.98
2016-10-07,1161.034
2016-10-10,1166.504
2016-10-11,1153.646
2016-10-12,1150.157
2016-10-13,1145.54
2016-10-14,1148.276
2016-10-17,1145.21
2016-10-18,1154.052
2016-10-19,1158.621
2016-10-20,1157.31
2016-10-21,1155.278
2016-10-24,1158.207
2016-10-25,1157.126
2016-10-26,1157.887
2016-10-27,1154.207
2016-10-28,1153.345
2016-10-31,1154.385
2016-11-01,1149.713
2016-11-02,1140.612
2016-11-03,1139.501
2016-11-04,1134.346
2016-11-07,1151.604
2016-11-08,1156.006
2016-11-09,1162.508
2016-11-10,1172.6
2016-11-11,1171.454
2016-11-14,1173.944
2016-11-15,1180.714
2016-11-16,1176.025
2016-11-17,1180.064
2016-11-18,1174.483
2016-11-21,1183.407
2016-11-22,1187.222
2016-11-23,1185.699
2016-11-24,1188.233
2016-11-25,1192.996
2016-11-28,1187.109
2016-11-29,1187.355
2016-11-30,1190.052
2016-12-01,1192.892
2016-12-02,1193.434
2016-12-05,1200.836
2016-12-06,1210.763
2016-12-07,1228.337
2016-12-08,1233.607
2016-12-09,1237.16
2016-12-12,1237.77
2016-12-13,1245.467
2016-12-14,1236.486
2016-12-15,1231.07
2016-12-16,1231.966
2016-12-19,1234.185
2016-12-20,1236.917
2016-12-21,1235.744
2016-12-22,1234.379
2016-12-23,1235.477
2016-12-26,1234.603
2016-12-27,1235.612
2016-12-28,1228.552
2016-12-29,1230.326
2016-12-30,1230.724
2017-01-02,1232.175
2017-01-03,1236.353
2017-01-04,1248.723
2017-01-05,1251.736
2017-01-06,1249.353
2017-01-09,1241.648
2017-01-10,1243.874
2017-01-11,1243.471
2017-01-12,1246.489
2017-01-13,1249.482
2017-01-16,1245.694
2017-01-17,1244.177
2017-01-18,1245.85
2017-01-19,1238.056
2017-01-20,1243.939
2017-01-23,1241.61
2017-01-24,1248.865
2017-01-25,1260.007
2017-01-26,1257.928
2017-01-27,1256.676
2017-01-30,1247.556
2017-01-31,1248.273
2017-02-01,1247.29
2017-02-02,1248.461
2017-02-03,1257.456
2017-02-06,1251.598
2017-02-07,1249.206
2017-02-08,1251.106
2017-02-09,1255.291
2017-02-10,1260.779
2017-02-13,1267.721
2017-02-14,1269.545
2017-02-15,1276.647
2017-02-16,1279.431
2017-02-17,1276.32
2017-02-20,1277.138
2017-02-21,1281.3
2017-02-22,1279.799
2017-02-23,1283.443
2017-02-24,1278.539
2017-02-27,1278.831
2017-02-28,1276.889
2017-03-01,1290.205
2017-03-02,1283.781
2017-03-03,1284.627
2017-03-06,1281.784
2017-03-07,1277.666
2017-03-08,1272.403
2017-03-09,1272.925
2017-03-10,1279.535
2017-03-13,1281.643
2017-03-14,1275.905
2017-03-15,1284.456
2017-03-16,1291.93
2017-03-17,1290.633
2017-03-20,1287.625
2017-03-21,1276.864
2017-03-22,1272.081
2017-03-23,1275.02
2017-03-24,1274.782
2017-03-27,1273.472
2017-03-28,1284.36
2017-03-29,1282.631
2017-03-30,1287.059
2017-03-31,1282.423
2017-04-03,1277.058
2017-04-04,1277.668
2017-04-05,1273.981
2017-04-06,1275.553
2017-04-07,1274.097
2017-04-10,1275.037
2017-04-11,1277.055
2017-04-12,1272.223
2017-04-13,1263.227
2017-04-14,1262.733
2017-04-17,1272.219
2017-04-18,1266.002
2017-04-19,1263.894
2017-04-20,1272.076
2017-04-21,1268.476
2017-04-24,1290.556
2017-04-25,1298.548
2017-04-26,1299.064
2017-04-27,1295.284
2017-04-28,1291.081
2017-05-01,1293.274
2017-05-02,1294.249
2017-05-03,1292.601
2017-05-04,1293.771
2017-05-05,1301.224
2017-05-08,1301.214
2017-05-09,1295.869
2017-05-10,1298.705
2017-05-11,1294.536
2017-05-12,1293.674
2017-05-15,1300.983
2017-05-16,1304.302
2017-05-17,1288.078
2017-05-18,1284.989
2017-05-19,1295.308
2017-05-22,1301.481
2017-05-23,1304.41
2017-05-24,1303.778
2017-05-25,1305.792
2017-05-26,1302.935
2017-05-29,1302.534
2017-05-30,1300.236
2017-05-31,1300.033
2017-06-01,1309.151
2017-06-02,1315.401
2017-06-05,1312.142
2017-06-06,1309.523
2017-06-07,1310.213
2017-06-08,1311.324
2017-06-09,1318.421
2017-06-12,1319.307
2017-06-13,1324.337
2017-06-14,1324.851
2017-06-15,1315.165
2017-06-16,1320.169
2017-06-19,1326.393
2017-06-20,1316.055
2017-06-21,1310.435
2017-06-22,1311.745
2017-06-23,1313.741
2017-06-26,1317.234
2017-06-27,1313.625
2017-06-28,1324.172
2017-06-29,1321.173
2017-06-30,1318.498
2017-07-03,1326.755
2017-07-04,1326.446
2017-07-05,1324.16
2017-07-06,1316.961
2017-07-07,1317.844
2017-07-10,1318.241
2017-07-11,1316.707
2017-07-12,1326.445
2017-07-13,1329.737
2017-07-14,1336.004
2017-07-17,1336.738
2017-07-18,1335.645
2017-07-19,1341.648
2017-07-20,1345.038
2017-07-21,1340.72
2017-07-24,1337.594
2017-07-25,1345.266
2017-07-26,1343.908
2017-07-27,1346.72
2017-07-28,1345.215
2017-07-31,1348.336
2017-08-01,1354.826
2017-08-02,1353.24
2017-08-03,1352.022
2017-08-04,1351.499
2017-08-07,1353.224
2017-08-08,1350.618
2017-08-09,1346.21
2017-08-10,1333.896
2017-08-11,1328.896
2017-08-14,1338.479
2017-08-15,1335.344
2017-08-16,1337.991
2017-08-17,1325.848
2017-08-18,1322.317
2017-08-21,1323.476
2017-08-22,1329.321
2017-08-23,1328.914
2017-08-24,1327.841
2017-08-25,1332.451
2017-08-28,1332.416
2017-08-29,1329.771
2017-08-30,1329.844
2017-08-31,1337.739
2017-09-01,1343.199
2017-09-04,1341.307
2017-09-05,1333.587
2017-09-06,1336.731
2017-09-07,1338.056
2017-09-08,1339.158
2017-09-11,1352.294
2017-09-12,1358.764
2017-09-13,1358.615
2017-09-14,1358.264
2017-09-15,1362.048
2017-09-18,1365.38
2017-09-19,1370.502
2017-09-20,1373.018
2017-09-21,1368.952
2017-09-22,1372.965
2017-09-25,1372.912
2017-09-26,1368.685
2017-09-27,1372.128
2017-09-28,1376.023
2017-09-29,1380.067
2017-10-02,1383.941
2017-10-03,1387.322
2017-10-04,1386.429
2017-10-05,1390.009
2017-10-06,1387.998
2017-10-09,1386.908
2017-10-10,1393.734
2017-10-11,1394.39
2017-10-12,1392.11
2017-10-13,1394.283
2017-10-16,1395.722
2017-10-17,1393.046
2017-10-18,1396.265
2017-10-19,1399.765
2017-10-20,1401.571
2017-10-23,1397.806
2017-10-24,1399.138
2017-10-25,1392.691
2017-10-26,1394.074
2017-10-27,1394.06
2017-10-30,1392.733
2017-10-31,1393.016
2017-11-01,1397.004
2017-11-02,1399.977
2017-11-03,1398.244
2017-11-06,1397.899
2017-11-07,1396.361
2017-11-08,1397.918
2017-11-09,1393.575
2017-11-10,1391.225
2017-11-13,1387.198
2017-11-14,1384.153
2017-11-15,1377.965
2017-11-16,1386.218
2017-11-17,1385.423
2017-11-20,1386.568
2017-11-21,1392.015
2017-11-22,1395.283
2017-11-23,1397.415
2017-11-24,1400.483
2017-11-27,1396.965
2017-11-28,1407.305
2017-11-29,1415.665
2017-11-30,1422.08
2017-12-01,1418.196
2017-12-04,1422.932
2017-12-05,1416.311
2017-12-06,1410.096
2017-12-07,1412.291
2017-12-08,1419.312
2017-12-11,1424.544
2017-12-12,1427.507
2017-12-13,1427.424
2017-12-14,1421.269
2017-12-15,1426.062
2017-12-18,1438.698
2017-12-19,1433.039
2017-12-20,1433.613
2017-12-21,1438.314
2017-12-22,1437.838
2017-12-25,1437.888
2017-12-26,1438.158
2017-12-27,1440.805
2017-12-28,1443.849
2017-12-29,1442.316
2018-01-01,1442.336
2018-01-02,1449.603
2018-01-03,1452.606
2018-01-04,1464.233
2018-01-05,1470.81
2018-01-08,1471.579
2018-01-09,1473.592
2018-01-10,1476.271
2018-01-11,1484.281
2018-01-12,1492.723
2018-01-15,1498.835
2018-01-16,1494.351
2018-01-17,1499.743
2018-01-18,1495.89
2018-01-19,1502.148
2018-01-22,1511.913
2018-01-23,1515.532
2018-01-24,1519.589
2018-01-25,1521.699
2018-01-26,1528.767
2018-01-29,1518.974
2018-01-30,1503.448
2018-01-31,1500.321
2018-02-01,1501.91
2018-02-02,1475.011
2018-02-05,1428.973
2018-02-06,1421.525
2018-02-07,1424.829
2018-02-08,1391.38
2018-02-09,1393.262
2018-02-12,1407.989
2018-02-13,1410.195
2018-02-14,1425.167
2018-02-15,1439.201
2018-02-16,1445.278
2018-02-19,1445.034
2018-02-20,1434.901
2018-02-21,1428.376
2018-02-22,1427.344
2018-02-23,1443.227
2018-02-26,1454.37
2018-02-27,1441.719
2018-02-28,1424.934
2018-03-01,1409.209
2018-03-02,1408.915
2018-03-05,1419.596
2018-03-06,1427.153
2018-03-07,1424.511
2018-03-08,1428.804
2018-03-09,1442.326
2018-03-12,1445.875
2018-03-13,1440.861
2018-03-14,1431.996
2018-03-15,1430.509
2018-03-16,1433.441
2018-03-19,1419.067
2018-03-20,1417.27
2018-03-21,1418.606
2018-03-22,1395.899
2018-03-23,1372.578
2018-03-26,1391.466
2018-03-27,1388.288
2018-03-28,1387.964
2018-03-29,1397.245
2018-03-30,1397.93
2018-04-02,1379.412
2018-04-03,1387.513
2018-04-04,1396.084
2018-04-05,1408.95
2018-04-06,1392.97
2018-04-09,1398.57
2018-04-10,1417.65
2018-04-11,1413.869
2018-04-12,1418.927
2018-04-13,1418.741
2018-04-16,1426.356
2018-04-17,1432.088
2018-04-18,1435.28
2018-04-19,1432.506
2018-04-20,1424.125
2018-04-23,1424.57
2018-04-24,1419.981
2018-04-25,1416.676
2018-04-26,1421.93
2018-04-27,1424.824
2018-04-30,1416.89
2018-05-01,1411.913
2018-05-02,1405.363
2018-05-03,1400.142
2018-05-04,1410.22
2018-05-07,1414.027
2018-05-08,1411.952
2018-05-09,1422.134
2018-05-10,1431.467
2018-05-11,1437.987
2018-05-14,1440.593
2018-05-15,1432.319
2018-05-16,1432.931
2018-05-17,1435.911
2018-05-18,1430.815
2018-05-21,1436.913
2018-05-22,1437.806
2018-05-23,1430.731
2018-05-24,1424.971
2018-05-25,1417.811
2018-05-28,1414.615
2018-05-29,1396.578
2018-05-30,1409.922
2018-05-31,1403.309
2018-06-01,1412.796
2018-06-04,1419.976
2018-06-05,1415.427
2018-06-06,1427.811
2018-06-07,1432.584
2018-06-08,1431.892
2018-06-11,1435.85
2018-06-12,1434.416
2018-06-13,1429.28
2018-06-14,1429.542
2018-06-15,1422.689
2018-06-18,1416.343
2018-06-19,1410.124
2018-06-20,1412.431
2018-06-21,1404.494
2018-06-22,1414.44
2018-06-25,1399.498
2018-06-26,1400.255
2018-06-27,1393.412
2018-06-28,1395.168
2018-06-29,1400.391
2018-07-02,1393.657
2018-07-03,1396.92
2018-07-04,1398.184
2018-07-05,1407.458
2018-07-06,1417.237
2018-07-09,1427.932
2018-07-10,1430.415
2018-07-11,1415.702
2018-07-12,1418.911
2018-07-13,1418.603
2018-07-16,1418.057
2018-07-17,1419.938
2018-07-18,1421.626
2018-07-19,1418.567
2018-07-20,1420.103
2018-07-23,1422.489
2018-07-24,1430.368
2018-07-25,1433.953
2018-07-26,1440.775
2018-07-27,1440.852
2018-07-30,1443.747
2018-07-31,1447.405
2018-08-01,1440.738
2018-08-02,1435.024
2018-08-03,1441.714
2018-08-06,1441.026
2018-08-07,1447.529
2018-08-08,1446.469
2018-08-09,1444.141
2018-08-10,1428.626
2018-08-13,1417.699
2018-08-14,1423.608
2018-08-15,1411.449
2018-08-16,1424.524
2018-08-17,1430.974
2018-08-20,1435.606
2018-08-21,1440.566
2018-08-22,1441.506
2018-08-23,1435.085
2018-08-24,1440.567
2018-08-27,1450.553
2018-08-28,1451.395
2018-08-29,1454.043
2018-08-30,1446.753
2018-08-31,1441.869
2018-09-03,1440.35
2018-09-04,1432.893
2018-09-05,1434.282
2018-09-06,1429.302
2018-09-07,1424.387
2018-09-10,1428.203
2018-09-11,1427.93
2018-09-12,1432.251
2018-09-13,1437.761
2018-09-14,1441.098
2018-09-17,1442.71
2018-09-18,1449.74
2018-09-19,1455.136
2018-09-20,1467.85
2018-09-21,1472.646
2018-09-24,1464.335
2018-09-25,1462.506
2018-09-26,1456.984
2018-09-27,1453.979
2018-09-28,1450.732
2018-10-01,1451.74
2018-10-02,1451.758
2018-10-03,1451.805
2018-10-04,1448.238
2018-10-05,1441.11
2018-10-08,1440.644
2018-10-09,1436.501
2018-10-10,1415.28
2018-10-11,1381.964
2018-10-12,1384.69
2018-10-15,1383.544
2018-10-16,1402.954
2018-10-17,1403.695
2018-10-18,1391.923
2018-10-19,1392.025
2018-10-22,1381.913
2018-10-23,1369.126
2018-10-24,1344.523
2018-10-25,1351.09
2018-10-26,1339.15
2018-10-29,1343.971
2018-10-30,1357.944
2018-10-31,1367.201
2018-11-01,1377.675
2018-11-02,1376.587
2018-11-05,1384.705
2018-11-06,1391.305
2018-11-07,1408.457
2018-11-08,1409.045
2018-11-09,1398.199
2018-11-12,1380.359
2018-11-13,1377.927
2018-11-14,1370.456
2018-11-15,1376.237
2018-11-16,1382.242
2018-11-19,1377.471
2018-11-20,1356.02
2018-11-21,1358.897
2018-11-22,1358.289
2018-11-23,1352.333
2018-11-26,1366.181
2018-11-27,1367.078
2018-11-28,1380.273
2018-11-29,1383.164
2018-11-30,1387.516
2018-12-03,1400.099
2018-12-04,1368.67
2018-12-05,1363.588
2018-12-06,1349.216
2018-12-07,1336.815
2018-12-10,1322.98
2018-12-11,1322.437
2018-12-12,1334.842
2018-12-13,1333.91
2018-12-14,1316.012
2018-12-17,1298.872
2018-12-18,1290.872
2018-12-19,1282.649
2018-12-20,1265.492
2018-12-21,1250.671
2018-12-24,1227.175
2018-12-25,1222.261
2018-12-26,1254.126
2018-12-27,1261.204
2018-12-28,1268.656
2018-12-31,1276.752
2019-01-01,1276.795
2019-01-02,1275.769
2019-01-03,1264.91
2019-01-04,1297.002
2019-01-07,1306.403
2019-01-08,1316.545
2019-01-09,1324.352
2019-01-10,1330.226
2019-01-11,1331.941
2019-01-14,1327.481
2019-01-15,1333.323
2019-01-16,1337.155
2019-01-17,1342.946
2019-01-18,1360.031
2019-01-21,1360.187
2019-01-22,1346.278
2019-01-23,1347.438
2019-01-24,1349.069
2019-01-25,1359.514
2019-01-28,1352.85
2019-01-29,1356.307
2019-01-30,1364.285
2019-01-31,1373.548
2019-02-01,1374.844
2019-02-04,1377.139
2019-02-05,1383.241
2019-02-06,1382.532
2019-02-07,1369.473
2019-02-08,1363.599
2019-02-11,1365.019
2019-02-12,1379.109
2019-02-13,1384.547
2019-02-14,1378.927
2019-02-15,1394.73
2019-02-18,1398.834
2019-02-19,1402.385
2019-02-20,1409.185
2019-02-21,1404.63
2019-02-22,1409.395
2019-02-25,1412.22
2019-02-26,1411.02
2019-02-27,1412.895
2019-02-28,1408.966
2019-03-01,1413.135
2019-03-04,1409.823
2019-03-05,1406.765
2019-03-06,1399.999
2019-03-07,1389.636
2019-03-08,1381.693
2019-03-11,1396.178
2019-03-12,1401.282
2019-03-13,1409.057
2019-03-14,1409.386
2019-03-15,1417.249
2019-03-18,1424.526
2019-03-19,1424.23
2019-03-20,1413.673
2019-03-21,1421.554
2019-03-22,1400.92
2019-03-25,1394.959
2019-03-26,1407.045
2019-03-27,1403.638
2019-03-28,1402.881
2019-03-29,1409.193
2019-04-01,1426.741
2019-04-02,1425.204
2019-04-03,1432.114
2019-04-04,1434.11
2019-04-05,1438.602
2019-04-08,1439.867
2019-04-09,1431.363
2019-04-10,1434.959
2019-04-11,1435.4
2019-04-12,1444.313
2019-04-15,1444.749
2019-04-16,1448.109
2019-04-17,1447.402
2019-04-18,1444.877
2019-04-19,1444.573
2019-04-22,1443.055
2019-04-23,1448.595
2019-04-24,1442.936
2019-04-25,1437.391
2019-04-26,1442.647
2019-04-29,1444.293
2019-04-30,1449.742
2019-05-01,1443.284
2019-05-02,1438.041
2019-05-03,1448.716
2019-05-06,1441.788
2019-05-07,1422.37
2019-05-08,1416.814
2019-05-09,1409.277
2019-05-10,1415.213
2019-05-13,1392.513
2019-05-14,1400.4
2019-05-15,1403.318
2019-05-16,1411.875
2019-05-17,1405.505
2019-05-20,1401.524
2019-05-21,1409.815
2019-05-22,1403.545
2019-05-23,1388.33
2019-05-24,1394.394
2019-05-27,1395.409
2019-05-28,1383.552
2019-05-29,1372.497
2019-05-30,1370.468
2019-05-31,1357.082
2019-06-03,1365.811
2019-06-04,1387.902
2019-06-05,1395.628
2019-06-06,1399.588
2019-06-07,1409.438
2019-06-10,1412.835
2019-06-11,1416.765
2019-06-12,1412.352
2019-06-13,1414.925
2019-06-14,1410.796
2019-06-17,1407.877
2019-06-18,1419.505
2019-06-19,1425.709
2019-06-20,1438.258
2019-06-21,1435.788
2019-06-24,1434.299
2019-06-25,1428.567
2019-06-26,1424.322
2019-06-27,1430.737
2019-06-28,1440.048
2019-07-01,1447.915
2019-07-02,1450.292
2019-07-03,1459.827
2019-07-04,1461.737
2019-07-05,1456.319
2019-07-08,1449.139
2019-07-09,1446.538
2019-07-10,1449.978
2019-07-11,1451.337
2019-07-12,1456.434
2019-07-15,1455.381
2019-07-16,1451.926
2019-07-17,1443.521
2019-07-18,1445.226
2019-07-19,1443.544
2019-07-22,1442.847
2019-07-23,1452.125
2019-07-24,1457.571
2019-07-25,1450.974
2019-07-26,1453.641
2019-07-29,1452.43
2019-07-30,1448.091
2019-07-31,1437.752
2019-08-01,1424.15
2019-08-02,1410.515
2019-08-05,1379.264
2019-08-06,1384.0
2019-08-07,1382.972
2019-08-08,1401.88
2019-08-09,1394.569
2019-08-12,1382.326
2019-08-13,1390.814
2019-08-14,1360.492
2019-08-15,1356.163
2019-08-16,1374.253
2019-08-19,1389.503
2019-08-20,1379.078
2019-08-21,1386.591
2019-08-22,1387.514
2019-08-23,1363.825
2019-08-26,1369.793
2019-08-27,1367.485
2019-08-28,1374.221
2019-08-29,1386.219
2019-08-30,1391.397
2019-09-02,1389.7
2019-09-03,1386.044
2019-09-04,1401.117
2019-09-05,1416.403
2019-09-06,1420.108
2019-09-09,1429.513
2019-09-10,1439.867
2019-09-11,1451.653
2019-09-12,1454.061
2019-09-13,1459.847
2019-09-16,1455.408
2019-09-17,1454.965
2019-09-18,1453.934
2019-09-19,1455.31
2019-09-20,1454.861
2019-09-23,1452.467
2019-09-24,1445.027
2019-09-25,1446.141
2019-09-26,1444.799
2019-09-27,1445.323
2019-09-30,1446.154
2019-10-01,1430.32
2019-10-02,1406.776
2019-10-03,1409.993
2019-10-04,1422.962
2019-10-07,1420.745
2019-10-08,1402.701
2019-10-09,1408.838
2019-10-10,1418.383
2019-10-11,1440.652
2019-10-14,1436.711
2019-10-15,1450.258
2019-10-16,1451.328
2019-10-17,1455.906
2019-10-18,1455.746
2019-10-21,1467.28
2019-10-22,1469.038
2019-10-23,1472.895
2019-10-24,1472.091
2019-10-25,1475.783
2019-10-28,1479.17
2019-10-29,1482.935
2019-10-30,1481.991
2019-10-31,1477.71
2019-11-01,1490.057
2019-11-04,1498.388
2019-11-05,1499.921
2019-11-06,1501.117
2019-11-07,1504.849
2019-11-08,1506.112
2019-11-11,1503.303
2019-11-12,1504.519
2019-11-13,1500.782
2019-11-14,1496.99
2019-11-15,1507.212
2019-11-18,1507.699
2019-11-19,1505.741
2019-11-20,1498.872
2019-11-21,1497.837
2019-11-22,1501.484
2019-11-25,1509.978
2019-11-26,1510.209
2019-11-27,1515.06
2019-11-28,1514.535
2019-11-29,1507.762
2019-12-02,1500.764
2019-12-03,1490.082
2019-12-04,1500.97
2019-12-05,1502.948
2019-12-06,1515.169
2019-12-09,1514.515
2019-12-10,1512.828
2019-12-11,1514.949
2019-12-12,1528.516
2019-12-13,1533.18
2019-12-16,1544.413
2019-12-17,1545.0
2019-12-18,1542.633
2019-12-19,1545.704
2019-12-20,1550.902
2019-12-23,1549.586
2019-12-24,1550.476
2019-12-25,1549.839
2019-12-26,1553.315
2019-12-27,1556.303
2019-12-30,1550.982
2019-12-31,1555.238
2020-01-01,1555.248
2020-01-02,1561.393
2020-01-03,1552.573
2020-01-06,1550.828
2020-01-07,1548.151
2020-01-08,1547.178
2020-01-09,1551.575
2020-01-10,1548.444
2020-01-13,1553.156
2020-01-14,1555.133
2020-01-15,1554.269
2020-01-16,1562.279
2020-01-17,1566.327
2020-01-20,1566.505
2020-01-21,1559.98
2020-01-22,1558.921
2020-01-23,1554.326
2020-01-24,1545.624
2020-01-27,1522.205
2020-01-28,1529.61
2020-01-29,1526.758
2020-01-30,1526.633
2020-01-31,1507.823
2020-02-03,1508.107
2020-02-04,1524.503
2020-02-05,1544.664
2020-02-06,1548.433
2020-02-07,1540.197
2020-02-10,1541.06
2020-02-11,1548.703
2020-02-12,1555.878
2020-02-13,1551.815
2020-02-14,1549.997
2020-02-17,1549.923
2020-02-18,1540.585
2020-02-19,1542.856
2020-02-20,1540.979
2020-02-21,1535.501
2020-02-24,1493.994
2020-02-25,1453.693
2020-02-26,1441.664
2020-02-27,1391.534
2020-02-28,1361.716
2020-03-02,1400.97
2020-03-03,1380.882
2020-03-04,1416.912
2020-03-05,1383.46
2020-03-06,1354.212
2020-03-09,1243.02
2020-03-10,1272.366
2020-03-11,1220.597
2020-03-12,1090.223
2020-03-13,1151.948
2020-03-16,1042.49
2020-03-17,1086.827
2020-03-18,1019.533
2020-03-19,1021.57
2020-03-20,995.941
2020-03-23,958.651
2020-03-24,1047.176
2020-03-25,1080.883
2020-03-26,1135.05
2020-03-27,1107.879
2020-03-30,1130.913
2020-03-31,1120.686
2020-04-01,1075.037
2020-04-02,1090.287
2020-04-03,1071.612
2020-04-06,1131.169
2020-04-07,1144.973
2020-04-08,1174.628
2020-04-09,1201.917
2020-04-10,1203.158
2020-04-13,1185.075
2020-04-14,1204.219
2020-04-15,1163.713
2020-04-16,1156.456
2020-04-17,1197.094
2020-04-20,1179.574
2020-04-21,1145.997
2020-04-22,1160.426
2020-04-23,1168.219
2020-04-24,1173.482
2020-04-27,1202.493
2020-04-28,1215.066
2020-04-29,1245.264
2020-04-30,1222.954
2020-05-01,1190.426
2020-05-04,1179.888
2020-05-05,1188.58
2020-05-06,1173.518
2020-05-07,1181.81
2020-05-08,1209.931
2020-05-11,1201.464
2020-05-12,1183.005
2020-05-13,1155.523
2020-05-14,1157.07
2020-05-15,1158.816
2020-05-18,1205.658
2020-05-19,1196.748
2020-05-20,1214.252
2020-05-21,1204.458
2020-05-22,1200.268
2020-05-25,1205.984
2020-05-26,1240.45
2020-05-27,1266.323
2020-05-28,1266.745
2020-05-29,1259.013
2020-06-01,1269.343
2020-06-02,1287.8
2020-06-03,1320.018
2020-06-04,1325.504
2020-06-05,1364.102
2020-06-08,1385.857
2020-06-09,1364.823
2020-06-10,1341.944
2020-06-11,1264.259
2020-06-12,1274.026
2020-06-15,1276.498
2020-06-16,1306.215
2020-06-17,1296.562
2020-06-18,1294.043
2020-06-19,1285.047
2020-06-22,1284.252
2020-06-23,1293.406
2020-06-24,1257.017
2020-06-25,1263.041
2020-06-26,1242.959
2020-06-29,1258.264
2020-06-30,1269.931
2020-07-01,1267.934
2020-07-02,1278.101
2020-07-03,1276.462
2020-07-06,1293.399
2020-07-07,1276.883
2020-07-08,1276.224
2020-07-09,1257.946
2020-07-10,1275.465
2020-07-13,1282.779
2020-07-14,1294.963
2020-07-15,1316.922
2020-07-16,1315.752
2020-07-17,1316.548
2020-07-20,1310.831
2020-07-21,1325.944
2020-07-22,1328.62
2020-07-23,1327.567
2020-07-24,1316.93
2020-07-27,1321.223
2020-07-28,1318.472
2020-07-29,1327.297
2020-07-30,1311.461
2020-07-31,1301.525
2020-08-03,1308.484
2020-08-04,1319.906
2020-08-05,1332.357
2020-08-06,1329.026
2020-08-07,1336.792
2020-08-10,1349.257
2020-08-11,1358.687
2020-08-12,1370.704
2020-08-13,1362.154
2020-08-14,1360.337
2020-08-17,1359.213
2020-08-18,1355.003
2020-08-19,1353.954
2020-08-20,1341.836
2020-08-21,1339.748
2020-08-24,1359.565
2020-08-25,1359.627
2020-08-26,1360.337
2020-08-27,1362.063
2020-08-28,1372.615
2020-08-31,1364.036
2020-09-01,1361.854
2020-09-02,1377.24
2020-09-03,1357.045
2020-09-04,1352.716
2020-09-07,1358.15
2020-09-08,1337.674
2020-09-09,1350.799
2020-09-10,1339.36
2020-09-11,1343.09
2020-09-14,1358.723
2020-09-15,1358.155
2020-09-16,1364.831
2020-09-17,1357.396
2020-09-18,1348.825
2020-09-21,1312.34
2020-09-22,1312.877
2020-09-23,1294.527
2020-09-24,1290.338
2020-09-25,1298.86
2020-09-28,1323.545
2020-09-29,1316.128
2020-09-30,1320.251
2020-10-01,1321.549
2020-10-02,1324.445
2020-10-05,1347.613
2020-10-06,1343.466
2020-10-07,1356.682
2020-10-08,1370.918
2020-10-09,1373.631
2020-10-12,1381.253
2020-10-13,1367.807
2020-10-14,1363.665
2020-10-15,1358.073
2020-10-16,1362.034
2020-10-19,1352.684
2020-10-20,1355.101
2020-10-21,1352.758
2020-10-22,1361.273
2020-10-23,1366.878
2020-10-26,1342.836
2020-10-27,1326.435
2020-10-28,1286.808
2020-10-29,1290.243
2020-10-30,1288.345
2020-11-02,1312.752
2020-11-03,1340.292
2020-11-04,1342.505
2020-11-05,1365.316
2020-11-06,1364.149
2020-11-09,1419.577
2020-11-10,1445.929
2020-11-11,1445.718
2020-11-12,1429.128
2020-11-13,1446.762
2020-11-16,1475.994
2020-11-17,1476.169
2020-11-18,1467.681
2020-11-19,1465.683
2020-11-20,1464.32
2020-11-23,1479.042
2020-11-24,1512.811
2020-11-25,1507.964
2020-11-26,1505.935
2020-11-27,1507.678
2020-11-30,1485.763
2020-12-01,1501.892
2020-12-02,1508.967
2020-12-03,1516.033
2020-12-04,1532.28
2020-12-07,1523.417
2020-12-08,1526.89
2020-12-09,1528.528
2020-12-10,1525.83
2020-12-11,1519.436
2020-12-14,1513.482
2020-12-15,1529.182
2020-12-16,1531.55
2020-12-17,1540.757
2020-12-18,1532.653
2020-12-21,1516.252
2020-12-22,1509.859
2020-12-23,1523.603
2020-12-24,1527.728
2020-12-25,1528.235
2020-12-28,1533.193
2020-12-29,1534.609
2020-12-30,1539.67
2020-12-31,1544.827
2021-01-01,1544.827
2021-01-04,1532.986
2021-01-05,1543.108
2021-01-06,1577.885
2021-01-07,1591.62
2021-01-08,1594.968
2021-01-11,1588.765
2021-01-12,1597.746
2021-01-13,1597.404
2021-01-14,1605.821
2021-01-15,1590.885
2021-01-18,1588.834
2021-01-19,1595.494
2021-01-20,1601.313
2021-01-21,1596.546
2021-01-22,1587.843
2021-01-25,1582.633
2021-01-26,1581.362
2021-01-27,1549.626
2021-01-28,1560.224
2021-01-29,1534.062
2021-02-01,1546.911
2021-02-02,1563.662
2021-02-03,1571.048
2021-02-04,1583.595
2021-02-05,1593.362
2021-02-08,1610.314
2021-02-09,1611.235
2021-02-10,1614.299
2021-02-11,1614.287
2021-02-12,1619.928
2021-02-15,1628.022
2021-02-16,1630.0
2021-02-17,1627.54
2021-02-18,1618.195
2021-02-19,1627.351
2021-02-22,1634.492
2021-02-23,1639.516
2021-02-24,1654.708
2021-02-25,1638.37
2021-02-26,1610.334
2021-03-01,1640.362
2021-03-02,1636.767
2021-03-03,1639.557
2021-03-04,1625.259
2021-03-05,1644.884
2021-03-08,1661.813
2021-03-09,1667.022
2021-03-10,1682.277
2021-03-11,1689.028
2021-03-12,1699.489
2021-03-15,1705.947
2021-03-16,1701.643
2021-03-17,1705.151
2021-03-18,1703.407
2021-03-19,1697.163
2021-03-22,1695.394
2021-03-23,1675.67
2021-03-24,1671.018
2021-03-25,1684.118
2021-03-26,1710.511
2021-03-29,1704.455
2021-03-30,1706.526
2021-03-31,1699.205
2021-04-01,1709.812
2021-04-02,1709.975
2021-04-05,1723.685
2021-04-06,1724.293
2021-04-07,1725.606
2021-04-08,1724.895
2021-04-09,1730.189
2021-04-12,1730.854
2021-04-13,1727.278
2021-04-14,1733.617
2021-04-15,1743.695
2021-04-16,1753.732
2021-04-19,1751.99
2021-04-20,1733.661
2021-04-21,1744.32
2021-04-22,1738.213
2021-04-23,1749.468
2021-04-26,1754.093
2021-04-27,1755.125
2021-04-28,1756.848
2021-04-29,1767.064
2021-04-30,1753.892
2021-05-03,1768.585
2021-05-04,1765.198
2021-05-05,1776.201
2021-05-06,1792.246
2021-05-07,1808.796
2021-05-10,1812.684
2021-05-11,1787.177
2021-05-12,1761.344
2021-05-13,1774.884
2021-05-14,1798.167
2021-05-17,1798.904
2021-05-18,1793.944
2021-05-19,1778.245
2021-05-20,1788.258
2021-05-21,1792.819
2021-05-24,1800.444
2021-05-25,1792.825
2021-05-26,1795.755
2021-05-27,1801.623
2021-05-28,1806.114
2021-05-31,1803.964
2021-06-01,1813.449
2021-06-02,1818.141
2021-06-03,1816.813
2021-06-04,1824.444
2021-06-07,1823.885
2021-06-08,1823.287
2021-06-09,1816.888
2021-06-10,1816.7
2021-06-11,1818.743
2021-06-14,1814.138
2021-06-15,1816.1
2021-06-16,1808.55
2021-06-17,1784.957
2021-06-18,1749.512
2021-06-21,1772.404
2021-06-22,1778.224
2021-06-23,1774.46
2021-06-24,1783.606
2021-06-25,1794.898
2021-06-28,1784.474
2021-06-29,1779.321
2021-06-30,1778.988
2021-07-01,1788.522
2021-07-02,1792.396
2021-07-05,1795.828
2021-07-06,1778.802
2021-07-07,1780.697
2021-07-08,1763.223
2021-07-09,1787.908
2021-07-12,1796.683
2021-07-13,1785.707
2021-07-14,1783.297
2021-07-15,1778.08
2021-07-16,1765.403
2021-07-19,1729.746
2021-07-20,1749.12
2021-07-21,1770.287
2021-07-22,1766.839
2021-07-23,1774.879
2021-07-26,1783.864
2021-07-27,1783.895
2021-07-28,1781.447
2021-07-29,1797.135
2021-07-30,1786.388
2021-08-02,1789.929
2021-08-03,1800.699
2021-08-04,1787.477
2021-08-05,1796.175
2021-08-06,1801.879
2021-08-09,1799.003
2021-08-10,1808.071
2021-08-11,1822.228
2021-08-12,1822.776
2021-08-13,1826.072
2021-08-16,1823.302
2021-08-17,1810.705
2021-08-18,1797.609
2021-08-19,1782.691
2021-08-20,1789.153
2021-08-23,1802.987
2021-08-24,1809.211
2021-08-25,1814.182
2021-08-26,1805.298
2021-08-27,1819.464
2021-08-30,1818.329
2021-08-31,1816.578
2021-09-01,1819.0
2021-09-02,1829.341
2021-09-03,1826.778
2021-09-06,1828.786
2021-09-07,1815.665
2021-09-08,1810.21
2021-09-09,1803.695
2021-09-10,1795.836
2021-09-13,1806.534
2021-09-14,1794.685
2021-09-15,1803.647
2021-09-16,1797.928
2021-09-17,1785.664
2021-09-20,1757.275
2021-09-21,1755.576
2021-09-22,1770.887
2021-09-23,1791.46
2021-09-24,1791.642
2021-09-27,1802.51
2021-09-28,1780.445
2021-09-29,1782.353
2021-09-30,1762.953
2021-10-01,1773.577
2021-10-04,1770.843
2021-10-05,1781.413
2021-10-06,1777.11
2021-10-07,1793.708
2021-10-08,1796.307
2021-10-11,1790.547
2021-10-12,1786.921
2021-10-13,1788.613
2021-10-14,1813.133
2021-10-15,1825.626
2021-10-18,1821.067
2021-10-19,1833.223
2021-10-20,1847.422
2021-10-21,1843.442
2021-10-22,1848.684
2021-10-25,1850.363
2021-10-26,1852.802
2021-10-27,1834.284
2021-10-28,1847.817
2021-10-29,1840.272
2021-11-01,1854.484
2021-11-02,1855.67
2021-11-03,1864.884
2021-11-04,1859.938
2021-11-05,1868.925
2021-11-08,1871.639
2021-11-09,1868.17
2021-11-10,1862.582
2021-11-11,1863.514
2021-11-12,1868.052
2021-11-15,1870.024
2021-11-16,1866.249
2021-11-17,1856.694
2021-11-18,1850.973
2021-11-19,1837.347
2021-11-22,1841.7
2021-11-23,1849.905
2021-11-24,1847.437
2021-11-25,1849.714
2021-11-26,1803.66
2021-11-29,1805.663
2021-11-30,1769.131
2021-12-01,1769.779
2021-12-02,1791.72
2021-12-03,1788.96
2021-12-06,1811.556
2021-12-07,1836.402
2021-12-08,1836.855
2021-12-09,1828.819
2021-12-10,1837.853
2021-12-13,1826.872
2021-12-14,1823.06
2021-12-15,1834.955
2021-12-16,1848.461
2021-12-17,1829.209
2021-12-20,1806.469
2021-12-21,1830.616
2021-12-22,1843.965
2021-12-23,1856.363
2021-12-24,1856.829
2021-12-27,1871.563
2021-12-28,1876.797
2021-12-29,1883.101
2021-12-30,1880.086
2021-12-31,1882.122
2022-01-03,1885.216
2022-01-04,1909.334
2022-01-05,1901.569
2022-01-06,1899.159
2022-01-07,1904.734
2022-01-10,1900.734
2022-01-11,1913.698
2022-01-12,1924.105
2022-01-13,1925.404
2022-01-14,1919.947
2022-01-17,1921.609
2022-01-18,1896.034
2022-01-19,1880.913
2022-01-20,1869.01
2022-01-21,1845.204
2022-01-24,1833.93
2022-01-25,1830.707
2022-01-26,1830.445
2022-01-27,1820.141
2022-01-28,1836.65
2022-01-31,1852.535
2022-02-01,1869.2
2022-02-02,1885.279
2022-02-03,1871.233
2022-02-04,1865.234
2022-02-07,1870.703
2022-02-08,1882.585
2022-02-09,1902.792
2022-02-10,1885.994
2022-02-11,1871.101
2022-02-14,1849.261
2022-02-15,1867.239
2022-02-16,1874.034
2022-02-17,1853.101
2022-02-18,1844.18
2022-02-21,1840.13
2022-02-22,1824.671
2022-02-23,1808.259
2022-02-24,1782.53
2022-02-25,1835.004
2022-02-28,1827.46
2022-03-01,1797.235
2022-03-02,1822.61
2022-03-03,1819.136
2022-03-04,1798.488
2022-03-07,1763.127
2022-03-08,1750.587
2022-03-09,1788.199
2022-03-10,1787.99
2022-03-11,1777.897
2022-03-14,1779.957
2022-03-15,1793.838
2022-03-16,1822.459
2022-03-17,1846.803
2022-03-18,1850.678
2022-03-21,1854.533
2022-03-22,1865.616
2022-03-23,1849.517
2022-03-24,1861.417
2022-03-25,1874.224
2022-03-28,1871.718
2022-03-29,1895.005
2022-03-30,1891.337
2022-03-31,1866.767
2022-04-01,1870.715
2022-04-04,1869.978
2022-04-05,1858.047
2022-04-06,1852.345
2022-04-07,1853.315
2022-04-08,1863.966
2022-04-11,1852.538
2022-04-12,1847.998
2022-04-13,1856.65
2022-04-14,1852.767
2022-04-15,1852.679
2022-04-18,1849.456
2022-04-19,1865.407
2022-04-20,1885.461
2022-04-21,1869.396
2022-04-22,1822.61
2022-04-25,1812.296
2022-04-26,1783.771
2022-04-27,1780.71
2022-04-28,1804.497
2022-04-29,1770.986
2022-05-02,1765.454
2022-05-03,1780.377
2022-05-04,1811.835
2022-05-05,1776.527
2022-05-06,1770.494
2022-05-09,1726.873
2022-05-10,1721.675
2022-05-11,1718.034
2022-05-12,1713.707
2022-05-13,1741.19
2022-05-16,1745.091
2022-05-17,1775.868
2022-05-18,1732.729
2022-05-19,1721.892
2022-05-20,1726.945
2022-05-23,1756.186
2022-05-24,1757.745
2022-05-25,1769.861
2022-05-26,1792.329
2022-05-27,1818.216
2022-05-30,1823.468
2022-05-31,1806.226
2022-06-01,1795.103
2022-06-02,1811.316
2022-06-03,1798.991
2022-06-06,1804.596
2022-06-07,1816.524
2022-06-08,1797.764
2022-06-09,1762.716
2022-06-10,1719.338
2022-06-13,1663.045
2022-06-14,1647.846
2022-06-15,1658.605
2022-06-16,1621.396
2022-06-17,1609.38
2022-06-20,1616.084
2022-06-21,1645.178
2022-06-22,1638.739
2022-06-23,1636.028
2022-06-24,1672.489
2022-06-27,1680.315
2022-06-28,1670.383
2022-06-29,1658.782
2022-06-30,1643.488
2022-07-01,1652.641
2022-07-04,1658.137
2022-07-05,1631.729
2022-07-06,1629.234
2022-07-07,1652.0
2022-07-08,1652.739
2022-07-11,1639.439
2022-07-12,1632.656
2022-07-13,1624.558
2022-07-14,1601.731
2022-07-15,1631.606
2022-07-18,1633.986
2022-07-19,1669.687
2022-07-20,1669.983
2022-07-21,1672.528
2022-07-22,1672.749
2022-07-25,1681.679
2022-07-26,1674.366
2022-07-27,1691.386
2022-07-28,1709.526
2022-07-29,1724.942
2022-08-01,1726.576
2022-08-02,1710.794
2022-08-03,1718.125
2022-08-04,1714.286
2022-08-05,1714.968
2022-08-08,1723.244
2022-08-09,1720.85
2022-08-10,1751.223
2022-08-11,1757.333
2022-08-12,1774.575
2022-08-15,1774.493
2022-08-16,1780.444
2022-08-17,1768.009
2022-08-18,1773.044
2022-08-19,1754.676
2022-08-22,1727.649
2022-08-23,1726.663
2022-08-24,1728.818
2022-08-25,1746.016
2022-08-26,1709.071
2022-08-29,1698.162
2022-08-30,1682.891
2022-08-31,1671.871
2022-09-01,1663.172
2022-09-02,1662.829
2022-09-05,1657.602
2022-09-06,1649.968
2022-09-07,1664.592
2022-09-08,1679.405
2022-09-09,1704.62
2022-09-12,1726.578
2022-09-13,1674.738
2022-09-14,1671.597
2022-09-15,1662.279
2022-09-16,1651.052
2022-09-19,1657.731
2022-09-20,1639.146
2022-09-21,1616.789
2022-09-22,1604.276
2022-09-23,1567.603
2022-09-26,1540.978
2022-09-27,1533.935
2022-09-28,1554.986
2022-09-29,1537.323
2022-09-30,1526.279
2022-10-03,1562.432
2022-10-04,1612.728
2022-10-05,1602.577
2022-10-06,1585.085
2022-10-07,1557.374
2022-10-10,1546.592
2022-10-11,1540.999
2022-10-12,1533.035
2022-10-13,1567.384
2022-10-14,1550.42
2022-10-17,1579.023
2022-10-18,1595.139
2022-10-19,1583.234
2022-10-20,1575.329
2022-10-21,1596.965
2022-10-24,1616.935
2022-10-25,1639.062
2022-10-26,1652.246
2022-10-27,1655.973
2022-10-28,1677.86
2022-10-31,1673.311
2022-11-01,1680.186
2022-11-02,1658.648
2022-11-03,1647.083
2022-11-04,1674.65
2022-11-07,1691.566
2022-11-08,1703.099
2022-11-09,1677.219
2022-11-10,1740.335
2022-11-11,1754.043
2022-11-14,1742.7
2022-11-15,1754.769
2022-11-16,1743.69
2022-11-17,1736.854
2022-11-18,1752.675
2022-11-21,1746.86
2022-11-22,1771.231
2022-11-23,1779.627
2022-11-24,1785.342
2022-11-25,1788.933
2022-11-28,1764.883
2022-11-29,1769.869
2022-11-30,1793.068
2022-12-01,1801.666
2022-12-02,1797.213
2022-12-05,1773.947
2022-12-06,1757.76
2022-12-07,1755.311
2022-12-08,1762.211
2022-12-09,1756.978
2022-12-12,1769.772
2022-12-13,1787.136
2022-12-14,1781.05
2022-12-15,1745.613
2022-12-16,1726.96
2022-12-19,1720.626
2022-12-20,1728.325
2022-12-21,1750.401
2022-12-22,1736.888
2022-12-23,1747.074
2022-12-26,1747.344
2022-12-27,1751.339
2022-12-28,1734.675
2022-12-29,1752.834
2022-12-30,1747.469
2023-01-02,1751.041
2023-01-03,1748.894
2023-01-04,1766.067
2023-01-05,1751.525
2023-01-06,1788.272
2023-01-09,1789.776
2023-01-10,1792.12
2023-01-11,1805.228
2023-01-12,1819.802
2023-01-13,1827.004
2023-01-16,1826.341
2023-01-17,1822.208
2023-01-18,1803.127
2023-01-19,1785.286
2023-01-20,1804.907
2023-01-23,1818.585
2023-01-24,1821.304
2023-01-25,1824.53
2023-01-26,1832.955
2023-01-27,1832.587
2023-01-30,1820.731
2023-01-31,1837.362
2023-02-01,1846.783
2023-02-02,1853.34
2023-02-03,1837.969
2023-02-06,1822.87
2023-02-07,1835.737
2023-02-08,1827.925
2023-02-09,1820.75
2023-02-10,1825.708
2023-02-13,1838.18
2023-02-14,1835.666
2023-02-15,1833.939
2023-02-16,1825.294
2023-02-17,1823.489
2023-02-20,1826.729
2023-02-21,1802.453
2023-02-22,1793.359
2023-02-23,1796.014
2023-02-24,1783.383
2023-02-27,1790.117
2023-02-28,1785.665
2023-03-01,1784.336
2023-03-02,1789.953
2023-03-03,1809.599
2023-03-06,1811.168
2023-03-07,1782.908
2023-03-08,1781.588
2023-03-09,1755.433
2023-03-10,1733.353
2023-03-13,1710.05
2023-03-14,1723.163
2023-03-15,1689.208
2023-03-16,1703.484
2023-03-17,1681.354
2023-03-20,1701.521
2023-03-21,1721.324
2023-03-22,1700.859
2023-03-23,1698.13
2023-03-24,1696.72
2023-03-27,1710.829
2023-03-28,1718.107
2023-03-29,1737.452
2023-03-30,1749.51
2023-03-31,1765.325
2023-04-03,1778.811
2023-04-04,1770.163
2023-04-05,1769.341
2023-04-06,1770.821
2023-04-07,1771.123
2023-04-10,1771.883
2023-04-11,1785.49
2023-04-12,1786.534
2023-04-13,1798.166
2023-04-14,1796.158
2023-04-17,1799.981
2023-04-18,1804.822
2023-04-19,1804.605
2023-04-20,1796.838
2023-04-21,1793.608
2023-04-24,1798.594
2023-04-25,1778.99
2023-04-26,1765.749
2023-04-27,1780.553
2023-04-28,1794.756
2023-05-01,1793.537
2023-05-02,1767.834
2023-05-03,1761.673
2023-05-04,1748.384
2023-05-05,1775.813
2023-05-08,1776.314
2023-05-09,1769.8
2023-05-10,1767.938
2023-05-11,1757.932
2023-05-12,1756.294
2023-05-15,1764.322
2023-05-16,1745.523
2023-05-17,1757.872
2023-05-18,1761.782
2023-05-19,1763.696
2023-05-22,1764.04
2023-05-23,1755.738
2023-05-24,1734.914
2023-05-25,1723.482
2023-05-26,1735.487
2023-05-29,1738.054
2023-05-30,1731.352
2023-05-31,1714.056
2023-06-01,1729.196
2023-06-02,1763.713
2023-06-05,1758.573
2023-06-06,1767.516
2023-06-07,1780.027
2023-06-08,1784.69
2023-06-09,1783.465
2023-06-12,1787.041
2023-06-13,1802.533
2023-06-14,1804.626
2023-06-15,1819.348
2023-06-16,1819.384
2023-06-19,1815.586
2023-06-20,1801.635
2023-06-21,1800.731
2023-06-22,1791.864
2023-06-23,1773.026
2023-06-26,1780.545
2023-06-27,1793.775
2023-06-28,1791.659
2023-06-29,1802.308
2023-06-30,1817.083
2023-07-03,1825.922
2023-07-04,1826.554
2023-07-05,1815.222
2023-07-06,1790.755
2023-07-07,1795.042
2023-07-10,1804.045
2023-07-11,1821.103
2023-07-12,1838.949
2023-07-13,1851.371
2023-07-14,1844.107
2023-07-17,1843.155
2023-07-18,1857.091
2023-07-19,1865.506
2023-07-20,1872.867
2023-07-21,1875.008
2023-07-24,1883.242
2023-07-25,1883.788
2023-07-26,1886.85
2023-07-27,1878.933
2023-07-28,1886.126
2023-07-31,1890.95
2023-08-01,1881.521
2023-08-02,1860.041
2023-08-03,1853.098
2023-08-04,1853.969
2023-08-07,1865.474
2023-08-08,1853.203
2023-08-09,1851.534
2023-08-10,1855.079
2023-08-11,1853.344
2023-08-14,1846.9
2023-08-15,1828.073
2023-08-16,1814.956
2023-08-17,1806.702
2023-08-18,1806.463
2023-08-21,1804.103
2023-08-22,1800.633
2023-08-23,1811.958
2023-08-24,1801.122
2023-08-25,1802.344
2023-08-28,1816.078
2023-08-29,1833.707
2023-08-30,1840.994
2023-08-31,1836.306
2023-09-01,1841.376
2023-09-04,1842.483
2023-09-05,1824.009
2023-09-06,1817.751
2023-09-07,1815.679
2023-09-08,1817.286
2023-09-11,1826.433
2023-09-12,1827.3
2023-09-13,1825.925
2023-09-14,1847.058
2023-09-15,1839.557
2023-09-18,1835.823
2023-09-19,1835.424
2023-09-20,1833.397
2023-09-21,1808.228
2023-09-22,1802.939
2023-09-25,1800.38
2023-09-26,1782.057
2023-09-27,1778.166
2023-09-28,1787.17
2023-09-29,1781.09
2023-10-02,1758.676
2023-10-03,1736.779
2023-10-04,1733.06
2023-10-05,1736.241
2023-10-06,1748.225
2023-10-09,1759.114
2023-10-10,1778.748
2023-10-11,1781.297
2023-10-12,1768.842
2023-10-13,1762.059
2023-10-16,1776.344
2023-10-17,1783.045
2023-10-18,1763.849
2023-10-19,1745.006
2023-10-20,1727.58
2023-10-23,1716.7
2023-10-24,1724.365
2023-10-25,1716.044
2023-10-26,1710.633
2023-10-27,1695.634
2023-10-30,1708.162
2023-10-31,1716.443
2023-11-01,1728.294
2023-11-02,1761.954
2023-11-03,1782.473
2023-11-06,1777.934
2023-11-07,1765.429
2023-11-08,1758.599
2023-11-09,1753.035
2023-11-10,1761.474
2023-11-13,1763.813
2023-11-14,1804.07
2023-11-15,1813.932
2023-11-16,1806.193
2023-11-17,1819.485
2023-11-20,1825.667
2023-11-21,1821.156
2023-11-22,1822.267
2023-11-23,1825.412
2023-11-24,1834.508
2023-11-27,1828.509
2023-11-28,1830.812
2023-11-29,1834.004
2023-11-30,1845.28
2023-12-01,1862.714
2023-12-04,1862.68
2023-12-05,1852.084
2023-12-06,1853.855
2023-12-07,1859.831
2023-12-08,1863.653
2023-12-11,1875.404
2023-12-12,1876.097
2023-12-13,1902.205
2023-12-14,1932.844
2023-12-15,1923.805
2023-12-18,1922.287
2023-12-19,1938.07
2023-12-20,1917.541
2023-12-21,1931.554
2023-12-22,1940.649
2023-12-25,1940.505
2023-12-26,1948.912
2023-12-27,1956.784
2023-12-28,1958.441
2023-12-29,1953.339
2024-01-01,1953.495
2024-01-02,1955.353
2024-01-03,1936.526
2024-01-04,1940.538
2024-01-05,1946.509
2024-01-08,1956.601
2024-01-09,1945.163
2024-01-10,1945.108
2024-01-11,1938.15
2024-01-12,1943.032
2024-01-15,1941.865
2024-01-16,1925.422
2024-01-17,1907.856
2024-01-18,1913.82
2024-01-19,1928.31
2024-01-22,1938.692
2024-01-23,1938.475
2024-01-24,1939.479
2024-01-25,1948.87
2024-01-26,1951.505
2024-01-29,1958.789
2024-01-30,1963.314
2024-01-31,1952.098
2024-02-01,1959.391
2024-02-02,1954.571
2024-02-05,1937.481
2024-02-06,1947.442
2024-02-07,1951.103
2024-02-08,1950.77
2024-02-09,1951.43
2024-02-12,1962.03
2024-02-13,1936.561
2024-02-14,1945.826
2024-02-15,1968.932
2024-02-16,1969.341
2024-02-19,1971.226
2024-02-20,1970.89
2024-02-21,1975.496
2024-02-22,1990.254
2024-02-23,1995.633
2024-02-26,1988.624
2024-02-27,1993.998
2024-02-28,1991.163
2024-02-29,1996.762
2024-03-01,2009.772
2024-03-04,2011.438
2024-03-05,2008.375
2024-03-06,2021.191
2024-03-07,2035.067
2024-03-08,2035.725
2024-03-11,2033.833
2024-03-12,2038.252
2024-03-13,2041.236
2024-03-14,2027.027
2024-03-15,2026.341
2024-03-18,2030.267
2024-03-19,2039.0
2024-03-20,2051.559
2024-03-21,2070.092
2024-03-22,2061.692
2024-03-25,2059.437
2024-03-26,2058.26
2024-03-27,2082.991
2024-03-28,2089.839
2024-03-29,2090.986
2024-04-01,2077.493
2024-04-02,2066.006
2024-04-03,2069.282
2024-04-04,2059.826
2024-04-05,2062.706
2024-04-08,2068.684
2024-04-09,2073.194
2024-04-10,2045.172
2024-04-11,2039.553
2024-04-12,2016.497
2024-04-15,2005.406
2024-04-16,1987.88
2024-04-17,1983.971
2024-04-18,1989.281
2024-04-19,1997.655
2024-04-22,2014.203
2024-04-23,2031.388
2024-04-24,2031.91
2024-04-25,2025.348
2024-04-26,2027.493
2024-04-29,2038.588
2024-04-30,2017.189
2024-05-01,2011.34
2024-05-02,2024.453
2024-05-03,2038.597
2024-05-06,2051.517
2024-05-07,2058.985
2024-05-08,2057.676
2024-05-09,2072.426
2024-05-10,2080.825
2024-05-13,2081.629
2024-05-14,2089.831
2024-05-15,2105.656
2024-05-16,2104.247
2024-05-17,2109.157
2024-05-20,2104.52
2024-05-21,2104.773
2024-05-22,2094.328
2024-05-23,2071.951
2024-05-24,2078.61
2024-05-27,2083.16
2024-05-28,2073.152
2024-05-29,2045.986
2024-05-30,2058.387
2024-05-31,2083.172
2024-06-03,2080.42
2024-06-04,2073.212
2024-06-05,2076.969
2024-06-06,2077.791
2024-06-07,2068.718
2024-06-10,2069.227
2024-06-11,2054.242
2024-06-12,2067.525
2024-06-13,2057.204
2024-06-14,2044.721
2024-06-17,2052.683
2024-06-18,2062.199
2024-06-19,2063.731
2024-06-20,2066.329
2024-06-21,2060.225
2024-06-24,2076.018
2024-06-25,2064.535
2024-06-26,2056.62
2024-06-27,2055.91
2024-06-28,2061.034
2024-07-01,2056.974
2024-07-02,2062.455
2024-07-03,2071.29
2024-07-04,2076.67
2024-07-05,2071.192
2024-07-08,2072.659
2024-07-09,2067.868
2024-07-10,2086.767
2024-07-11,2112.479
2024-07-12,2125.988
2024-07-15,2128.693
2024-07-16,2151.619
2024-07-17,2160.527
2024-07-18,2147.369
2024-07-19,2129.319
2024-07-22,2140.119
2024-07-23,2134.2
2024-07-24,2121.556
2024-07-25,2121.792
2024-07-26,2145.948
2024-07-29,2144.494
2024-07-30,2149.285
2024-07-31,2167.24
2024-08-01,2137.211
2024-08-02,2102.728
2024-08-05,2043.578
2024-08-06,2061.58
2024-08-07,2059.994
2024-08-08,2084.918
2024-08-09,2091.319
2024-08-12,2084.534
2024-08-13,2108.202
2024-08-14,2121.048
2024-08-15,2141.581
2024-08-16,2153.331
2024-08-19,2170.508
2024-08-20,2165.681
2024-08-21,2175.365
2024-08-22,2171.961
2024-08-23,2200.782
2024-08-26,2203.46
2024-08-27,2205.414
2024-08-28,2201.771
2024-08-29,2206.146
2024-08-30,2222.965
2024-09-02,2222.644
2024-09-03,2199.444
2024-09-04,2195.531
2024-09-05,2185.532
2024-09-06,2163.76
2024-09-09,2176.945
2024-09-10,2174.339
2024-09-11,2172.286
2024-09-12,2186.925
2024-09-13,2207.121
2024-09-16,2220.45
2024-09-17,2220.99
2024-09-18,2216.956
2024-09-19,2240.063
2024-09-20,2233.474
2024-09-23,2241.772
2024-09-24,2246.917
2024-09-25,2235.39
2024-09-26,2252.174
2024-09-27,2264.374
2024-09-30,2260.866
2024-10-01,2249.871
2024-10-02,2244.063
2024-10-03,2233.481
2024-10-04,2245.975
2024-10-07,2237.057
2024-10-08,2232.262
2024-10-09,2245.85
2024-10-10,2240.519
2024-10-11,2258.65
2024-10-14,2268.72
2024-10-15,2261.853
2024-10-16,2273.806
2024-10-17,2274.982
2024-10-18,2278.927
2024-10-21,2257.465
2024-10-22,2250.4
2024-10-23,2240.612
2024-10-24,2238.81
2024-10-25,2227.899
2024-10-28,2239.094
2024-10-29,2228.99
2024-10-30,2227.477
2024-10-31,2210.617
2024-11-01,2212.044
2024-11-04,2212.723
2024-11-05,2232.886
2024-11-06,2269.025
2024-11-07,2274.881
2024-11-08,2277.377
2024-11-11,2280.951
2024-11-12,2257.458
2024-11-13,2254.417
2024-11-14,2246.903
2024-11-15,2240.069
2024-11-18,2248.864
2024-11-19,2244.88
2024-11-20,2241.947
2024-11-21,2263.633
2024-11-22,2277.61
2024-11-25,2293.057
2024-11-26,2287.294
2024-11-27,2291.643
2024-11-28,2293.947
2024-11-29,2300.167
2024-12-02,2291.091
2024-12-03,2287.257
2024-12-04,2281.946
2024-12-05,2280.08
2024-12-06,2273.492
2024-12-09,2266.09
2024-12-10,2251.838
2024-12-11,2248.078
2024-12-12,2239.621
2024-12-13,2231.032
2024-12-16,2219.126
2024-12-17,2205.694
2024-12-18,2160.52
2024-12-19,2142.367
2024-12-20,2161.001
2024-12-23,2166.12
2024-12-24,2180.261
2024-12-25,2180.805
2024-12-26,2184.339
2024-12-27,2179.848
2024-12-30,2163.203
2024-12-31,2168.239
2025-01-01,2168.3
2025-01-02,2164.479
2025-01-03,2177.936
2025-01-06,2179.177
2025-01-07,2178.42
2025-01-08,2176.086
2025-01-09,2175.234
2025-01-10,2143.429
2025-01-13,2154.786
2025-01-14,2172.017
2025-01-15,2198.232
2025-01-16,2210.268
2025-01-17,2222.082
2025-01-20,2228.967
2025-01-21,2248.613
2025-01-22,2238.753
2025-01-23,2250.999
2025-01-24,2254.602
2025-01-27,2269.584
2025-01-28,2256.308
2025-01-29,2256.346
2025-01-30,2276.233
2025-01-31,2262.745
2025-02-03,2244.146
2025-02-04,2252.546
2025-02-05,2271.46
2025-02-06,2273.77
2025-02-07,2261.442
2025-02-10,2266.493
2025-02-11,2273.021
2025-02-12,2263.983
2025-02-13,2286.379
2025-02-14,2286.391
2025-02-17,2287.685
2025-02-18,2299.359
2025-02-19,2298.042
2025-02-20,2294.556
2025-02-21,2275.804
2025-02-24,2278.788
2025-02-25,2286.112
2025-02-26,2282.313
2025-02-27,2272.872
2025-02-28,2289.936
2025-03-03,2284.95
2025-03-04,2246.379
2025-03-05,2272.984
2025-03-06,2267.77
2025-03-07,2279.878
2025-03-10,2254.028
2025-03-11,2227.666
2025-03-12,2223.883
2025-03-13,2210.723
2025-03-14,2242.69
2025-03-17,2271.495
2025-03-18,2270.934
2025-03-19,2279.517
2025-03-20,2273.79
2025-03-21,2262.991
2025-03-24,2280.628
2025-03-25,2281.261
2025-03-26,2281.921
2025-03-27,2277.927
2025-03-28,2254.762
2025-03-31,2257.618
2025-04-01,2261.579
2025-04-02,2271.037
2025-04-03,2204.568
2025-04-04,2077.843
2025-04-07,2030.33
2025-04-08,2024.276
2025-04-09,2110.778
2025-04-10,2097.964
2025-04-11,2123.061
2025-04-14,2156.104
2025-04-15,2161.03
2025-04-16,2146.691
2025-04-17,2154.467
2025-04-18,2156.1
2025-04-21,2132.1
2025-04-22,2169.016
2025-04-23,2183.748
2025-04-24,2203.677
2025-04-25,2201.46
2025-04-28,2213.432
2025-04-29,2224.609
2025-04-30,2228.346
2025-05-01,2217.787
2025-05-02,2253.626
2025-05-05,2245.222
2025-05-06,2236.946
2025-05-07,2246.621
2025-05-08,2249.898
2025-05-09,2253.513
2025-05-12,2283.728
2025-05-13,2283.35
2025-05-14,2275.783
2025-05-15,2292.425
2025-05-16,2307.886
2025-05-19,2315.868
2025-05-20,2317.239
2025-05-21,2290.544
2025-05-22,2277.978
2025-05-23,2276.344
2025-05-26,2282.775
2025-05-27,2305.952
2025-05-28,2288.146
2025-05-29,2298.699
2025-05-30,2300.896
2025-06-02,2308.428
2025-06-03,2314.902
2025-06-04,2315.869
2025-06-05,2313.657
2025-06-06,2328.91
2025-06-09,2332.916
2025-06-10,2344.008
2025-06-11,2341.362
2025-06-12,2352.346
2025-06-13,2329.446
2025-06-16,2346.419
2025-06-17,2325.496
2025-06-18,2327.519
2025-06-19,2320.743
2025-06-20,2322.163
2025-06-23,2334.134
2025-06-24,2361.161
2025-06-25,2345.554
2025-06-26,2367.362
2025-06-27,2378.448
2025-06-30,2386.618
2025-07-01,2404.999
2025-07-02,2410.414
2025-07-03,2422.174
2025-07-04,2421.226
2025-07-07,2402.393
2025-07-08,2403.63
2025-07-09,2413.736
2025-07-10,2423.695
2025-07-11,2409.376
2025-07-14,2409.48
2025-07-15,2380.305
2025-07-16,2384.405
2025-07-17,2397.589
2025-07-18,2399.368
2025-07-21,2401.063
2025-07-22,2418.316
2025-07-23,2444.547
2025-07-24,2441.598
2025-07-25,2440.913
2025-07-28,2428.119
2025-07-29,2421.668
2025-07-30,2408.57
2025-07-31,2398.067
2025-08-01,2378.961
2025-08-04,2402.232
2025-08-05,2403.414
2025-08-06,2408.642
2025-08-07,2410.746
2025-08-08,2423.997
2025-08-11,2418.383
2025-08-12,2448.22
2025-08-13,2471.086
2025-08-14,2465.348
2025-08-15,2467.451
2025-08-18,2460.632
2025-08-19,2469.847
2025-08-20,2475.482
2025-08-21,2466.993
2025-08-22,2506.291
2025-08-25,2490.106
2025-08-26,2486.849
2025-08-27,2489.001
2025-08-28,2493.735
2025-08-29,2491.842
2025-09-01,2491.803
2025-09-02,2475.958
2025-09-03,2468.186
2025-09-04,2485.028
2025-09-05,2490.464
2025-09-08,2490.179
2025-09-09,2493.666
2025-09-10,2500.879
2025-09-11,2525.198
2025-09-12,2513.022
2025-09-15,2514.396
2025-09-16,2515.937
2025-09-17,2519.66
2025-09-18,2524.602
2025-09-19,2521.682
2025-09-22,2522.478
2025-09-23,2525.669
2025-09-24,2519.058
2025-09-25,2502.565
2025-09-26,2521.954
2025-09-29,2524.483
2025-09-30,2533.105
2025-10-01,2538.558
2025-10-02,2536.098
2025-10-03,2548.359
2025-10-06,2547.246
2025-10-07,2536.013
2025-10-08,2537.908
2025-10-09,2528.13
2025-10-10,2483.363
2025-10-13,2502.529
2025-10-14,2514.676
2025-10-15,2527.139
2025-10-16,2516.761
2025-10-17,2516.281
2025-10-20,2541.191
2025-10-21,2540.534
2025-10-22,2535.838
2025-10-23,2543.009
2025-10-24,2553.042
2025-10-27,2567.119
2025-10-28,2556.836
2025-10-29,2543.633
2025-10-30,2521.813
2025-10-31,2519.53
2025-11-03,2511.349
2025-11-04,2499.036
2025-11-05,2510.064
2025-11-06,2506.558
2025-11-07,2517.744
2025-11-10,2534.697
2025-11-11,2555.013
2025-11-12,2566.747
2025-11-13,2548.792
2025-11-14,2536.469
2025-11-17,2510.641
2025-11-18,2495.586
2025-11-19,2488.777
2025-11-20,2471.444
2025-11-21,2498.037
2025-11-24,2509.371
2025-11-25,2541.756
2025-11-26,2558.407
2025-11-27,2560.312
2025-11-28,2575.5
2025-12-01,2562.315
2025-12-02,2561.376
2025-12-03,2579.784
2025-12-04,2589.031
2025-12-05,2589.111
2025-12-08,2575.754
2025-12-09,2572.119
2025-12-10,2597.986
2025-12-11,2619.221
2025-12-12,2611.559
2025-12-15,2620.771
2025-12-16,2601.484
2025-12-17,2595.579
2025-12-18,2600.855
2025-12-19,2606.09
2025-12-22,2624.478
2025-12-23,2629.911
2025-12-24,2637.961
2025-12-25,2638.178
2025-12-26,2636.535
2025-12-29,2634.336
2025-12-30,2634.729
2025-12-31,2618.769
2026-01-01,2619.025
2026-01-02,2635.554
2026-01-05,2656.788
2026-01-06,2677.068
2026-01-07,2654.403
2026-01-08,2669.747
2026-01-09,2683.284
2026-01-12,2685.44
2026-01-13,2683.673
2026-01-14,2698.077
2026-01-15,2706.464
2026-01-16,2704.08
2026-01-19,2702.354
2026-01-20,2670.738
2026-01-21,2697.373
2026-01-22,2715.289
2026-01-23,2706.306
2026-01-26,2722.836
2026-01-27,2730.975
2026-01-28,2728.157
2026-01-29,2748.454
2026-01-30,2744.203
2026-02-02,2753.765
2026-02-03,2766.016
2026-02-04,2780.885
2026-02-05,2760.14
2026-02-06,2796.606
2026-02-09,2809.814
2026-02-10,2811.605
2026-02-11,2814.923
2026-02-12,2794.41
2026-02-13,2798.184
2026-02-16,2796.35
2026-02-17,2788.825
2026-02-18,2806.1
2026-02-19,2800.467
2026-02-20,2814.666
2026-02-23,2794.291
2026-02-24,2801.223
2026-02-25,2815.291
2026-02-26,2820.998
2026-02-27,2826.819
2026-03-02,2806.712
2026-03-03,2757.256
2026-03-04,2765.171
2026-03-05,2737.387
2026-03-06,2707.955
2026-03-09,2702.707
2026-03-10,2713.89
2026-03-11,2705.234
2026-03-12,2669.513
2026-03-13,2661.113
2026-03-16,2680.426
2026-03-17,2696.696
2026-03-18,2671.42
2026-03-19,2654.069
2026-03-20,2623.458
2026-03-23,2636.246
2026-03-24,2645.874
2026-03-25,2664.251
2026-03-26,2636.374
2026-03-27,2610.593
2026-03-30,2608.514
2026-03-31,2650.742
2026-04-01,2682.391
2026-04-02,2678.174
2026-04-03,2679.54
2026-04-06,2688.162
2026-04-07,2689.19
2026-04-08,2763.171
2026-04-09,2771.031
2026-04-10,2760.678
2026-04-13,2773.696
2026-04-14,2794.556
2026-04-15,2789.786
2026-04-16,2796.004
2026-04-17,2821.892
2026-04-20,2815.637
2026-04-21,2797.763
2026-04-22,2795.756
2026-04-23,2802.028
2026-04-24,2797.722
2026-04-27,2800.698
2026-04-28,2799.975
2026-04-29,2797.237
2026-04-30,2840.365
2026-05-01,2836.845
2026-05-04,2816.346
2026-05-05,2836.01
2026-05-06,2868.231
2026-05-07,2850.636
2026-05-08,2856.548
2026-05-11,2862.271
2026-05-12,2858.186
2026-05-13,2866.054
2026-05-14,2873.918
2026-05-15,2842.361
2026-05-18,2850.21
2026-05-19,2842.717
2026-05-20,2862.581
2026-05-21,2870.962
2026-05-22,2888.113
2026-05-25,2896.843
2026-05-26,2906.892
2026-05-27,2904.746
2026-05-28,2899.808
2026-05-29,2903.646
2026-06-01,2891.307
2026-06-02,2898.75
2026-06-03,2889.375
2026-06-04,2905.318
2026-06-05,2869.011
2026-06-08,2863.019
2026-06-09,2872.663
2026-06-10,2850.916
2026-06-11,2873.483
2026-06-12,2904.353
2026-06-15,2922.371
2026-06-16,2919.076
2026-06-17,2887.198
2026-06-18,2886.341
2026-06-19,2881.637
2026-06-22,2893.124
2026-06-23,2878.58
2026-06-24,2872.091
2026-06-25,2892.067
2026-06-26,2898.419
2026-06-29,2897.147
2026-06-30,2896.289
2026-07-01,2901.774
2026-07-02,2931.229
2026-07-03,2936.848
2026-07-06,2937.421
2026-07-07,2943.09
2026-07-08,2910.156
2026-07-09,2927.255
2026-07-10,2940.935
2026-07-13,2942.224
2026-07-14,2940.896
2026-07-15,2945.835
2026-07-16,2961.177
2026-07-17,2940.763
2026-07-20,2930.368
2026-07-21,2948.939
2026-07-22,2954.126
2026-07-23,2941.828
2026-07-24,2954.868
2026-07-27,2969.133
2026-07-28,2983.233
2026-07-29,2957.535
2026-07-30,2992.706
2026-07-31,2995.735
2026-08-03,3023.399
2026-08-04,3048.469
2026-08-05,3049.601
2026-08-06,3050.506
2026-08-07,3063.772
2026-08-10,3067.077
2026-08-11,3069.37
2026-08-12,3070.046
2026-08-13,3085.375
2026-08-14,3090.341
2026-08-17,3067.381
2026-08-18,3059.003
2026-08-19,3066.608
2026-08-20,3054.3
2026-08-21,3070.202
2026-08-24,3074.931
2026-08-25,3079.7
2026-08-26,3082.796
2026-08-27,3073.529
2026-08-28,3077.977
2026-08-31,3069.267
2026-09-01,3059.166
2026-09-02,3067.818
2026-09-03,3100.87
2026-09-04,3091.294
2026-09-07,3094.319
2026-09-08,3070.365
2026-09-09,3062.644
2026-09-10,3043.515
2026-09-11,3059.437
2026-09-14,3055.562
2026-09-15,3046.662
2026-09-16,3027.372
2026-09-17,3045.906
2026-09-18,3026.16
2026-09-21,3050.976
2026-09-22,3045.699
2026-09-23,3029.401
2026-09-24,3022.132
2026-09-25,3039.643
2026-09-28,3015.304
2026-09-29,3004.826
2026-09-30,2993.454
