Date,WORLD IMI VALUE IMI (Large+Mid+Small Cap)
2001-01-01,496.572
2001-01-02,492.977
2001-01-03,497.801
2001-01-04,495.851
2001-01-05,492.691
2001-01-08,492.452
2001-01-09,488.984
2001-01-10,489.729
2001-01-11,490.281
2001-01-12,488.74
2001-01-15,488.26
2001-01-16,490.416
2001-01-17,490.575
2001-01-18,492.968
2001-01-19,489.438
2001-01-22,491.223
2001-01-23,494.51
2001-01-24,492.742
2001-01-25,494.578
2001-01-26,494.024
2001-01-29,496.535
2001-01-30,500.237
2001-01-31,501.288
2001-02-01,504.383
2001-02-02,500.417
2001-02-05,502.467
2001-02-06,501.289
2001-02-07,499.274
2001-02-08,496.744
2001-02-09,495.775
2001-02-12,499.853
2001-02-13,497.81
2001-02-14,495.318
2001-02-15,494.477
2001-02-16,493.12
2001-02-19,493.213
2001-02-20,488.715
2001-02-21,483.225
2001-02-22,482.116
2001-02-23,480.149
2001-02-26,485.526
2001-02-27,486.781
2001-02-28,483.485
2001-03-01,482.808
2001-03-02,483.73
2001-03-05,484.479
2001-03-06,487.413
2001-03-07,489.318
2001-03-08,491.848
2001-03-09,487.409
2001-03-12,475.068
2001-03-13,471.46
2001-03-14,460.563
2001-03-15,464.406
2001-03-16,455.77
2001-03-19,459.368
2001-03-20,456.469
2001-03-21,451.287
2001-03-22,439.32
2001-03-23,447.626
2001-03-26,457.311
2001-03-27,465.418
2001-03-28,460.408
2001-03-29,458.18
2001-03-30,461.477
2001-04-02,457.949
2001-04-03,450.54
2001-04-04,453.558
2001-04-05,462.947
2001-04-06,459.392
2001-04-09,461.925
2001-04-10,467.335
2001-04-11,465.572
2001-04-12,469.974
2001-04-13,469.733
2001-04-16,468.575
2001-04-17,470.335
2001-04-18,478.42
2001-04-19,481.893
2001-04-20,480.074
2001-04-23,477.88
2001-04-24,476.522
2001-04-25,481.053
2001-04-26,485.064
2001-04-27,488.034
2001-04-30,486.612
2001-05-01,491.805
2001-05-02,490.896
2001-05-03,487.468
2001-05-04,491.51
2001-05-07,491.573
2001-05-08,487.994
2001-05-09,487.021
2001-05-10,488.983
2001-05-11,486.31
2001-05-14,484.508
2001-05-15,487.717
2001-05-16,494.488
2001-05-17,497.026
2001-05-18,497.604
2001-05-21,501.186
2001-05-22,499.993
2001-05-23,496.622
2001-05-24,496.664
2001-05-25,493.788
2001-05-28,493.78
2001-05-29,493.116
2001-05-30,489.053
2001-05-31,490.215
2001-06-01,490.488
2001-06-04,492.554
2001-06-05,494.956
2001-06-06,491.069
2001-06-07,491.794
2001-06-08,489.74
2001-06-11,485.883
2001-06-12,483.912
2001-06-13,483.809
2001-06-14,479.308
2001-06-15,477.608
2001-06-18,474.948
2001-06-19,475.184
2001-06-20,475.169
2001-06-21,479.295
2001-06-22,479.089
2001-06-25,478.269
2001-06-26,476.888
2001-06-27,475.84
2001-06-28,477.236
2001-06-29,480.694
2001-07-02,483.247
2001-07-03,482.006
2001-07-04,481.017
2001-07-05,477.722
2001-07-06,471.201
2001-07-09,472.138
2001-07-10,470.792
2001-07-11,469.711
2001-07-12,474.247
2001-07-13,475.373
2001-07-16,473.547
2001-07-17,473.834
2001-07-18,474.02
2001-07-19,475.743
2001-07-20,474.655
2001-07-23,469.794
2001-07-24,465.085
2001-07-25,468.408
2001-07-26,471.08
2001-07-27,472.873
2001-07-30,473.222
2001-07-31,476.817
2001-08-01,479.56
2001-08-02,482.053
2001-08-03,480.068
2001-08-06,477.068
2001-08-07,478.088
2001-08-08,473.712
2001-08-09,472.179
2001-08-10,474.823
2001-08-13,475.11
2001-08-14,478.332
2001-08-15,480.091
2001-08-16,479.081
2001-08-17,474.991
2001-08-20,475.477
2001-08-21,475.747
2001-08-22,478.78
2001-08-23,476.959
2001-08-24,481.024
2001-08-27,479.605
2001-08-28,475.584
2001-08-29,473.136
2001-08-30,467.567
2001-08-31,467.789
2001-09-03,464.918
2001-09-04,466.909
2001-09-05,463.702
2001-09-06,457.4
2001-09-07,451.83
2001-09-10,448.571
2001-09-11,443.488
2001-09-12,439.129
2001-09-13,441.411
2001-09-14,438.98
2001-09-17,427.512
2001-09-18,426.004
2001-09-19,421.587
2001-09-20,408.784
2001-09-21,397.96
2001-09-24,409.262
2001-09-25,414.344
2001-09-26,414.463
2001-09-27,418.404
2001-09-28,427.397
2001-10-01,425.751
2001-10-02,429.987
2001-10-03,433.451
2001-10-04,436.984
2001-10-05,436.094
2001-10-08,433.663
2001-10-09,431.877
2001-10-10,437.28
2001-10-11,440.316
2001-10-12,439.064
2001-10-15,436.479
2001-10-16,439.897
2001-10-17,439.372
2001-10-18,433.524
2001-10-19,431.171
2001-10-22,434.147
2001-10-23,435.802
2001-10-24,435.955
2001-10-25,437.766
2001-10-26,440.927
2001-10-29,436.11
2001-10-30,429.887
2001-10-31,429.787
2001-11-01,435.003
2001-11-02,435.374
2001-11-05,439.412
2001-11-06,442.325
2001-11-07,442.349
2001-11-08,444.486
2001-11-09,443.623
2001-11-12,440.356
2001-11-13,444.779
2001-11-14,445.45
2001-11-15,445.348
2001-11-16,446.627
2001-11-19,450.232
2001-11-20,449.268
2001-11-21,447.002
2001-11-22,447.779
2001-11-23,449.707
2001-11-26,451.456
2001-11-27,448.879
2001-11-28,443.377
2001-11-29,445.788
2001-11-30,446.972
2001-12-03,443.029
2001-12-04,446.624
2001-12-05,454.401
2001-12-06,455.359
2001-12-07,452.523
2001-12-10,446.497
2001-12-11,444.8
2001-12-12,445.366
2001-12-13,440.345
2001-12-14,439.947
2001-12-17,443.816
2001-12-18,445.61
2001-12-19,446.522
2001-12-20,445.426
2001-12-21,446.255
2001-12-24,446.028
2001-12-25,445.991
2001-12-26,446.988
2001-12-27,451.992
2001-12-28,454.211
2001-12-31,453.427
2002-01-01,453.425
2002-01-02,454.144
2002-01-03,457.578
2002-01-04,460.809
2002-01-07,458.765
2002-01-08,455.223
2002-01-09,453.422
2002-01-10,452.518
2002-01-11,450.25
2002-01-14,446.941
2002-01-15,448.66
2002-01-16,443.477
2002-01-17,445.984
2002-01-18,445.308
2002-01-21,445.345
2002-01-22,443.032
2002-01-23,445.614
2002-01-24,447.174
2002-01-25,446.093
2002-01-28,447.694
2002-01-29,439.3
2002-01-30,439.745
2002-01-31,444.795
2002-02-01,443.274
2002-02-04,437.354
2002-02-05,433.444
2002-02-06,430.264
2002-02-07,431.681
2002-02-08,435.912
2002-02-11,440.853
2002-02-12,441.135
2002-02-13,444.039
2002-02-14,445.358
2002-02-15,443.362
2002-02-18,442.525
2002-02-19,435.485
2002-02-20,437.238
2002-02-21,437.262
2002-02-22,439.747
2002-02-25,444.17
2002-02-26,444.995
2002-02-27,447.564
2002-02-28,448.22
2002-03-01,454.994
2002-03-04,465.514
2002-03-05,463.297
2002-03-06,468.927
2002-03-07,471.925
2002-03-08,472.047
2002-03-11,473.853
2002-03-12,471.401
2002-03-13,469.093
2002-03-14,470.733
2002-03-15,475.146
2002-03-18,474.422
2002-03-19,477.674
2002-03-20,474.01
2002-03-21,473.386
2002-03-22,471.408
2002-03-25,466.979
2002-03-26,468.84
2002-03-27,471.258
2002-03-28,473.064
2002-03-29,472.017
2002-04-01,471.907
2002-04-02,471.613
2002-04-03,469.878
2002-04-04,469.582
2002-04-05,469.588
2002-04-08,468.557
2002-04-09,467.934
2002-04-10,473.252
2002-04-11,467.06
2002-04-12,468.035
2002-04-15,467.797
2002-04-16,475.707
2002-04-17,477.033
2002-04-18,477.42
2002-04-19,478.137
2002-04-22,474.822
2002-04-23,473.92
2002-04-24,472.393
2002-04-25,471.959
2002-04-26,468.997
2002-04-29,466.56
2002-04-30,470.265
2002-05-01,473.619
2002-05-02,474.749
2002-05-03,475.431
2002-05-06,470.658
2002-05-07,467.476
2002-05-08,474.743
2002-05-09,472.165
2002-05-10,469.174
2002-05-13,473.502
2002-05-14,476.753
2002-05-15,478.059
2002-05-16,479.491
2002-05-17,482.599
2002-05-20,479.86
2002-05-21,478.432
2002-05-22,480.056
2002-05-23,482.238
2002-05-24,480.786
2002-05-27,480.365
2002-05-28,478.942
2002-05-29,477.7
2002-05-30,476.419
2002-05-31,477.879
2002-06-03,471.411
2002-06-04,468.476
2002-06-05,467.79
2002-06-06,462.67
2002-06-07,462.042
2002-06-10,461.867
2002-06-11,458.481
2002-06-12,458.094
2002-06-13,453.461
2002-06-14,449.023
2002-06-17,457.591
2002-06-18,459.182
2002-06-19,453.204
2002-06-20,449.545
2002-06-21,446.975
2002-06-24,444.928
2002-06-25,443.122
2002-06-26,440.314
2002-06-27,444.616
2002-06-28,451.838
2002-07-01,447.91
2002-07-02,439.38
2002-07-03,435.669
2002-07-04,436.923
2002-07-05,448.582
2002-07-08,448.152
2002-07-09,442.963
2002-07-10,430.899
2002-07-11,426.042
2002-07-12,423.444
2002-07-15,417.041
2002-07-16,412.867
2002-07-17,416.412
2002-07-18,412.77
2002-07-19,400.217
2002-07-22,385.674
2002-07-23,375.035
2002-07-24,383.879
2002-07-25,388.888
2002-07-26,390.711
2002-07-29,407.44
2002-07-30,410.452
2002-07-31,413.904
2002-08-01,403.214
2002-08-02,397.772
2002-08-05,387.591
2002-08-06,393.628
2002-08-07,398.533
2002-08-08,409.064
2002-08-09,413.562
2002-08-12,410.853
2002-08-13,406.785
2002-08-14,413.784
2002-08-15,418.463
2002-08-16,418.272
2002-08-19,424.684
2002-08-20,420.101
2002-08-21,425.159
2002-08-22,429.859
2002-08-23,423.234
2002-08-26,426.335
2002-08-27,427.477
2002-08-28,418.921
2002-08-29,416.677
2002-08-30,417.474
2002-09-02,415.986
2002-09-03,402.587
2002-09-04,404.669
2002-09-05,401.188
2002-09-06,406.253
2002-09-09,407.024
2002-09-10,409.504
2002-09-11,411.266
2002-09-12,403.068
2002-09-13,401.072
2002-09-16,400.032
2002-09-17,394.973
2002-09-18,390.556
2002-09-19,383.605
2002-09-20,382.929
2002-09-23,377.162
2002-09-24,370.243
2002-09-25,375.057
2002-09-26,384.802
2002-09-27,378.372
2002-09-30,372.635
2002-10-01,380.499
2002-10-02,375.889
2002-10-03,371.615
2002-10-04,363.907
2002-10-07,356.726
2002-10-08,356.726
2002-10-09,349.229
2002-10-10,358.627
2002-10-11,371.498
2002-10-14,371.597
2002-10-15,387.962
2002-10-16,382.918
2002-10-17,390.386
2002-10-18,390.691
2002-10-21,395.508
2002-10-22,391.146
2002-10-23,390.159
2002-10-24,389.482
2002-10-25,392.41
2002-10-28,393.293
2002-10-29,386.452
2002-10-30,391.784
2002-10-31,392.722
2002-11-01,396.889
2002-11-04,401.61
2002-11-05,405.248
2002-11-06,405.835
2002-11-07,399.518
2002-11-08,397.274
2002-11-11,390.857
2002-11-12,392.484
2002-11-13,389.849
2002-11-14,395.386
2002-11-15,399.266
2002-11-18,398.046
2002-11-19,397.248
2002-11-20,400.333
2002-11-21,409.226
2002-11-22,409.597
2002-11-25,409.857
2002-11-26,402.898
2002-11-27,411.201
2002-11-28,413.744
2002-11-29,413.484
2002-12-02,412.612
2002-12-03,407.311
2002-12-04,405.001
2002-12-05,401.259
2002-12-06,403.477
2002-12-09,396.387
2002-12-10,400.096
2002-12-11,401.374
2002-12-12,400.002
2002-12-13,397.173
2002-12-16,405.251
2002-12-17,403.365
2002-12-18,397.561
2002-12-19,396.045
2002-12-20,400.658
2002-12-23,401.174
2002-12-24,400.51
2002-12-25,400.42
2002-12-26,401.348
2002-12-27,395.444
2002-12-30,398.15
2002-12-31,399.653
2003-01-01,399.653
2003-01-02,408.948
2003-01-03,409.617
2003-01-06,418.404
2003-01-07,413.534
2003-01-08,407.752
2003-01-09,413.411
2003-01-10,414.244
2003-01-13,414.567
2003-01-14,416.814
2003-01-15,412.886
2003-01-16,412.342
2003-01-17,408.631
2003-01-20,406.896
2003-01-21,401.402
2003-01-22,396.582
2003-01-23,398.443
2003-01-24,391.727
2003-01-27,383.741
2003-01-28,386.411
2003-01-29,387.663
2003-01-30,384.21
2003-01-31,387.645
2003-02-03,391.53
2003-02-04,387.247
2003-02-05,387.511
2003-02-06,383.315
2003-02-07,380.073
2003-02-10,380.278
2003-02-11,379.438
2003-02-12,375.557
2003-02-13,375.769
2003-02-14,380.693
2003-02-17,382.435
2003-02-18,386.879
2003-02-19,383.935
2003-02-20,381.622
2003-02-21,384.841
2003-02-24,379.591
2003-02-25,377.384
2003-02-26,374.472
2003-02-27,377.662
2003-02-28,379.88
2003-03-03,380.39
2003-03-04,375.778
2003-03-05,377.452
2003-03-06,373.608
2003-03-07,373.089
2003-03-10,364.839
2003-03-11,362.002
2003-03-12,358.413
2003-03-13,368.147
2003-03-14,371.616
2003-03-17,380.196
2003-03-18,381.231
2003-03-19,384.39
2003-03-20,385.416
2003-03-21,392.814
2003-03-24,383.358
2003-03-25,386.489
2003-03-26,386.003
2003-03-27,384.503
2003-03-28,383.23
2003-03-31,376.672
2003-04-01,381.401
2003-04-02,388.436
2003-04-03,387.012
2003-04-04,388.899
2003-04-07,392.81
2003-04-08,390.908
2003-04-09,388.096
2003-04-10,389.364
2003-04-11,388.297
2003-04-14,393.676
2003-04-15,397.843
2003-04-16,394.515
2003-04-17,398.917
2003-04-18,398.979
2003-04-21,398.271
2003-04-22,405.466
2003-04-23,409.895
2003-04-24,407.095
2003-04-25,401.783
2003-04-28,407.969
2003-04-29,408.688
2003-04-30,412.024
2003-05-01,412.454
2003-05-02,416.731
2003-05-05,417.069
2003-05-06,422.036
2003-05-07,420.683
2003-05-08,416.522
2003-05-09,421.018
2003-05-12,425.321
2003-05-13,425.061
2003-05-14,425.509
2003-05-15,427.913
2003-05-16,428.91
2003-05-19,421.052
2003-05-20,421.379
2003-05-21,422.469
2003-05-22,426.215
2003-05-23,429.066
2003-05-26,429.565
2003-05-27,433.994
2003-05-28,435.062
2003-05-29,435.47
2003-05-30,439.485
2003-06-02,444.22
2003-06-03,444.061
2003-06-04,449.399
2003-06-05,452.814
2003-06-06,453.938
2003-06-09,449.367
2003-06-10,451.607
2003-06-11,458.382
2003-06-12,460.031
2003-06-13,456.654
2003-06-16,463.911
2003-06-17,465.006
2003-06-18,463.485
2003-06-19,457.294
2003-06-20,458.424
2003-06-23,452.693
2003-06-24,451.653
2003-06-25,451.163
2003-06-26,451.637
2003-06-27,449.954
2003-06-30,448.578
2003-07-01,450.406
2003-07-02,455.841
2003-07-03,455.528
2003-07-04,454.723
2003-07-07,460.888
2003-07-08,460.926
2003-07-09,459.315
2003-07-10,454.12
2003-07-11,456.554
2003-07-14,460.397
2003-07-15,457.246
2003-07-16,453.624
2003-07-17,448.738
2003-07-18,453.109
2003-07-21,449.536
2003-07-22,452.472
2003-07-23,453.154
2003-07-24,454.666
2003-07-25,458.927
2003-07-28,460.167
2003-07-29,457.786
2003-07-30,455.737
2003-07-31,456.606
2003-08-01,453.079
2003-08-04,453.108
2003-08-05,449.609
2003-08-06,449.056
2003-08-07,451.7
2003-08-08,453.39
2003-08-11,455.483
2003-08-12,458.734
2003-08-13,458.484
2003-08-14,462.571
2003-08-15,462.851
2003-08-18,465.734
2003-08-19,466.421
2003-08-20,467.283
2003-08-21,468.376
2003-08-22,463.497
2003-08-25,462.727
2003-08-26,461.817
2003-08-27,462.732
2003-08-28,464.796
2003-08-29,466.833
2003-09-01,469.17
2003-09-02,472.805
2003-09-03,476.273
2003-09-04,476.598
2003-09-05,475.543
2003-09-08,479.658
2003-09-09,477.768
2003-09-10,473.078
2003-09-11,473.686
2003-09-12,475.832
2003-09-15,475.207
2003-09-16,479.896
2003-09-17,480.709
2003-09-18,486.39
2003-09-19,486.16
2003-09-22,482.046
2003-09-23,482.728
2003-09-24,478.711
2003-09-25,475.29
2003-09-26,471.839
2003-09-29,473.888
2003-09-30,471.128
2003-10-01,481.045
2003-10-02,483.783
2003-10-03,488.558
2003-10-06,490.496
2003-10-07,492.681
2003-10-08,490.78
2003-10-09,494.013
2003-10-10,495.184
2003-10-13,498.073
2003-10-14,499.477
2003-10-15,498.988
2003-10-16,500.609
2003-10-17,496.973
2003-10-20,498.146
2003-10-21,498.156
2003-10-22,492.52
2003-10-23,489.484
2003-10-24,489.478
2003-10-27,491.637
2003-10-28,495.937
2003-10-29,498.527
2003-10-30,499.328
2003-10-31,498.542
2003-11-03,500.744
2003-11-04,501.816
2003-11-05,500.239
2003-11-06,500.083
2003-11-07,502.105
2003-11-10,500.21
2003-11-11,497.493
2003-11-12,502.095
2003-11-13,504.249
2003-11-14,502.963
2003-11-17,496.707
2003-11-18,495.997
2003-11-19,496.504
2003-11-20,495.147
2003-11-21,496.286
2003-11-24,500.332
2003-11-25,503.006
2003-11-26,506.528
2003-11-27,507.15
2003-11-28,507.116
2003-12-01,513.347
2003-12-02,514.8
2003-12-03,515.987
2003-12-04,516.692
2003-12-05,515.397
2003-12-08,517.983
2003-12-09,517.568
2003-12-10,515.325
2003-12-11,518.693
2003-12-12,522.132
2003-12-15,522.125
2003-12-16,523.508
2003-12-17,524.42
2003-12-18,529.08
2003-12-19,530.605
2003-12-22,533.189
2003-12-23,534.825
2003-12-24,535.063
2003-12-25,535.047
2003-12-26,535.808
2003-12-29,540.958
2003-12-30,543.304
2003-12-31,544.933
2004-01-01,544.933
2004-01-02,546.253
2004-01-05,552.933
2004-01-06,553.661
2004-01-07,552.05
2004-01-08,555.054
2004-01-09,553.04
2004-01-12,553.925
2004-01-13,552.711
2004-01-14,555.369
2004-01-15,554.662
2004-01-16,555.563
2004-01-19,555.926
2004-01-20,558.778
2004-01-21,563.536
2004-01-22,563.865
2004-01-23,562.607
2004-01-26,563.469
2004-01-27,561.932
2004-01-28,558.215
2004-01-29,554.038
2004-01-30,553.11
2004-02-02,554.89
2004-02-03,555.201
2004-02-04,550.222
2004-02-05,552.16
2004-02-06,558.099
2004-02-09,559.609
2004-02-10,561.541
2004-02-11,566.018
2004-02-12,567.086
2004-02-13,565.374
2004-02-16,566.318
2004-02-17,571.495
2004-02-18,569.775
2004-02-19,568.629
2004-02-20,564.15
2004-02-23,565.062
2004-02-24,563.497
2004-02-25,563.7
2004-02-26,563.339
2004-02-27,565.573
2004-03-01,572.135
2004-03-02,569.463
2004-03-03,567.377
2004-03-04,569.78
2004-03-05,574.495
2004-03-08,571.827
2004-03-09,569.624
2004-03-10,561.098
2004-03-11,551.812
2004-03-12,554.427
2004-03-15,548.696
2004-03-16,553.51
2004-03-17,559.613
2004-03-18,560.702
2004-03-19,557.301
2004-03-22,549.909
2004-03-23,549.623
2004-03-24,547.453
2004-03-25,553.794
2004-03-26,554.595
2004-03-29,561.222
2004-03-30,563.545
2004-03-31,566.021
2004-04-01,570.713
2004-04-02,571.783
2004-04-05,573.072
2004-04-06,573.344
2004-04-07,572.934
2004-04-08,571.951
2004-04-09,571.252
2004-04-12,572.632
2004-04-13,566.371
2004-04-14,560.861
2004-04-15,560.081
2004-04-16,565.648
2004-04-19,564.692
2004-04-20,560.906
2004-04-21,559.442
2004-04-22,564.816
2004-04-23,564.575
2004-04-26,565.203
2004-04-27,565.966
2004-04-28,558.894
2004-04-29,555.455
2004-04-30,552.597
2004-05-03,556.115
2004-05-04,560.055
2004-05-05,562.078
2004-05-06,555.657
2004-05-07,544.714
2004-05-10,531.315
2004-05-11,535.075
2004-05-12,538.099
2004-05-13,536.775
2004-05-14,536.714
2004-05-17,531.21
2004-05-18,534.683
2004-05-19,540.11
2004-05-20,537.913
2004-05-21,542.514
2004-05-24,544.184
2004-05-25,550.096
2004-05-26,552.998
2004-05-27,557.889
2004-05-28,557.579
2004-05-31,558.079
2004-06-01,557.947
2004-06-02,560.33
2004-06-03,556.669
2004-06-04,559.643
2004-06-07,569.0
2004-06-08,569.058
2004-06-09,563.679
2004-06-10,566.592
2004-06-11,564.613
2004-06-14,559.371
2004-06-15,563.039
2004-06-16,565.827
2004-06-17,567.243
2004-06-18,569.57
2004-06-21,569.384
2004-06-22,568.463
2004-06-23,572.138
2004-06-24,575.061
2004-06-25,572.5
2004-06-28,575.051
2004-06-29,573.524
2004-06-30,574.796
2004-07-01,572.183
2004-07-02,571.837
2004-07-05,570.452
2004-07-06,567.855
2004-07-07,569.499
2004-07-08,567.565
2004-07-09,569.894
2004-07-12,571.205
2004-07-13,570.407
2004-07-14,569.531
2004-07-15,566.516
2004-07-16,568.197
2004-07-19,568.275
2004-07-20,568.561
2004-07-21,563.621
2004-07-22,561.312
2004-07-23,557.007
2004-07-26,555.212
2004-07-27,557.127
2004-07-28,558.773
2004-07-29,562.785
2004-07-30,564.113
2004-08-02,565.74
2004-08-03,565.458
2004-08-04,562.787
2004-08-05,558.068
2004-08-06,553.828
2004-08-09,552.574
2004-08-10,557.877
2004-08-11,555.982
2004-08-12,552.076
2004-08-13,552.644
2004-08-16,558.048
2004-08-17,558.569
2004-08-18,562.387
2004-08-19,563.401
2004-08-20,565.88
2004-08-23,564.804
2004-08-24,564.342
2004-08-25,567.221
2004-08-26,568.914
2004-08-27,570.78
2004-08-30,568.326
2004-08-31,570.478
2004-09-01,573.092
2004-09-02,576.95
2004-09-03,575.184
2004-09-06,577.102
2004-09-07,580.557
2004-09-08,579.426
2004-09-09,578.784
2004-09-10,581.852
2004-09-13,582.818
2004-09-14,583.74
2004-09-15,578.787
2004-09-16,581.71
2004-09-17,583.713
2004-09-20,581.281
2004-09-21,586.296
2004-09-22,580.65
2004-09-23,578.309
2004-09-24,578.81
2004-09-27,575.935
2004-09-28,579.284
2004-09-29,580.829
2004-09-30,582.464
2004-10-01,590.511
2004-10-04,591.899
2004-10-05,593.122
2004-10-06,596.22
2004-10-07,593.057
2004-10-08,593.646
2004-10-11,594.012
2004-10-12,590.229
2004-10-13,586.029
2004-10-14,583.845
2004-10-15,586.477
2004-10-18,586.493
2004-10-19,584.755
2004-10-20,583.751
2004-10-21,585.527
2004-10-22,584.048
2004-10-25,583.241
2004-10-26,588.531
2004-10-27,593.791
2004-10-28,595.917
2004-10-29,596.284
2004-11-01,598.393
2004-11-02,599.185
2004-11-03,605.557
2004-11-04,612.967
2004-11-05,615.59
2004-11-08,615.305
2004-11-09,614.755
2004-11-10,615.344
2004-11-11,619.341
2004-11-12,625.07
2004-11-15,625.18
2004-11-16,622.539
2004-11-17,627.023
2004-11-18,626.11
2004-11-19,623.954
2004-11-22,624.235
2004-11-23,625.839
2004-11-24,628.861
2004-11-25,632.077
2004-11-26,632.606
2004-11-29,632.203
2004-11-30,630.623
2004-12-01,636.883
2004-12-02,636.314
2004-12-03,637.989
2004-12-06,637.046
2004-12-07,632.817
2004-12-08,630.224
2004-12-09,629.18
2004-12-10,629.408
2004-12-13,636.173
2004-12-14,637.781
2004-12-15,643.23
2004-12-16,640.51
2004-12-17,636.819
2004-12-20,640.684
2004-12-21,643.173
2004-12-22,646.528
2004-12-23,648.865
2004-12-24,650.704
2004-12-27,650.14
2004-12-28,652.661
2004-12-29,651.723
2004-12-30,653.962
2004-12-31,653.639
2005-01-03,648.541
2005-01-04,642.426
2005-01-05,638.216
2005-01-06,638.971
2005-01-07,637.046
2005-01-10,639.315
2005-01-11,637.471
2005-01-12,639.986
2005-01-13,636.874
2005-01-14,638.275
2005-01-17,639.229
2005-01-18,642.046
2005-01-19,639.476
2005-01-20,634.374
2005-01-21,633.39
2005-01-24,634.132
2005-01-25,633.927
2005-01-26,638.936
2005-01-27,638.84
2005-01-28,636.068
2005-01-31,642.009
2005-02-01,645.848
2005-02-02,648.995
2005-02-03,646.466
2005-02-04,653.107
2005-02-07,652.438
2005-02-08,651.572
2005-02-09,649.327
2005-02-10,653.488
2005-02-11,657.34
2005-02-14,660.535
2005-02-15,662.148
2005-02-16,661.316
2005-02-17,660.463
2005-02-18,661.739
2005-02-21,661.355
2005-02-22,656.882
2005-02-23,656.255
2005-02-24,659.41
2005-02-25,667.031
2005-02-28,667.118
2005-03-01,668.452
2005-03-02,667.666
2005-03-03,668.376
2005-03-04,677.103
2005-03-07,676.429
2005-03-08,677.045
2005-03-09,672.043
2005-03-10,670.581
2005-03-11,670.699
2005-03-14,671.013
2005-03-15,669.567
2005-03-16,666.326
2005-03-17,665.729
2005-03-18,665.138
2005-03-21,660.81
2005-03-22,657.506
2005-03-23,650.926
2005-03-24,650.499
2005-03-25,650.803
2005-03-28,650.277
2005-03-29,646.816
2005-03-30,651.508
2005-03-31,654.541
2005-04-01,653.61
2005-04-04,650.191
2005-04-05,653.173
2005-04-06,655.962
2005-04-07,659.563
2005-04-08,655.841
2005-04-11,657.161
2005-04-12,656.897
2005-04-13,654.092
2005-04-14,646.735
2005-04-15,638.583
2005-04-18,635.458
2005-04-19,641.25
2005-04-20,636.105
2005-04-21,641.402
2005-04-22,642.875
2005-04-25,645.988
2005-04-26,641.58
2005-04-27,640.093
2005-04-28,634.986
2005-04-29,640.651
2005-05-02,641.85
2005-05-03,642.071
2005-05-04,649.287
2005-05-05,649.756
2005-05-06,649.456
2005-05-09,650.565
2005-05-10,646.047
2005-05-11,645.464
2005-05-12,639.41
2005-05-13,634.494
2005-05-16,635.866
2005-05-17,638.362
2005-05-18,645.021
2005-05-19,648.846
2005-05-20,646.715
2005-05-23,650.859
2005-05-24,650.757
2005-05-25,648.657
2005-05-26,650.764
2005-05-27,652.483
2005-05-30,653.406
2005-05-31,649.495
2005-06-01,654.439
2005-06-02,654.82
2005-06-03,652.894
2005-06-06,653.684
2005-06-07,655.728
2005-06-08,656.448
2005-06-09,654.948
2005-06-10,655.582
2005-06-13,655.287
2005-06-14,657.405
2005-06-15,659.796
2005-06-16,663.066
2005-06-17,668.925
2005-06-20,666.43
2005-06-21,666.39
2005-06-22,667.419
2005-06-23,663.403
2005-06-24,659.583
2005-06-27,658.315
2005-06-28,661.999
2005-06-29,662.378
2005-06-30,659.801
2005-07-01,660.173
2005-07-04,659.926
2005-07-05,662.426
2005-07-06,660.893
2005-07-07,658.14
2005-07-08,664.437
2005-07-11,671.001
2005-07-12,673.838
2005-07-13,672.847
2005-07-14,674.37
2005-07-15,673.307
2005-07-18,671.038
2005-07-19,672.024
2005-07-20,673.961
2005-07-21,675.163
2005-07-22,677.954
2005-07-25,676.114
2005-07-26,675.723
2005-07-27,678.442
2005-07-28,682.262
2005-07-29,680.721
2005-08-01,682.489
2005-08-02,687.189
2005-08-03,688.7
2005-08-04,684.288
2005-08-05,677.458
2005-08-08,678.253
2005-08-09,681.713
2005-08-10,687.264
2005-08-11,692.222
2005-08-12,690.317
2005-08-15,690.292
2005-08-16,685.569
2005-08-17,684.017
2005-08-18,679.451
2005-08-19,681.263
2005-08-22,685.983
2005-08-23,683.128
2005-08-24,681.03
2005-08-25,681.343
2005-08-26,678.496
2005-08-29,678.511
2005-08-30,676.79
2005-08-31,685.113
2005-09-01,692.077
2005-09-02,692.394
2005-09-05,694.19
2005-09-06,699.052
2005-09-07,699.895
2005-09-08,697.264
2005-09-09,703.186
2005-09-12,701.317
2005-09-13,696.816
2005-09-14,698.135
2005-09-15,697.577
2005-09-16,702.109
2005-09-19,699.627
2005-09-20,699.241
2005-09-21,694.846
2005-09-22,692.993
2005-09-23,692.195
2005-09-26,696.83
2005-09-27,695.072
2005-09-28,698.721
2005-09-29,703.979
2005-09-30,703.883
2005-10-03,701.994
2005-10-04,698.415
2005-10-05,688.996
2005-10-06,685.209
2005-10-07,685.821
2005-10-10,681.599
2005-10-11,681.97
2005-10-12,678.316
2005-10-13,672.725
2005-10-14,678.703
2005-10-17,678.889
2005-10-18,671.23
2005-10-19,672.978
2005-10-20,667.354
2005-10-21,667.978
2005-10-24,676.144
2005-10-25,678.964
2005-10-26,678.443
2005-10-27,674.688
2005-10-28,679.362
2005-10-31,685.556
2005-11-01,686.057
2005-11-02,692.227
2005-11-03,695.376
2005-11-04,691.45
2005-11-07,692.777
2005-11-08,691.64
2005-11-09,691.788
2005-11-10,694.389
2005-11-11,698.001
2005-11-14,695.964
2005-11-15,691.764
2005-11-16,691.731
2005-11-17,699.276
2005-11-18,703.196
2005-11-21,707.481
2005-11-22,709.035
2005-11-23,713.974
2005-11-24,713.429
2005-11-25,713.627
2005-11-28,711.104
2005-11-29,711.251
2005-11-30,707.483
2005-12-01,714.465
2005-12-02,716.714
2005-12-05,717.404
2005-12-06,718.899
2005-12-07,716.132
2005-12-08,716.457
2005-12-09,718.215
2005-12-12,722.483
2005-12-13,725.409
2005-12-14,729.867
2005-12-15,726.019
2005-12-16,728.161
2005-12-19,725.958
2005-12-20,725.238
2005-12-21,727.227
2005-12-22,730.48
2005-12-23,731.216
2005-12-26,731.431
2005-12-27,726.736
2005-12-28,729.18
2005-12-29,728.355
2005-12-30,723.768
2006-01-02,724.575
2006-01-03,737.262
2006-01-04,744.344
2006-01-05,744.833
2006-01-06,751.962
2006-01-09,752.786
2006-01-10,750.471
2006-01-11,754.846
2006-01-12,752.336
2006-01-13,751.658
2006-01-16,751.708
2006-01-17,745.048
2006-01-18,739.553
2006-01-19,745.691
2006-01-20,738.141
2006-01-23,741.583
2006-01-24,742.605
2006-01-25,744.448
2006-01-26,751.143
2006-01-27,756.245
2006-01-30,756.129
2006-01-31,757.241
2006-02-01,758.283
2006-02-02,752.724
2006-02-03,747.546
2006-02-06,749.868
2006-02-07,745.734
2006-02-08,745.779
2006-02-09,749.183
2006-02-10,748.057
2006-02-13,746.38
2006-02-14,750.753
2006-02-15,752.203
2006-02-16,756.422
2006-02-17,756.994
2006-02-20,757.255
2006-02-21,757.347
2006-02-22,761.92
2006-02-23,763.831
2006-02-24,765.237
2006-02-27,767.96
2006-02-28,762.714
2006-03-01,766.334
2006-03-02,764.744
2006-03-03,763.509
2006-03-06,762.074
2006-03-07,756.555
2006-03-08,755.221
2006-03-09,757.042
2006-03-10,760.029
2006-03-13,765.443
2006-03-14,773.049
2006-03-15,776.572
2006-03-16,780.234
2006-03-17,782.426
2006-03-20,782.792
2006-03-21,778.449
2006-03-22,782.426
2006-03-23,778.292
2006-03-24,780.972
2006-03-27,780.285
2006-03-28,777.161
2006-03-29,779.325
2006-03-30,784.313
2006-03-31,779.819
2006-04-03,784.103
2006-04-04,788.676
2006-04-05,792.04
2006-04-06,792.872
2006-04-07,785.274
2006-04-10,785.75
2006-04-11,779.766
2006-04-12,778.247
2006-04-13,778.548
2006-04-14,778.525
2006-04-17,781.74
2006-04-18,791.111
2006-04-19,796.752
2006-04-20,797.587
2006-04-21,802.19
2006-04-24,799.216
2006-04-25,798.884
2006-04-26,802.225
2006-04-27,805.959
2006-04-28,807.3
2006-05-01,808.225
2006-05-02,814.739
2006-05-03,810.865
2006-05-04,814.65
2006-05-05,824.547
2006-05-08,825.869
2006-05-09,828.277
2006-05-10,826.877
2006-05-11,820.217
2006-05-12,809.166
2006-05-15,804.835
2006-05-16,803.955
2006-05-17,789.049
2006-05-18,782.943
2006-05-19,781.878
2006-05-22,774.971
2006-05-23,778.145
2006-05-24,773.684
2006-05-25,781.865
2006-05-26,789.152
2006-05-29,790.201
2006-05-30,781.948
2006-05-31,784.95
2006-06-01,791.083
2006-06-02,798.107
2006-06-05,788.532
2006-06-06,777.58
2006-06-07,774.585
2006-06-08,762.663
2006-06-09,767.323
2006-06-12,760.139
2006-06-13,744.335
2006-06-14,747.28
2006-06-15,761.664
2006-06-16,761.931
2006-06-19,757.158
2006-06-20,758.019
2006-06-21,762.521
2006-06-22,762.831
2006-06-23,760.616
2006-06-26,763.681
2006-06-27,760.237
2006-06-28,760.239
2006-06-29,774.584
2006-06-30,786.49
2006-07-03,791.437
2006-07-04,793.304
2006-07-05,784.818
2006-07-06,789.459
2006-07-07,789.988
2006-07-10,791.378
2006-07-11,790.082
2006-07-12,783.131
2006-07-13,774.0
2006-07-14,765.729
2006-07-17,760.929
2006-07-18,758.856
2006-07-19,773.539
2006-07-20,776.091
2006-07-21,771.975
2006-07-24,781.316
2006-07-25,785.803
2006-07-26,787.034
2006-07-27,793.138
2006-07-28,801.649
2006-07-31,800.371
2006-08-01,796.271
2006-08-02,802.94
2006-08-03,801.521
2006-08-04,807.224
2006-08-07,800.864
2006-08-08,800.998
2006-08-09,802.324
2006-08-10,799.235
2006-08-11,797.39
2006-08-14,799.928
2006-08-15,808.423
2006-08-16,814.951
2006-08-17,816.488
2006-08-18,817.037
2006-08-21,816.835
2006-08-22,817.035
2006-08-23,814.05
2006-08-24,814.951
2006-08-25,812.675
2006-08-28,815.958
2006-08-29,817.374
2006-08-30,819.906
2006-08-31,819.903
2006-09-01,823.126
2006-09-04,827.768
2006-09-05,826.289
2006-09-06,818.676
2006-09-07,811.139
2006-09-08,811.961
2006-09-11,808.137
2006-09-12,814.815
2006-09-13,817.736
2006-09-14,820.08
2006-09-15,819.245
2006-09-18,820.333
2006-09-19,819.019
2006-09-20,821.923
2006-09-21,822.732
2006-09-22,819.966
2006-09-25,821.928
2006-09-26,825.84
2006-09-27,830.748
2006-09-28,831.648
2006-09-29,830.256
2006-10-02,832.579
2006-10-03,831.741
2006-10-04,836.784
2006-10-05,841.799
2006-10-06,838.206
2006-10-09,838.873
2006-10-10,840.392
2006-10-11,839.338
2006-10-12,845.027
2006-10-13,846.909
2006-10-16,850.395
2006-10-17,846.344
2006-10-18,849.259
2006-10-19,851.356
2006-10-20,853.321
2006-10-23,855.748
2006-10-24,856.122
2006-10-25,860.315
2006-10-26,865.63
2006-10-27,863.393
2006-10-30,860.904
2006-10-31,862.309
2006-11-01,860.705
2006-11-02,859.15
2006-11-03,858.017
2006-11-06,865.804
2006-11-07,870.434
2006-11-08,870.534
2006-11-09,867.91
2006-11-10,870.584
2006-11-13,869.951
2006-11-14,873.537
2006-11-15,875.419
2006-11-16,875.796
2006-11-17,875.439
2006-11-20,872.796
2006-11-21,874.672
2006-11-22,879.548
2006-11-23,879.922
2006-11-24,879.093
2006-11-27,870.87
2006-11-28,871.731
2006-11-29,881.962
2006-11-30,885.07
2006-12-01,883.935
2006-12-04,888.29
2006-12-05,891.898
2006-12-06,893.827
2006-12-07,894.15
2006-12-08,894.931
2006-12-11,895.644
2006-12-12,897.34
2006-12-13,899.29
2006-12-14,904.289
2006-12-15,905.54
2006-12-18,904.355
2006-12-19,904.602
2006-12-20,908.224
2006-12-21,906.43
2006-12-22,903.169
2006-12-25,902.716
2006-12-26,904.977
2006-12-27,912.771
2006-12-28,912.895
2006-12-29,910.594
2007-01-01,910.594
2007-01-02,917.211
2007-01-03,914.989
2007-01-04,911.602
2007-01-05,901.338
2007-01-08,902.533
2007-01-09,903.038
2007-01-10,897.461
2007-01-11,902.582
2007-01-12,909.08
2007-01-15,912.475
2007-01-16,910.496
2007-01-17,910.417
2007-01-18,910.223
2007-01-19,913.813
2007-01-22,912.484
2007-01-23,916.108
2007-01-24,921.773
2007-01-25,915.019
2007-01-26,911.126
2007-01-29,912.602
2007-01-30,917.166
2007-01-31,919.038
2007-02-01,928.203
2007-02-02,928.93
2007-02-05,927.271
2007-02-06,931.492
2007-02-07,934.256
2007-02-08,930.484
2007-02-09,928.937
2007-02-12,924.849
2007-02-13,932.288
2007-02-14,940.912
2007-02-15,942.791
2007-02-16,941.93
2007-02-19,943.52
2007-02-20,944.722
2007-02-21,941.271
2007-02-22,941.485
2007-02-23,942.967
2007-02-26,946.097
2007-02-27,924.679
2007-02-28,916.368
2007-03-01,911.542
2007-03-02,904.334
2007-03-05,889.292
2007-03-06,902.194
2007-03-07,903.941
2007-03-08,912.551
2007-03-09,914.312
2007-03-12,917.304
2007-03-13,903.874
2007-03-14,894.837
2007-03-15,904.582
2007-03-16,902.771
2007-03-19,912.903
2007-03-20,919.727
2007-03-21,928.96
2007-03-22,937.251
2007-03-23,939.391
2007-03-26,937.77
2007-03-27,934.549
2007-03-28,930.282
2007-03-29,934.048
2007-03-30,932.634
2007-04-02,934.954
2007-04-03,942.542
2007-04-04,944.615
2007-04-05,947.102
2007-04-06,946.732
2007-04-09,946.16
2007-04-10,951.737
2007-04-11,949.193
2007-04-12,951.783
2007-04-13,954.511
2007-04-16,966.11
2007-04-17,967.931
2007-04-18,969.913
2007-04-19,965.886
2007-04-20,974.014
2007-04-23,971.596
2007-04-24,969.49
2007-04-25,977.34
2007-04-26,975.942
2007-04-27,975.367
2007-04-30,972.731
2007-05-01,971.814
2007-05-02,977.649
2007-05-03,981.046
2007-05-04,985.447
2007-05-07,990.513
2007-05-08,984.29
2007-05-09,988.197
2007-05-10,977.85
2007-05-11,983.89
2007-05-14,983.975
2007-05-15,985.539
2007-05-16,987.765
2007-05-17,986.173
2007-05-18,991.584
2007-05-21,993.061
2007-05-22,994.726
2007-05-23,997.844
2007-05-24,987.966
2007-05-25,988.856
2007-05-28,990.216
2007-05-29,993.615
2007-05-30,995.219
2007-05-31,1000.0
2007-06-01,1005.347
2007-06-04,1007.792
2007-06-05,1003.852
2007-06-06,994.556
2007-06-07,980.646
2007-06-08,981.388
2007-06-11,984.639
2007-06-12,975.669
2007-06-13,982.528
2007-06-14,989.632
2007-06-15,999.083
2007-06-18,998.838
2007-06-19,999.879
2007-06-20,993.799
2007-06-21,992.74
2007-06-22,984.455
2007-06-25,982.167
2007-06-26,979.126
2007-06-27,979.122
2007-06-28,984.501
2007-06-29,987.828
2007-07-02,996.707
2007-07-03,1001.164
2007-07-04,1002.553
2007-07-05,999.045
2007-07-06,1003.194
2007-07-09,1005.882
2007-07-10,996.667
2007-07-11,997.204
2007-07-12,1010.295
2007-07-13,1015.979
2007-07-16,1015.278
2007-07-17,1013.177
2007-07-18,1007.983
2007-07-19,1012.679
2007-07-20,1003.667
2007-07-23,1005.537
2007-07-24,989.364
2007-07-25,985.33
2007-07-26,962.618
2007-07-27,947.727
2007-07-30,951.668
2007-07-31,953.714
2007-08-01,948.414
2007-08-02,952.503
2007-08-03,936.031
2007-08-06,945.222
2007-08-07,952.885
2007-08-08,968.526
2007-08-09,945.455
2007-08-10,932.069
2007-08-13,936.525
2007-08-14,922.972
2007-08-15,910.013
2007-08-16,902.811
2007-08-17,921.091
2007-08-20,925.349
2007-08-21,928.019
2007-08-22,938.265
2007-08-23,942.435
2007-08-24,948.76
2007-08-27,945.357
2007-08-28,927.274
2007-08-29,936.981
2007-08-30,937.093
2007-08-31,948.916
2007-09-03,949.995
2007-09-04,956.142
2007-09-05,945.118
2007-09-06,948.127
2007-09-07,936.055
2007-09-10,930.674
2007-09-11,942.825
2007-09-12,945.651
2007-09-13,951.821
2007-09-14,950.291
2007-09-17,942.402
2007-09-18,958.949
2007-09-19,977.618
2007-09-20,976.165
2007-09-21,977.414
2007-09-24,973.446
2007-09-25,971.011
2007-09-26,975.611
2007-09-27,984.47
2007-09-28,984.321
2007-10-01,994.773
2007-10-02,996.505
2007-10-03,996.027
2007-10-04,997.683
2007-10-05,1006.14
2007-10-08,999.547
2007-10-09,1006.767
2007-10-10,1006.2
2007-10-11,1009.214
2007-10-12,1008.183
2007-10-15,1001.181
2007-10-16,990.63
2007-10-17,991.812
2007-10-18,991.111
2007-10-19,974.894
2007-10-22,968.105
2007-10-23,976.973
2007-10-24,973.028
2007-10-25,977.172
2007-10-26,991.865
2007-10-29,999.622
2007-10-30,994.585
2007-10-31,1006.037
2007-11-01,984.357
2007-11-02,977.095
2007-11-05,969.095
2007-11-06,978.336
2007-11-07,963.056
2007-11-08,959.957
2007-11-09,949.05
2007-11-12,939.701
2007-11-13,955.184
2007-11-14,958.561
2007-11-15,943.931
2007-11-16,939.46
2007-11-19,923.509
2007-11-20,930.82
2007-11-21,914.503
2007-11-22,916.455
2007-11-23,928.664
2007-11-26,917.85
2007-11-27,924.415
2007-11-28,942.933
2007-11-29,947.003
2007-11-30,956.125
2007-12-03,952.108
2007-12-04,944.149
2007-12-05,954.495
2007-12-06,964.439
2007-12-07,967.886
2007-12-10,975.098
2007-12-11,961.097
2007-12-12,962.006
2007-12-13,948.774
2007-12-14,936.319
2007-12-17,919.95
2007-12-18,923.665
2007-12-19,920.244
2007-12-20,921.496
2007-12-21,934.359
2007-12-24,939.869
2007-12-25,941.319
2007-12-26,944.25
2007-12-27,939.061
2007-12-28,941.482
2007-12-31,938.625
2008-01-01,938.625
2008-01-02,932.756
2008-01-03,930.983
2008-01-04,913.823
2008-01-07,912.803
2008-01-08,904.766
2008-01-09,906.094
2008-01-10,906.764
2008-01-11,901.184
2008-01-14,907.904
2008-01-15,887.134
2008-01-16,876.556
2008-01-17,862.84
2008-01-18,852.225
2008-01-21,827.674
2008-01-22,827.632
2008-01-23,836.031
2008-01-24,858.386
2008-01-25,856.729
2008-01-28,862.562
2008-01-29,872.672
2008-01-30,866.97
2008-01-31,877.211
2008-02-01,889.541
2008-02-04,887.197
2008-02-05,858.041
2008-02-06,851.909
2008-02-07,848.522
2008-02-08,844.266
2008-02-11,840.893
2008-02-12,855.612
2008-02-13,859.162
2008-02-14,857.936
2008-02-15,854.942
2008-02-18,858.586
2008-02-19,862.809
2008-02-20,856.339
2008-02-21,857.725
2008-02-22,859.121
2008-02-25,873.603
2008-02-26,882.758
2008-02-27,888.17
2008-02-28,878.65
2008-02-29,860.504
2008-03-03,851.895
2008-03-04,845.586
2008-03-05,851.753
2008-03-06,839.534
2008-03-07,829.902
2008-03-10,819.562
2008-03-11,841.401
2008-03-12,847.104
2008-03-13,844.235
2008-03-14,830.005
2008-03-17,814.302
2008-03-18,844.135
2008-03-19,831.773
2008-03-20,838.545
2008-03-21,840.589
2008-03-24,845.017
2008-03-25,862.815
2008-03-26,860.889
2008-03-27,859.962
2008-03-28,854.049
2008-03-31,855.21
2008-04-01,875.817
2008-04-02,885.014
2008-04-03,886.068
2008-04-04,887.71
2008-04-07,891.188
2008-04-08,884.482
2008-04-09,877.138
2008-04-10,877.207
2008-04-11,866.639
2008-04-14,859.517
2008-04-15,863.255
2008-04-16,883.255
2008-04-17,883.146
2008-04-18,891.952
2008-04-21,893.588
2008-04-22,888.423
2008-04-23,886.578
2008-04-24,886.702
2008-04-25,896.355
2008-04-28,900.301
2008-04-29,897.276
2008-04-30,896.93
2008-05-01,900.551
2008-05-02,910.072
2008-05-05,908.478
2008-05-06,911.627
2008-05-07,902.86
2008-05-08,902.887
2008-05-09,894.926
2008-05-12,902.994
2008-05-13,901.237
2008-05-14,904.562
2008-05-15,912.109
2008-05-16,917.405
2008-05-19,920.577
2008-05-20,913.636
2008-05-21,905.185
2008-05-22,906.899
2008-05-23,896.79
2008-05-26,893.297
2008-05-27,893.098
2008-05-28,892.712
2008-05-29,896.648
2008-05-30,899.537
2008-06-02,892.072
2008-06-03,887.207
2008-06-04,884.352
2008-06-05,893.833
2008-06-06,878.286
2008-06-09,871.232
2008-06-10,860.596
2008-06-11,850.644
2008-06-12,847.423
2008-06-13,854.501
2008-06-16,858.348
2008-06-17,857.652
2008-06-18,848.407
2008-06-19,842.887
2008-06-20,831.849
2008-06-23,825.788
2008-06-24,825.739
2008-06-25,832.047
2008-06-26,816.682
2008-06-27,811.756
2008-06-30,813.714
2008-07-01,808.174
2008-07-02,800.928
2008-07-03,800.481
2008-07-04,796.623
2008-07-07,793.058
2008-07-08,796.63
2008-07-09,793.627
2008-07-10,791.86
2008-07-11,781.884
2008-07-14,775.408
2008-07-15,762.893
2008-07-16,774.432
2008-07-17,791.824
2008-07-18,797.604
2008-07-21,800.95
2008-07-22,808.816
2008-07-23,817.803
2008-07-24,804.783
2008-07-25,799.585
2008-07-28,787.763
2008-07-29,793.353
2008-07-30,805.889
2008-07-31,801.349
2008-08-01,795.737
2008-08-04,788.671
2008-08-05,805.916
2008-08-06,809.922
2008-08-07,797.506
2008-08-08,803.337
2008-08-11,813.892
2008-08-12,804.206
2008-08-13,791.55
2008-08-14,794.848
2008-08-15,794.053
2008-08-18,788.642
2008-08-19,773.185
2008-08-20,777.034
2008-08-21,778.603
2008-08-22,786.183
2008-08-25,778.174
2008-08-26,776.655
2008-08-27,781.976
2008-08-28,795.295
2008-08-29,795.706
2008-09-01,790.527
2008-09-02,790.53
2008-09-03,789.732
2008-09-04,768.005
2008-09-05,761.63
2008-09-08,784.391
2008-09-09,765.139
2008-09-10,763.801
2008-09-11,760.715
2008-09-12,770.308
2008-09-15,738.003
2008-09-16,733.671
2008-09-17,709.748
2008-09-18,728.904
2008-09-19,777.827
2008-09-22,761.201
2008-09-23,752.293
2008-09-24,748.726
2008-09-25,762.035
2008-09-26,757.631
2008-09-29,703.528
2008-09-30,716.072
2008-10-01,721.469
2008-10-02,700.177
2008-10-03,698.023
2008-10-06,658.692
2008-10-07,634.29
2008-10-08,610.163
2008-10-09,576.843
2008-10-10,550.389
2008-10-13,599.76
2008-10-14,620.986
2008-10-15,578.509
2008-10-16,570.742
2008-10-17,577.527
2008-10-20,602.032
2008-10-21,593.0
2008-10-22,555.205
2008-10-23,558.286
2008-10-24,532.67
2008-10-27,507.093
2008-10-28,539.998
2008-10-29,560.602
2008-10-30,577.255
2008-10-31,580.808
2008-11-03,584.329
2008-11-04,612.872
2008-11-05,597.557
2008-11-06,563.065
2008-11-07,571.578
2008-11-10,570.393
2008-11-11,550.698
2008-11-12,528.725
2008-11-13,544.849
2008-11-14,536.061
2008-11-17,524.151
2008-11-18,525.532
2008-11-19,498.922
2008-11-20,468.066
2008-11-21,481.925
2008-11-24,516.791
2008-11-25,528.26
2008-11-26,537.551
2008-11-27,542.595
2008-11-28,548.75
2008-12-01,506.607
2008-12-02,520.324
2008-12-03,529.235
2008-12-04,519.33
2008-12-05,522.93
2008-12-08,553.774
2008-12-09,547.776
2008-12-10,555.839
2008-12-11,549.866
2008-12-12,546.095
2008-12-15,547.41
2008-12-16,565.22
2008-12-17,570.34
2008-12-18,562.958
2008-12-19,555.746
2008-12-22,546.627
2008-12-23,543.641
2008-12-24,543.663
2008-12-25,544.71
2008-12-26,548.105
2008-12-29,552.686
2008-12-30,563.146
2008-12-31,567.01
2009-01-01,567.01
2009-01-02,582.661
2009-01-05,580.262
2009-01-06,583.679
2009-01-07,576.893
2009-01-08,576.089
2009-01-09,566.095
2009-01-12,553.302
2009-01-13,544.567
2009-01-14,526.428
2009-01-15,518.487
2009-01-16,525.222
2009-01-19,520.182
2009-01-20,494.348
2009-01-21,505.986
2009-01-22,499.34
2009-01-23,495.761
2009-01-26,506.096
2009-01-27,514.267
2009-01-28,532.728
2009-01-29,517.16
2009-01-30,504.548
2009-02-02,498.661
2009-02-03,505.926
2009-02-04,508.484
2009-02-05,510.29
2009-02-06,522.858
2009-02-09,527.781
2009-02-10,506.199
2009-02-11,506.238
2009-02-12,500.409
2009-02-13,498.682
2009-02-16,494.524
2009-02-17,470.997
2009-02-18,466.753
2009-02-19,465.317
2009-02-20,453.172
2009-02-23,443.638
2009-02-24,452.204
2009-02-25,450.614
2009-02-26,453.052
2009-02-27,442.809
2009-03-02,419.354
2009-03-03,412.817
2009-03-04,422.493
2009-03-05,406.144
2009-03-06,404.06
2009-03-09,398.989
2009-03-10,423.533
2009-03-11,426.699
2009-03-12,438.055
2009-03-13,445.077
2009-03-16,451.597
2009-03-17,460.695
2009-03-18,470.544
2009-03-19,478.449
2009-03-20,468.195
2009-03-23,496.108
2009-03-24,490.419
2009-03-25,495.331
2009-03-26,503.193
2009-03-27,493.452
2009-03-30,470.687
2009-03-31,479.221
2009-04-01,489.197
2009-04-02,512.671
2009-04-03,516.781
2009-04-06,512.613
2009-04-07,502.135
2009-04-08,503.508
2009-04-09,524.736
2009-04-10,525.497
2009-04-13,529.593
2009-04-14,525.776
2009-04-15,528.63
2009-04-16,536.034
2009-04-17,541.817
2009-04-20,517.617
2009-04-21,523.315
2009-04-22,524.536
2009-04-23,529.318
2009-04-24,540.993
2009-04-27,535.864
2009-04-28,529.154
2009-04-29,543.383
2009-04-30,548.406
2009-05-01,550.45
2009-05-04,569.339
2009-05-05,570.628
2009-05-06,581.287
2009-05-07,580.251
2009-05-08,596.736
2009-05-11,587.176
2009-05-12,584.387
2009-05-13,566.971
2009-05-14,568.886
2009-05-15,567.815
2009-05-18,579.758
2009-05-19,587.108
2009-05-20,589.797
2009-05-21,580.044
2009-05-22,582.332
2009-05-25,582.948
2009-05-26,593.49
2009-05-27,589.007
2009-05-28,591.229
2009-05-29,600.87
2009-06-01,617.12
2009-06-02,620.284
2009-06-03,608.722
2009-06-04,612.413
2009-06-05,609.434
2009-06-08,605.028
2009-06-09,609.292
2009-06-10,612.428
2009-06-11,619.246
2009-06-12,618.009
2009-06-15,600.958
2009-06-16,594.778
2009-06-17,588.259
2009-06-18,593.01
2009-06-19,596.76
2009-06-22,579.482
2009-06-23,578.328
2009-06-24,586.538
2009-06-25,590.609
2009-06-26,594.923
2009-06-29,600.14
2009-06-30,595.921
2009-07-01,602.126
2009-07-02,585.003
2009-07-03,584.694
2009-07-06,580.867
2009-07-07,573.836
2009-07-08,566.416
2009-07-09,569.688
2009-07-10,566.14
2009-07-13,576.407
2009-07-14,583.985
2009-07-15,601.716
2009-07-16,606.461
2009-07-17,605.97
2009-07-20,614.902
2009-07-21,620.104
2009-07-22,620.519
2009-07-23,634.112
2009-07-24,637.145
2009-07-27,642.021
2009-07-28,638.763
2009-07-29,635.741
2009-07-30,646.729
2009-07-31,651.129
2009-08-03,666.028
2009-08-04,668.571
2009-08-05,668.102
2009-08-06,667.283
2009-08-07,671.806
2009-08-10,670.63
2009-08-11,661.75
2009-08-12,668.826
2009-08-13,677.667
2009-08-14,673.256
2009-08-17,653.407
2009-08-18,660.629
2009-08-19,664.456
2009-08-20,673.127
2009-08-21,685.678
2009-08-24,691.269
2009-08-25,694.612
2009-08-26,691.994
2009-08-27,692.141
2009-08-28,697.933
2009-08-31,692.073
2009-09-01,677.084
2009-09-02,670.335
2009-09-03,674.611
2009-09-04,682.041
2009-09-07,688.193
2009-09-08,696.455
2009-09-09,702.603
2009-09-10,707.734
2009-09-11,709.709
2009-09-14,710.057
2009-09-15,712.017
2009-09-16,725.463
2009-09-17,727.914
2009-09-18,726.569
2009-09-21,719.847
2009-09-22,728.921
2009-09-23,724.748
2009-09-24,713.876
2009-09-25,709.746
2009-09-28,719.599
2009-09-29,718.137
2009-09-30,718.013
2009-10-01,700.848
2009-10-02,691.497
2009-10-05,700.505
2009-10-06,714.845
2009-10-07,715.906
2009-10-08,725.278
2009-10-09,726.822
2009-10-12,731.252
2009-10-13,727.912
2009-10-14,742.37
2009-10-15,744.315
2009-10-16,735.674
2009-10-19,744.605
2009-10-20,740.865
2009-10-21,738.514
2009-10-22,739.692
2009-10-23,731.92
2009-10-26,721.265
2009-10-27,715.604
2009-10-28,699.633
2009-10-29,713.281
2009-10-30,697.571
2009-11-02,699.155
2009-11-03,695.91
2009-11-04,702.726
2009-11-05,711.792
2009-11-06,713.347
2009-11-09,730.732
2009-11-10,729.885
2009-11-11,734.193
2009-11-12,727.149
2009-11-13,730.843
2009-11-16,742.61
2009-11-17,738.178
2009-11-18,740.725
2009-11-19,726.998
2009-11-20,722.979
2009-11-23,736.319
2009-11-24,731.961
2009-11-25,738.121
2009-11-26,727.372
2009-11-27,720.344
2009-11-30,723.869
2009-12-01,737.836
2009-12-02,738.992
2009-12-03,736.316
2009-12-04,736.581
2009-12-07,734.512
2009-12-08,725.849
2009-12-09,723.58
2009-12-10,726.209
2009-12-11,727.741
2009-12-14,733.022
2009-12-15,728.105
2009-12-16,733.506
2009-12-17,721.415
2009-12-18,719.854
2009-12-21,727.364
2009-12-22,729.232
2009-12-23,732.906
2009-12-24,736.334
2009-12-25,735.928
2009-12-28,738.84
2009-12-29,740.13
2009-12-30,736.104
2009-12-31,734.306
2010-01-01,734.306
2010-01-04,747.771
2010-01-05,751.078
2010-01-06,752.12
2010-01-07,753.03
2010-01-08,755.447
2010-01-11,761.873
2010-01-12,756.988
2010-01-13,758.567
2010-01-14,762.262
2010-01-15,754.397
2010-01-18,755.724
2010-01-19,759.289
2010-01-20,748.508
2010-01-21,736.764
2010-01-22,726.898
2010-01-25,726.801
2010-01-26,722.511
2010-01-27,720.842
2010-01-28,714.623
2010-01-29,710.237
2010-02-01,716.185
2010-02-02,726.5
2010-02-03,721.246
2010-02-04,700.738
2010-02-05,694.035
2010-02-08,691.202
2010-02-09,696.157
2010-02-10,697.423
2010-02-11,700.428
2010-02-12,699.622
2010-02-15,699.679
2010-02-16,711.059
2010-02-17,716.427
2010-02-18,719.508
2010-02-19,717.254
2010-02-22,721.498
2010-02-23,714.26
2010-02-24,717.617
2010-02-25,711.796
2010-02-26,717.457
2010-03-01,721.25
2010-03-02,727.077
2010-03-03,732.149
2010-03-04,731.603
2010-03-05,741.387
2010-03-08,744.034
2010-03-09,743.842
2010-03-10,748.424
2010-03-11,750.302
2010-03-12,752.873
2010-03-15,749.844
2010-03-16,757.862
2010-03-17,764.14
2010-03-18,760.27
2010-03-19,756.418
2010-03-22,757.767
2010-03-23,763.001
2010-03-24,756.822
2010-03-25,757.788
2010-03-26,759.166
2010-03-29,764.699
2010-03-30,764.314
2010-03-31,763.867
2010-04-01,771.723
2010-04-02,772.189
2010-04-05,775.575
2010-04-06,777.148
2010-04-07,774.356
2010-04-08,773.276
2010-04-09,781.05
2010-04-12,785.452
2010-04-13,783.356
2010-04-14,792.702
2010-04-15,794.313
2010-04-16,781.371
2010-04-19,778.774
2010-04-20,786.355
2010-04-21,784.837
2010-04-22,780.672
2010-04-23,784.773
2010-04-26,785.828
2010-04-27,768.183
2010-04-28,763.921
2010-04-29,773.405
2010-04-30,766.984
2010-05-03,770.97
2010-05-04,751.164
2010-05-05,742.536
2010-05-06,719.811
2010-05-07,704.163
2010-05-10,739.788
2010-05-11,734.951
2010-05-12,744.031
2010-05-13,739.991
2010-05-14,721.416
2010-05-17,716.716
2010-05-18,713.329
2010-05-19,703.756
2010-05-20,682.876
2010-05-21,690.146
2010-05-24,682.452
2010-05-25,672.94
2010-05-26,676.315
2010-05-27,697.296
2010-05-28,694.154
2010-05-31,693.67
2010-06-01,685.69
2010-06-02,691.728
2010-06-03,698.106
2010-06-04,677.408
2010-06-07,665.517
2010-06-08,668.702
2010-06-09,671.403
2010-06-10,687.316
2010-06-11,691.582
2010-06-14,697.843
2010-06-15,709.063
2010-06-16,710.032
2010-06-17,711.437
2010-06-18,713.548
2010-06-21,716.06
2010-06-22,706.004
2010-06-23,699.782
2010-06-24,691.045
2010-06-25,690.771
2010-06-28,692.475
2010-06-29,670.953
2010-06-30,667.368
2010-07-01,663.799
2010-07-02,663.984
2010-07-05,662.128
2010-07-06,673.059
2010-07-07,687.276
2010-07-08,696.082
2010-07-09,700.727
2010-07-12,699.864
2010-07-13,712.164
2010-07-14,713.156
2010-07-15,712.705
2010-07-16,697.532
2010-07-19,697.066
2010-07-20,699.14
2010-07-21,695.64
2010-07-22,710.267
2010-07-23,714.812
2010-07-26,724.564
2010-07-27,727.459
2010-07-28,725.902
2010-07-29,726.485
2010-07-30,723.839
2010-08-02,742.108
2010-08-03,742.13
2010-08-04,742.294
2010-08-05,742.578
2010-08-06,741.707
2010-08-09,745.936
2010-08-10,737.321
2010-08-11,715.868
2010-08-12,711.325
2010-08-13,709.437
2010-08-16,710.717
2010-08-17,718.618
2010-08-18,719.159
2010-08-19,709.456
2010-08-20,700.654
2010-08-23,701.199
2010-08-24,692.613
2010-08-25,689.523
2010-08-26,691.449
2010-08-27,700.263
2010-08-30,695.689
2010-08-31,695.08
2010-09-01,714.987
2010-09-02,719.523
2010-09-03,727.827
2010-09-06,731.201
2010-09-07,721.837
2010-09-08,725.264
2010-09-09,731.316
2010-09-10,732.631
2010-09-13,743.358
2010-09-14,744.556
2010-09-15,744.414
2010-09-16,742.369
2010-09-17,740.753
2010-09-20,751.281
2010-09-21,749.586
2010-09-22,749.008
2010-09-23,742.622
2010-09-24,755.747
2010-09-27,753.844
2010-09-28,756.996
2010-09-29,756.567
2010-09-30,754.148
2010-10-01,758.329
2010-10-04,752.225
2010-10-05,768.003
2010-10-06,772.539
2010-10-07,773.742
2010-10-08,775.354
2010-10-11,775.738
2010-10-12,773.625
2010-10-13,782.206
2010-10-14,783.953
2010-10-15,779.389
2010-10-18,784.222
2010-10-19,772.907
2010-10-20,781.392
2010-10-21,782.112
2010-10-22,780.549
2010-10-25,783.799
2010-10-26,779.902
2010-10-27,773.436
2010-10-28,778.132
2010-10-29,778.884
2010-11-01,778.484
2010-11-02,785.179
2010-11-03,785.156
2010-11-04,803.936
2010-11-05,804.459
2010-11-08,801.759
2010-11-09,799.431
2010-11-10,794.689
2010-11-11,793.027
2010-11-12,787.093
2010-11-15,786.852
2010-11-16,772.457
2010-11-17,773.8
2010-11-18,785.37
2010-11-19,786.033
2010-11-22,781.865
2010-11-23,768.649
2010-11-24,774.777
2010-11-25,775.4
2010-11-26,766.633
2010-11-29,761.127
2010-11-30,756.353
2010-12-01,771.454
2010-12-02,784.635
2010-12-03,790.576
2010-12-06,788.87
2010-12-07,792.29
2010-12-08,792.338
2010-12-09,797.021
2010-12-10,800.957
2010-12-13,806.709
2010-12-14,808.493
2010-12-15,803.569
2010-12-16,803.773
2010-12-17,801.772
2010-12-20,803.052
2010-12-21,810.705
2010-12-22,813.198
2010-12-23,813.239
2010-12-24,813.707
2010-12-27,813.019
2010-12-28,815.122
2010-12-29,817.488
2010-12-30,816.109
2010-12-31,818.545
2011-01-03,824.609
2011-01-04,826.341
2011-01-05,824.35
2011-01-06,823.217
2011-01-07,821.098
2011-01-10,816.95
2011-01-11,820.733
2011-01-12,832.298
2011-01-13,838.03
2011-01-14,841.726
2011-01-17,840.674
2011-01-18,845.65
2011-01-19,841.506
2011-01-20,834.886
2011-01-21,841.924
2011-01-24,847.423
2011-01-25,846.368
2011-01-26,849.509
2011-01-27,852.56
2011-01-28,841.24
2011-01-31,844.545
2011-02-01,860.187
2011-02-02,861.075
2011-02-03,858.893
2011-02-04,859.47
2011-02-07,865.377
2011-02-08,870.54
2011-02-09,867.795
2011-02-10,865.049
2011-02-11,866.34
2011-02-14,868.575
2011-02-15,868.884
2011-02-16,875.031
2011-02-17,880.88
2011-02-18,883.816
2011-02-21,880.595
2011-02-22,868.223
2011-02-23,863.556
2011-02-24,861.617
2011-02-25,869.982
2011-02-28,877.798
2011-03-01,870.377
2011-03-02,867.954
2011-03-03,876.892
2011-03-04,874.526
2011-03-07,869.337
2011-03-08,871.932
2011-03-09,871.95
2011-03-10,854.977
2011-03-11,855.876
2011-03-14,846.487
2011-03-15,826.721
2011-03-16,819.212
2011-03-17,832.144
2011-03-18,838.169
2011-03-21,851.413
2011-03-22,854.561
2011-03-23,853.656
2011-03-24,860.558
2011-03-25,862.31
2011-03-28,859.814
2011-03-29,860.914
2011-03-30,868.493
2011-03-31,867.631
2011-04-01,872.396
2011-04-04,874.93
2011-04-05,873.363
2011-04-06,877.877
2011-04-07,875.915
2011-04-08,880.015
2011-04-11,877.846
2011-04-12,868.27
2011-04-13,870.182
2011-04-14,868.793
2011-04-15,870.001
2011-04-18,855.251
2011-04-19,859.413
2011-04-20,875.218
2011-04-21,881.061
2011-04-22,881.116
2011-04-25,879.26
2011-04-26,886.276
2011-04-27,890.43
2011-04-28,900.382
2011-04-29,903.189
2011-05-02,904.975
2011-05-03,899.902
2011-05-04,892.693
2011-05-05,882.292
2011-05-06,884.659
2011-05-09,880.537
2011-05-10,889.449
2011-05-11,884.15
2011-05-12,880.461
2011-05-13,874.869
2011-05-16,870.897
2011-05-17,866.485
2011-05-18,874.798
2011-05-19,876.966
2011-05-20,870.603
2011-05-23,856.285
2011-05-24,857.058
2011-05-25,859.985
2011-05-26,863.426
2011-05-27,871.048
2011-05-30,870.705
2011-05-31,881.674
2011-06-01,868.42
2011-06-02,861.682
2011-06-03,858.788
2011-06-06,851.263
2011-06-07,853.184
2011-06-08,847.472
2011-06-09,851.07
2011-06-10,839.403
2011-06-13,840.425
2011-06-14,852.233
2011-06-15,837.658
2011-06-16,832.463
2011-06-17,838.512
2011-06-20,839.019
2011-06-21,851.458
2011-06-22,850.164
2011-06-23,836.734
2011-06-24,832.339
2011-06-27,835.564
2011-06-28,844.22
2011-06-29,855.95
2011-06-30,867.517
2011-07-01,876.191
2011-07-04,878.697
2011-07-05,875.529
2011-07-06,871.774
2011-07-07,877.895
2011-07-08,870.865
2011-07-11,851.576
2011-07-12,847.109
2011-07-13,855.067
2011-07-14,849.036
2011-07-15,848.474
2011-07-18,836.816
2011-07-19,848.48
2011-07-20,855.01
2011-07-21,870.039
2011-07-22,871.892
2011-07-25,865.042
2011-07-26,865.832
2011-07-27,850.637
2011-07-28,846.181
2011-07-29,842.273
2011-08-01,835.897
2011-08-02,817.997
2011-08-03,813.374
2011-08-04,778.767
2011-08-05,768.914
2011-08-08,728.105
2011-08-09,748.504
2011-08-10,724.791
2011-08-11,749.136
2011-08-12,756.712
2011-08-15,774.555
2011-08-16,768.651
2011-08-17,772.555
2011-08-18,740.476
2011-08-19,730.069
2011-08-22,729.327
2011-08-23,745.545
2011-08-24,753.82
2011-08-25,744.819
2011-08-26,748.1
2011-08-29,768.161
2011-08-30,770.202
2011-08-31,779.854
2011-09-01,773.21
2011-09-02,754.105
2011-09-05,740.559
2011-09-06,731.37
2011-09-07,752.564
2011-09-08,749.509
2011-09-09,727.017
2011-09-12,719.004
2011-09-13,727.304
2011-09-14,733.323
2011-09-15,750.73
2011-09-16,754.717
2011-09-19,740.805
2011-09-20,743.384
2011-09-21,726.127
2011-09-22,697.453
2011-09-23,701.955
2011-09-26,712.703
2011-09-27,732.873
2011-09-28,723.196
2011-09-29,732.073
2011-09-30,716.664
2011-10-03,696.09
2011-10-04,696.967
2011-10-05,710.017
2011-10-06,727.379
2011-10-07,727.678
2011-10-10,747.93
2011-10-11,748.877
2011-10-12,761.234
2011-10-13,754.798
2011-10-14,764.737
2011-10-17,755.113
2011-10-18,760.278
2011-10-19,761.148
2011-10-20,756.856
2011-10-21,774.078
2011-10-24,784.562
2011-10-25,773.175
2011-10-26,777.57
2011-10-27,811.816
2011-10-28,811.356
2011-10-31,787.198
2011-11-01,757.209
2011-11-02,767.352
2011-11-03,778.488
2011-11-04,774.749
2011-11-07,776.495
2011-11-08,783.557
2011-11-09,760.597
2011-11-10,761.521
2011-11-11,778.606
2011-11-14,770.751
2011-11-15,767.536
2011-11-16,760.048
2011-11-17,751.004
2011-11-18,748.937
2011-11-21,731.923
2011-11-22,727.382
2011-11-23,711.137
2011-11-24,708.751
2011-11-25,707.926
2011-11-28,729.765
2011-11-29,735.323
2011-11-30,766.03
2011-12-01,764.475
2011-12-02,768.578
2011-12-05,777.699
2011-12-06,774.491
2011-12-07,777.887
2011-12-08,760.884
2011-12-09,770.757
2011-12-12,757.406
2011-12-13,751.735
2011-12-14,740.016
2011-12-15,744.114
2011-12-16,746.565
2011-12-19,738.079
2011-12-20,757.338
2011-12-21,760.068
2011-12-22,768.009
2011-12-23,773.505
2011-12-26,773.806
2011-12-27,773.872
2011-12-28,763.026
2011-12-29,770.158
2011-12-30,773.27
2012-01-02,775.778
2012-01-03,788.763
2012-01-04,786.651
2012-01-05,781.831
2012-01-06,778.292
2012-01-09,778.963
2012-01-10,789.492
2012-01-11,788.458
2012-01-12,790.527
2012-01-13,786.096
2012-01-16,787.009
2012-01-17,792.198
2012-01-18,798.886
2012-01-19,806.503
2012-01-20,809.896
2012-01-23,814.706
2012-01-24,810.67
2012-01-25,812.773
2012-01-26,816.88
2012-01-27,813.774
2012-01-30,807.989
2012-01-31,809.047
2012-02-01,821.44
2012-02-02,822.761
2012-02-03,832.136
2012-02-06,831.855
2012-02-07,835.238
2012-02-08,838.084
2012-02-09,839.037
2012-02-10,828.224
2012-02-13,834.656
2012-02-14,830.034
2012-02-15,830.831
2012-02-16,835.33
2012-02-17,842.161
2012-02-20,847.562
2012-02-21,846.2
2012-02-22,840.846
2012-02-23,844.26
2012-02-24,848.344
2012-02-27,847.465
2012-02-28,849.702
2012-02-29,846.662
2012-03-01,850.577
2012-03-02,846.725
2012-03-05,843.505
2012-03-06,825.551
2012-03-07,829.22
2012-03-08,841.07
2012-03-09,842.349
2012-03-12,841.071
2012-03-13,855.124
2012-03-14,853.112
2012-03-15,859.181
2012-03-16,863.228
2012-03-19,866.333
2012-03-20,860.641
2012-03-21,856.957
2012-03-22,851.028
2012-03-23,854.251
2012-03-26,863.619
2012-03-27,862.314
2012-03-28,856.8
2012-03-29,851.5
2012-03-30,855.566
2012-04-02,862.13
2012-04-03,856.228
2012-04-04,840.715
2012-04-05,838.215
2012-04-06,837.599
2012-04-09,830.954
2012-04-10,816.739
2012-04-11,822.231
2012-04-12,833.075
2012-04-13,822.269
2012-04-16,823.199
2012-04-17,835.962
2012-04-18,832.766
2012-04-19,828.72
2012-04-20,832.383
2012-04-23,821.972
2012-04-24,829.41
2012-04-25,836.433
2012-04-26,841.499
2012-04-27,845.023
2012-04-30,842.116
2012-05-01,844.742
2012-05-02,839.909
2012-05-03,835.032
2012-05-04,824.08
2012-05-07,822.359
2012-05-08,816.999
2012-05-09,810.005
2012-05-10,815.632
2012-05-11,812.913
2012-05-14,800.725
2012-05-15,793.242
2012-05-16,786.98
2012-05-17,778.994
2012-05-18,771.188
2012-05-21,777.414
2012-05-22,783.593
2012-05-23,774.793
2012-05-24,778.569
2012-05-25,776.714
2012-05-28,777.309
2012-05-29,784.235
2012-05-30,770.839
2012-05-31,770.12
2012-06-01,755.339
2012-06-04,753.604
2012-06-05,758.881
2012-06-06,776.282
2012-06-07,781.089
2012-06-08,780.25
2012-06-11,776.629
2012-06-12,781.512
2012-06-13,781.153
2012-06-14,786.427
2012-06-15,795.52
2012-06-18,795.399
2012-06-19,806.108
2012-06-20,808.713
2012-06-21,794.826
2012-06-22,794.45
2012-06-25,782.358
2012-06-26,783.458
2012-06-27,792.637
2012-06-28,793.045
2012-06-29,816.153
2012-07-02,819.581
2012-07-03,826.029
2012-07-04,825.041
2012-07-05,818.528
2012-07-06,810.501
2012-07-09,807.154
2012-07-10,803.73
2012-07-11,805.757
2012-07-12,798.587
2012-07-13,810.78
2012-07-16,810.809
2012-07-17,813.639
2012-07-18,819.195
2012-07-19,822.15
2012-07-20,810.697
2012-07-23,798.089
2012-07-24,791.126
2012-07-25,791.04
2012-07-26,807.865
2012-07-27,822.642
2012-07-30,825.815
2012-07-31,823.74
2012-08-01,821.822
2012-08-02,811.794
2012-08-03,828.988
2012-08-06,834.375
2012-08-07,840.657
2012-08-08,841.699
2012-08-09,842.515
2012-08-10,843.261
2012-08-13,841.488
2012-08-14,842.205
2012-08-15,841.901
2012-08-16,848.958
2012-08-17,850.968
2012-08-20,850.555
2012-08-21,853.71
2012-08-22,849.332
2012-08-23,847.0
2012-08-24,847.191
2012-08-27,847.571
2012-08-28,846.394
2012-08-29,845.921
2012-08-30,838.835
2012-08-31,843.632
2012-09-03,844.454
2012-09-04,841.191
2012-09-05,840.457
2012-09-06,856.966
2012-09-07,868.101
2012-09-10,865.758
2012-09-11,870.469
2012-09-12,874.778
2012-09-13,883.042
2012-09-14,895.382
2012-09-17,890.398
2012-09-18,885.683
2012-09-19,888.286
2012-09-20,884.088
2012-09-21,887.157
2012-09-24,884.156
2012-09-25,881.578
2012-09-26,870.269
2012-09-27,876.748
2012-09-28,870.653
2012-10-01,875.787
2012-10-02,876.476
2012-10-03,875.59
2012-10-04,883.122
2012-10-05,888.185
2012-10-08,883.159
2012-10-09,875.796
2012-10-10,870.091
2012-10-11,873.424
2012-10-12,869.941
2012-10-15,874.655
2012-10-16,885.879
2012-10-17,895.893
2012-10-18,898.244
2012-10-19,886.812
2012-10-22,885.166
2012-10-23,871.122
2012-10-24,870.237
2012-10-25,873.247
2012-10-26,870.6
2012-10-29,867.757
2012-10-30,871.838
2012-10-31,872.524
2012-11-01,880.593
2012-11-02,875.424
2012-11-05,872.716
2012-11-06,878.95
2012-11-07,862.815
2012-11-08,855.251
2012-11-09,853.892
2012-11-12,852.51
2012-11-13,850.084
2012-11-14,840.444
2012-11-15,838.583
2012-11-16,837.857
2012-11-19,855.355
2012-11-20,855.375
2012-11-21,857.969
2012-11-22,861.905
2012-11-23,871.297
2012-11-26,869.33
2012-11-27,866.6
2012-11-28,869.585
2012-11-29,877.021
2012-11-30,877.93
2012-12-03,877.255
2012-12-04,877.718
2012-12-05,881.789
2012-12-06,883.982
2012-12-07,885.812
2012-12-10,886.405
2012-12-11,892.257
2012-12-12,895.214
2012-12-13,892.878
2012-12-14,892.37
2012-12-17,899.428
2012-12-18,908.537
2012-12-19,910.149
2012-12-20,913.232
2012-12-21,906.026
2012-12-24,903.957
2012-12-25,904.334
2012-12-26,903.561
2012-12-27,903.331
2012-12-28,896.817
2012-12-31,904.064
2013-01-01,904.117
2013-01-02,924.302
2013-01-03,922.713
2013-01-04,928.159
2013-01-07,926.31
2013-01-08,922.857
2013-01-09,926.488
2013-01-10,935.209
2013-01-11,937.358
2013-01-14,937.319
2013-01-15,939.272
2013-01-16,935.795
2013-01-17,940.888
2013-01-18,942.383
2013-01-21,943.868
2013-01-22,947.06
2013-01-23,944.997
2013-01-24,949.404
2013-01-25,955.689
2013-01-28,955.0
2013-01-29,961.627
2013-01-30,960.319
2013-01-31,958.144
2013-02-01,964.674
2013-02-04,952.795
2013-02-05,956.298
2013-02-06,959.007
2013-02-07,954.333
2013-02-08,959.519
2013-02-11,958.048
2013-02-12,965.206
2013-02-13,965.634
2013-02-14,963.402
2013-02-15,959.463
2013-02-18,961.205
2013-02-19,969.75
2013-02-20,962.119
2013-02-21,949.455
2013-02-22,956.252
2013-02-25,948.447
2013-02-26,944.342
2013-02-27,954.355
2013-02-28,957.799
2013-03-01,954.837
2013-03-04,956.818
2013-03-05,967.293
2013-03-06,970.072
2013-03-07,971.701
2013-03-08,975.466
2013-03-11,979.717
2013-03-12,978.9
2013-03-13,976.3
2013-03-14,984.207
2013-03-15,987.297
2013-03-18,978.192
2013-03-19,975.241
2013-03-20,981.054
2013-03-21,976.986
2013-03-22,980.384
2013-03-25,975.822
2013-03-26,979.803
2013-03-27,977.335
2013-03-28,979.97
2013-03-29,979.646
2013-04-01,975.476
2013-04-02,979.614
2013-04-03,971.417
2013-04-04,970.607
2013-04-05,969.709
2013-04-08,974.359
2013-04-09,980.705
2013-04-10,994.75
2013-04-11,1000.902
2013-04-12,996.702
2013-04-15,979.241
2013-04-16,984.176
2013-04-17,972.396
2013-04-18,969.211
2013-04-19,976.044
2013-04-22,979.856
2013-04-23,992.093
2013-04-24,998.484
2013-04-25,1004.009
2013-04-26,1002.926
2013-04-29,1010.808
2013-04-30,1016.081
2013-05-01,1007.834
2013-05-02,1010.224
2013-05-03,1019.194
2013-05-06,1018.939
2013-05-07,1027.239
2013-05-08,1034.753
2013-05-09,1028.768
2013-05-10,1027.538
2013-05-13,1028.653
2013-05-14,1035.358
2013-05-15,1039.864
2013-05-16,1038.43
2013-05-17,1043.203
2013-05-20,1048.334
2013-05-21,1050.01
2013-05-22,1044.345
2013-05-23,1030.939
2013-05-24,1029.882
2013-05-27,1028.07
2013-05-28,1033.827
2013-05-29,1029.466
2013-05-30,1031.325
2013-05-31,1017.445
2013-06-03,1019.794
2013-06-04,1020.153
2013-06-05,1004.98
2013-06-06,1007.66
2013-06-07,1016.989
2013-06-10,1018.993
2013-06-11,1011.872
2013-06-12,1007.75
2013-06-13,1013.99
2013-06-14,1013.227
2013-06-17,1022.761
2013-06-18,1026.893
2013-06-19,1020.064
2013-06-20,985.467
2013-06-21,984.465
2013-06-24,970.91
2013-06-25,979.475
2013-06-26,988.184
2013-06-27,996.169
2013-06-28,994.616
2013-07-01,1001.06
2013-07-02,1001.081
2013-07-03,997.208
2013-07-04,1002.429
2013-07-05,1003.338
2013-07-08,1010.214
2013-07-09,1018.453
2013-07-10,1021.091
2013-07-11,1036.761
2013-07-12,1037.759
2013-07-15,1040.639
2013-07-16,1040.562
2013-07-17,1042.579
2013-07-18,1049.706
2013-07-19,1051.366
2013-07-22,1057.413
2013-07-23,1059.072
2013-07-24,1056.843
2013-07-25,1055.692
2013-07-26,1054.66
2013-07-29,1049.381
2013-07-30,1049.441
2013-07-31,1047.753
2013-08-01,1058.143
2013-08-02,1062.979
2013-08-05,1060.057
2013-08-06,1057.318
2013-08-07,1052.737
2013-08-08,1060.061
2013-08-09,1060.622
2013-08-12,1058.914
2013-08-13,1059.827
2013-08-14,1060.473
2013-08-15,1047.709
2013-08-16,1047.805
2013-08-19,1040.756
2013-08-20,1040.574
2013-08-21,1032.237
2013-08-22,1038.158
2013-08-23,1046.999
2013-08-26,1042.587
2013-08-27,1028.708
2013-08-28,1026.569
2013-08-29,1027.068
2013-08-30,1020.734
2013-09-02,1026.468
2013-09-03,1028.237
2013-09-04,1035.496
2013-09-05,1037.037
2013-09-06,1040.959
2013-09-09,1050.614
2013-09-10,1060.627
2013-09-11,1065.588
2013-09-12,1063.379
2013-09-13,1064.444
2013-09-16,1073.902
2013-09-17,1074.505
2013-09-18,1083.657
2013-09-19,1090.198
2013-09-20,1082.469
2013-09-23,1079.061
2013-09-24,1078.058
2013-09-25,1078.391
2013-09-26,1079.802
2013-09-27,1078.445
2013-09-30,1070.859
2013-10-01,1077.967
2013-10-02,1077.321
2013-10-03,1071.619
2013-10-04,1075.679
2013-10-07,1068.268
2013-10-08,1060.818
2013-10-09,1060.094
2013-10-10,1078.617
2013-10-11,1086.841
2013-10-14,1090.622
2013-10-15,1087.617
2013-10-16,1096.335
2013-10-17,1109.065
2013-10-18,1115.127
2013-10-21,1116.216
2013-10-22,1123.715
2013-10-23,1116.398
2013-10-24,1119.894
2013-10-25,1120.736
2013-10-28,1121.898
2013-10-29,1126.008
2013-10-30,1124.04
2013-10-31,1117.333
2013-11-01,1113.766
2013-11-04,1119.26
2013-11-05,1115.426
2013-11-06,1123.438
2013-11-07,1110.575
2013-11-08,1116.444
2013-11-11,1119.388
2013-11-12,1117.024
2013-11-13,1119.039
2013-11-14,1126.114
2013-11-15,1132.077
2013-11-18,1134.341
2013-11-19,1129.704
2013-11-20,1126.367
2013-11-21,1130.054
2013-11-22,1134.234
2013-11-25,1133.851
2013-11-26,1131.565
2013-11-27,1133.47
2013-11-28,1136.023
2013-11-29,1135.095
2013-12-02,1129.889
2013-12-03,1124.002
2013-12-04,1118.649
2013-12-05,1112.709
2013-12-06,1123.572
2013-12-09,1127.149
2013-12-10,1124.581
2013-12-11,1113.705
2013-12-12,1106.55
2013-12-13,1105.311
2013-12-16,1113.38
2013-12-17,1109.671
2013-12-18,1124.085
2013-12-19,1126.844
2013-12-20,1132.594
2013-12-23,1139.483
2013-12-24,1142.136
2013-12-25,1142.084
2013-12-26,1146.656
2013-12-27,1152.851
2013-12-30,1154.472
2013-12-31,1157.315
2014-01-01,1157.332
2014-01-02,1145.829
2014-01-03,1147.555
2014-01-06,1145.238
2014-01-07,1149.642
2014-01-08,1149.986
2014-01-09,1147.919
2014-01-10,1154.436
2014-01-13,1148.778
2014-01-14,1152.266
2014-01-15,1158.8
2014-01-16,1158.328
2014-01-17,1157.346
2014-01-20,1157.119
2014-01-21,1157.159
2014-01-22,1158.392
2014-01-23,1150.917
2014-01-24,1129.841
2014-01-27,1120.957
2014-01-28,1126.193
2014-01-29,1122.735
2014-01-30,1124.481
2014-01-31,1117.781
2014-02-03,1098.076
2014-02-04,1095.542
2014-02-05,1097.071
2014-02-06,1110.818
2014-02-07,1122.948
2014-02-10,1125.67
2014-02-11,1138.379
2014-02-12,1141.651
2014-02-13,1145.696
2014-02-14,1151.539
2014-02-17,1154.285
2014-02-18,1158.678
2014-02-19,1155.595
2014-02-20,1157.214
2014-02-21,1160.428
2014-02-24,1165.381
2014-02-25,1165.234
2014-02-26,1162.329
2014-02-27,1164.669
2014-02-28,1170.827
2014-03-03,1157.71
2014-03-04,1173.155
2014-03-05,1174.011
2014-03-06,1179.275
2014-03-07,1176.401
2014-03-10,1173.013
2014-03-11,1169.668
2014-03-12,1166.104
2014-03-13,1158.114
2014-03-14,1151.648
2014-03-17,1160.422
2014-03-18,1168.614
2014-03-19,1163.334
2014-03-20,1161.602
2014-03-21,1163.157
2014-03-24,1159.443
2014-03-25,1167.629
2014-03-26,1167.284
2014-03-27,1168.021
2014-03-28,1175.553
2014-03-31,1185.462
2014-04-01,1190.755
2014-04-02,1193.571
2014-04-03,1192.893
2014-04-04,1189.503
2014-04-07,1179.026
2014-04-08,1182.066
2014-04-09,1188.724
2014-04-10,1177.128
2014-04-11,1166.023
2014-04-14,1169.44
2014-04-15,1170.957
2014-04-16,1182.901
2014-04-17,1187.136
2014-04-18,1187.569
2014-04-21,1188.2
2014-04-22,1194.092
2014-04-23,1193.456
2014-04-24,1193.871
2014-04-25,1188.417
2014-04-28,1191.089
2014-04-29,1197.801
2014-04-30,1201.951
2014-05-01,1201.785
2014-05-02,1201.231
2014-05-05,1200.88
2014-05-06,1197.295
2014-05-07,1200.763
2014-05-08,1203.536
2014-05-09,1200.274
2014-05-12,1208.247
2014-05-13,1209.846
2014-05-14,1208.048
2014-05-15,1199.441
2014-05-16,1199.364
2014-05-19,1200.302
2014-05-20,1194.118
2014-05-21,1199.849
2014-05-22,1203.1
2014-05-23,1207.508
2014-05-26,1211.338
2014-05-27,1213.385
2014-05-28,1213.134
2014-05-29,1217.527
2014-05-30,1218.597
2014-06-02,1220.512
2014-06-03,1219.752
2014-06-04,1220.767
2014-06-05,1227.308
2014-06-06,1235.037
2014-06-09,1236.629
2014-06-10,1235.792
2014-06-11,1232.613
2014-06-12,1230.584
2014-06-13,1233.094
2014-06-16,1232.81
2014-06-17,1234.525
2014-06-18,1241.45
2014-06-19,1249.751
2014-06-20,1249.404
2014-06-23,1249.285
2014-06-24,1242.397
2014-06-25,1241.832
2014-06-26,1240.882
2014-06-27,1243.079
2014-06-30,1244.635
2014-07-01,1251.961
2014-07-02,1252.72
2014-07-03,1257.064
2014-07-04,1256.756
2014-07-07,1250.792
2014-07-08,1242.694
2014-07-09,1244.664
2014-07-10,1236.918
2014-07-11,1237.325
2014-07-14,1244.103
2014-07-15,1241.512
2014-07-16,1250.217
2014-07-17,1238.694
2014-07-18,1244.199
2014-07-21,1241.136
2014-07-22,1247.702
2014-07-23,1249.288
2014-07-24,1251.084
2014-07-25,1246.325
2014-07-28,1246.348
2014-07-29,1243.317
2014-07-30,1238.424
2014-07-31,1221.497
2014-08-01,1214.612
2014-08-04,1217.587
2014-08-05,1208.241
2014-08-06,1205.57
2014-08-07,1200.058
2014-08-08,1203.66
2014-08-11,1211.022
2014-08-12,1209.995
2014-08-13,1217.072
2014-08-14,1221.261
2014-08-15,1219.632
2014-08-18,1228.418
2014-08-19,1232.668
2014-08-20,1233.061
2014-08-21,1238.806
2014-08-22,1233.4
2014-08-25,1239.789
2014-08-26,1242.946
2014-08-27,1244.993
2014-08-28,1240.645
2014-08-29,1244.486
2014-09-01,1244.313
2014-09-02,1241.923
2014-09-03,1247.132
2014-09-04,1244.571
2014-09-05,1246.02
2014-09-08,1240.853
2014-09-09,1232.468
2014-09-10,1233.542
2014-09-11,1235.023
2014-09-12,1228.71
2014-09-15,1227.581
2014-09-16,1231.161
2014-09-17,1233.283
2014-09-18,1237.683
2014-09-19,1236.477
2014-09-22,1227.717
2014-09-23,1219.563
2014-09-24,1223.351
2014-09-25,1209.664
2014-09-26,1212.396
2014-09-29,1207.531
2014-09-30,1204.022
2014-10-01,1192.003
2014-10-02,1183.509
2014-10-03,1187.555
2014-10-06,1191.266
2014-10-07,1178.853
2014-10-08,1187.817
2014-10-09,1172.039
2014-10-10,1154.993
2014-10-13,1148.359
2014-10-14,1146.588
2014-10-15,1134.761
2014-10-16,1132.417
2014-10-17,1145.705
2014-10-20,1153.451
2014-10-21,1169.879
2014-10-22,1168.218
2014-10-23,1175.836
2014-10-24,1181.409
2014-10-27,1179.971
2014-10-28,1192.569
2014-10-29,1194.264
2014-10-30,1194.846
2014-10-31,1208.785
2014-11-03,1202.276
2014-11-04,1201.806
2014-11-05,1208.855
2014-11-06,1207.939
2014-11-07,1209.038
2014-11-10,1214.369
2014-11-11,1214.569
2014-11-12,1212.599
2014-11-13,1211.11
2014-11-14,1211.904
2014-11-17,1211.572
2014-11-18,1219.994
2014-11-19,1216.879
2014-11-20,1217.617
2014-11-21,1226.206
2014-11-24,1226.475
2014-11-25,1228.422
2014-11-26,1231.872
2014-11-27,1228.024
2014-11-28,1221.657
2014-12-01,1216.81
2014-12-02,1222.54
2014-12-03,1225.701
2014-12-04,1222.117
2014-12-05,1223.575
2014-12-08,1215.062
2014-12-09,1211.52
2014-12-10,1194.809
2014-12-11,1195.131
2014-12-12,1176.339
2014-12-15,1161.073
2014-12-16,1164.766
2014-12-17,1178.015
2014-12-18,1200.707
2014-12-19,1208.745
2014-12-22,1213.759
2014-12-23,1216.713
2014-12-24,1218.032
2014-12-25,1217.664
2014-12-26,1219.749
2014-12-29,1221.634
2014-12-30,1215.279
2014-12-31,1206.784
2015-01-01,1206.79
2015-01-02,1204.34
2015-01-05,1180.072
2015-01-06,1169.04
2015-01-07,1173.713
2015-01-08,1194.744
2015-01-09,1186.612
2015-01-12,1181.605
2015-01-13,1182.027
2015-01-14,1172.836
2015-01-15,1171.166
2015-01-16,1180.826
2015-01-19,1185.179
2015-01-20,1186.166
2015-01-21,1192.178
2015-01-22,1204.718
2015-01-23,1199.622
2015-01-26,1203.041
2015-01-27,1198.259
2015-01-28,1184.478
2015-01-29,1186.937
2015-01-30,1174.173
2015-02-02,1188.3
2015-02-03,1206.29
2015-02-04,1204.799
2015-02-05,1214.887
2015-02-06,1210.717
2015-02-09,1206.369
2015-02-10,1212.177
2015-02-11,1207.18
2015-02-12,1222.086
2015-02-13,1229.932
2015-02-16,1230.976
2015-02-17,1231.852
2015-02-18,1234.158
2015-02-19,1233.152
2015-02-20,1236.934
2015-02-23,1236.547
2015-02-24,1240.958
2015-02-25,1242.249
2015-02-26,1238.677
2015-02-27,1238.538
2015-03-02,1239.107
2015-03-03,1234.147
2015-03-04,1227.743
2015-03-05,1229.572
2015-03-06,1213.129
2015-03-09,1213.074
2015-03-10,1193.037
2015-03-11,1193.0
2015-03-12,1205.034
2015-03-13,1198.002
2015-03-16,1210.202
2015-03-17,1207.512
2015-03-18,1220.358
2015-03-19,1216.483
2015-03-20,1234.906
2015-03-23,1239.936
2015-03-24,1235.607
2015-03-25,1226.575
2015-03-26,1218.275
2015-03-27,1217.587
2015-03-30,1226.184
2015-03-31,1215.966
2015-04-01,1215.099
2015-04-02,1222.964
2015-04-03,1223.472
2015-04-06,1233.746
2015-04-07,1233.412
2015-04-08,1232.267
2015-04-09,1234.371
2015-04-10,1240.425
2015-04-13,1235.819
2015-04-14,1243.231
2015-04-15,1247.512
2015-04-16,1249.918
2015-04-17,1239.451
2015-04-20,1246.388
2015-04-21,1245.045
2015-04-22,1248.314
2015-04-23,1252.872
2015-04-24,1258.64
2015-04-27,1260.151
2015-04-28,1265.495
2015-04-29,1261.59
2015-04-30,1251.21
2015-05-01,1255.241
2015-05-04,1257.984
2015-05-05,1247.17
2015-05-06,1247.537
2015-05-07,1244.264
2015-05-08,1262.702
2015-05-11,1259.612
2015-05-12,1257.53
2015-05-13,1261.969
2015-05-14,1270.583
2015-05-15,1272.356
2015-05-18,1273.07
2015-05-19,1269.352
2015-05-20,1270.134
2015-05-21,1273.923
2015-05-22,1268.07
2015-05-25,1268.208
2015-05-26,1252.379
2015-05-27,1259.932
2015-05-28,1259.06
2015-05-29,1252.252
2015-06-01,1250.327
2015-06-02,1254.228
2015-06-03,1259.512
2015-06-04,1248.4
2015-06-05,1238.187
2015-06-08,1233.491
2015-06-09,1233.93
2015-06-10,1251.645
2015-06-11,1253.244
2015-06-12,1246.488
2015-06-15,1236.844
2015-06-16,1241.255
2015-06-17,1240.196
2015-06-18,1252.331
2015-06-19,1247.918
2015-06-22,1262.26
2015-06-23,1261.996
2015-06-24,1255.366
2015-06-25,1251.332
2015-06-26,1248.764
2015-06-29,1222.387
2015-06-30,1219.799
2015-07-01,1226.417
2015-07-02,1226.823
2015-07-03,1224.825
2015-07-06,1213.25
2015-07-07,1209.51
2015-07-08,1197.824
2015-07-09,1203.711
2015-07-10,1220.335
2015-07-13,1229.778
2015-07-14,1236.766
2015-07-15,1235.614
2015-07-16,1244.348
2015-07-17,1239.49
2015-07-20,1237.838
2015-07-21,1234.633
2015-07-22,1227.456
2015-07-23,1223.736
2015-07-24,1211.255
2015-07-27,1204.051
2015-07-28,1212.308
2015-07-29,1223.398
2015-07-30,1223.943
2015-07-31,1227.208
2015-08-03,1223.656
2015-08-04,1221.695
2015-08-05,1224.581
2015-08-06,1221.586
2015-08-07,1217.49
2015-08-10,1231.564
2015-08-11,1220.653
2015-08-12,1217.052
2015-08-13,1215.229
2015-08-14,1217.373
2015-08-17,1220.372
2015-08-18,1216.605
2015-08-19,1203.436
2015-08-20,1186.428
2015-08-21,1157.314
2015-08-24,1112.132
2015-08-25,1105.192
2015-08-26,1126.088
2015-08-27,1150.61
2015-08-28,1157.224
2015-08-31,1150.941
2015-09-01,1119.038
2015-09-02,1126.766
2015-09-03,1133.333
2015-09-04,1113.291
2015-09-07,1115.212
2015-09-08,1135.734
2015-09-09,1136.478
2015-09-10,1133.275
2015-09-11,1133.851
2015-09-14,1129.196
2015-09-15,1138.724
2015-09-16,1152.942
2015-09-17,1151.359
2015-09-18,1134.752
2015-09-21,1133.77
2015-09-22,1114.975
2015-09-23,1111.784
2015-09-24,1106.855
2015-09-25,1113.926
2015-09-28,1093.262
2015-09-29,1088.854
2015-09-30,1108.39
2015-10-01,1111.152
2015-10-02,1123.839
2015-10-05,1147.617
2015-10-06,1153.585
2015-10-07,1165.958
2015-10-08,1174.258
2015-10-09,1179.984
2015-10-12,1179.3
2015-10-13,1169.293
2015-10-14,1164.318
2015-10-15,1179.322
2015-10-16,1184.693
2015-10-19,1180.219
2015-10-20,1179.947
2015-10-21,1176.581
2015-10-22,1189.283
2015-10-23,1199.097
2015-10-26,1195.912
2015-10-27,1186.774
2015-10-28,1200.57
2015-10-29,1192.059
2015-10-30,1191.242
2015-11-02,1198.393
2015-11-03,1200.581
2015-11-04,1198.266
2015-11-05,1195.709
2015-11-06,1191.209
2015-11-09,1182.305
2015-11-10,1182.135
2015-11-11,1182.449
2015-11-12,1166.215
2015-11-13,1157.102
2015-11-16,1167.315
2015-11-17,1171.449
2015-11-18,1181.114
2015-11-19,1188.031
2015-11-20,1187.028
2015-11-23,1183.706
2015-11-24,1184.463
2015-11-25,1184.532
2015-11-26,1188.766
2015-11-27,1186.771
2015-11-30,1183.985
2015-12-01,1194.776
2015-12-02,1183.177
2015-12-03,1172.109
2015-12-04,1181.346
2015-12-07,1172.441
2015-12-08,1158.105
2015-12-09,1157.615
2015-12-10,1156.45
2015-12-11,1138.605
2015-12-14,1132.126
2015-12-15,1144.635
2015-12-16,1159.777
2015-12-17,1150.612
2015-12-18,1137.117
2015-12-21,1140.698
2015-12-22,1149.957
2015-12-23,1167.738
2015-12-24,1169.746
2015-12-25,1168.956
2015-12-28,1165.935
2015-12-29,1175.595
2015-12-30,1168.865
2015-12-31,1159.831
2016-01-01,1159.831
2016-01-04,1140.183
2016-01-05,1140.914
2016-01-06,1124.992
2016-01-07,1101.193
2016-01-08,1089.655
2016-01-11,1086.603
2016-01-12,1086.116
2016-01-13,1076.607
2016-01-14,1081.298
2016-01-15,1061.302
2016-01-18,1055.372
2016-01-19,1057.756
2016-01-20,1035.638
2016-01-21,1040.659
2016-01-22,1067.801
2016-01-25,1054.603
2016-01-26,1068.155
2016-01-27,1069.042
2016-01-28,1071.512
2016-01-29,1091.965
2016-02-01,1091.891
2016-02-02,1071.328
2016-02-03,1075.246
2016-02-04,1084.803
2016-02-05,1073.253
2016-02-08,1057.485
2016-02-09,1046.936
2016-02-10,1042.972
2016-02-11,1028.543
2016-02-12,1043.965
2016-02-15,1056.292
2016-02-16,1067.551
2016-02-17,1083.643
2016-02-18,1085.508
2016-02-19,1079.587
2016-02-22,1094.242
2016-02-23,1080.919
2016-02-24,1075.962
2016-02-25,1090.637
2016-02-26,1091.68
2016-02-29,1087.596
2016-03-01,1105.034
2016-03-02,1119.022
2016-03-03,1129.724
2016-03-04,1138.548
2016-03-07,1141.819
2016-03-08,1129.222
2016-03-09,1133.45
2016-03-10,1132.558
2016-03-11,1154.401
2016-03-14,1153.826
2016-03-15,1146.754
2016-03-16,1148.691
2016-03-17,1167.767
2016-03-18,1169.943
2016-03-21,1167.335
2016-03-22,1166.41
2016-03-23,1154.957
2016-03-24,1148.1
2016-03-25,1149.318
2016-03-28,1151.83
2016-03-29,1157.416
2016-03-30,1169.143
2016-03-31,1165.831
2016-04-01,1158.214
2016-04-04,1158.003
2016-04-05,1140.038
2016-04-06,1148.842
2016-04-07,1140.983
2016-04-08,1150.859
2016-04-11,1152.97
2016-04-12,1163.791
2016-04-13,1180.847
2016-04-14,1185.117
2016-04-15,1183.929
2016-04-18,1187.523
2016-04-19,1202.853
2016-04-20,1205.122
2016-04-21,1200.94
2016-04-22,1201.317
2016-04-25,1197.43
2016-04-26,1202.015
2016-04-27,1205.569
2016-04-28,1200.559
2016-04-29,1195.974
2016-05-02,1198.35
2016-05-03,1184.006
2016-05-04,1173.442
2016-05-05,1171.698
2016-05-06,1173.967
2016-05-09,1170.03
2016-05-10,1184.309
2016-05-11,1180.495
2016-05-12,1178.859
2016-05-13,1167.77
2016-05-16,1177.232
2016-05-17,1173.846
2016-05-18,1173.831
2016-05-19,1164.964
2016-05-20,1173.369
2016-05-23,1170.875
2016-05-24,1183.403
2016-05-25,1196.584
2016-05-26,1198.559
2016-05-27,1201.271
2016-05-30,1201.638
2016-05-31,1200.031
2016-06-01,1198.025
2016-06-02,1198.62
2016-06-03,1201.627
2016-06-06,1209.255
2016-06-07,1216.944
2016-06-08,1221.11
2016-06-09,1212.67
2016-06-10,1195.233
2016-06-13,1180.66
2016-06-14,1168.02
2016-06-15,1170.72
2016-06-16,1166.596
2016-06-17,1177.035
2016-06-20,1198.396
2016-06-21,1201.718
2016-06-22,1200.491
2016-06-23,1220.368
2016-06-24,1155.056
2016-06-27,1123.998
2016-06-28,1143.647
2016-06-29,1169.939
2016-06-30,1185.204
2016-07-01,1189.733
2016-07-04,1189.67
2016-07-05,1176.035
2016-07-06,1171.479
2016-07-07,1172.707
2016-07-08,1187.172
2016-07-11,1198.087
2016-07-12,1211.903
2016-07-13,1215.813
2016-07-14,1222.43
2016-07-15,1221.68
2016-07-18,1223.066
2016-07-19,1218.364
2016-07-20,1223.464
2016-07-21,1223.737
2016-07-22,1225.015
2016-07-25,1222.095
2016-07-26,1223.478
2016-07-27,1223.098
2016-07-28,1221.97
2016-07-29,1232.827
2016-08-01,1226.153
2016-08-02,1217.176
2016-08-03,1216.656
2016-08-04,1221.326
2016-08-05,1229.748
2016-08-08,1235.598
2016-08-09,1240.903
2016-08-10,1239.208
2016-08-11,1245.263
2016-08-12,1245.186
2016-08-15,1247.695
2016-08-16,1242.503
2016-08-17,1244.522
2016-08-18,1250.473
2016-08-19,1246.345
2016-08-22,1246.04
2016-08-23,1250.712
2016-08-24,1247.164
2016-08-25,1245.838
2016-08-26,1244.54
2016-08-29,1245.909
2016-08-30,1246.296
2016-08-31,1244.293
2016-09-01,1246.753
2016-09-02,1255.517
2016-09-05,1258.048
2016-09-06,1263.794
2016-09-07,1265.599
2016-09-08,1266.489
2016-09-09,1240.726
2016-09-12,1244.702
2016-09-13,1226.254
2016-09-14,1222.439
2016-09-15,1230.673
2016-09-16,1223.86
2016-09-19,1230.252
2016-09-20,1228.462
2016-09-21,1244.041
2016-09-22,1257.982
2016-09-23,1249.681
2016-09-26,1238.333
2016-09-27,1239.832
2016-09-28,1247.849
2016-09-29,1245.659
2016-09-30,1250.063
2016-10-03,1247.522
2016-10-04,1243.489
2016-10-05,1249.242
2016-10-06,1247.649
2016-10-07,1244.494
2016-10-10,1250.358
2016-10-11,1236.579
2016-10-12,1232.866
2016-10-13,1227.931
2016-10-14,1230.864
2016-10-17,1227.577
2016-10-18,1237.055
2016-10-19,1241.994
2016-10-20,1240.604
2016-10-21,1238.427
2016-10-24,1241.59
2016-10-25,1240.443
2016-10-26,1241.264
2016-10-27,1237.348
2016-10-28,1236.45
2016-10-31,1237.569
2016-11-01,1232.565
2016-11-02,1222.853
2016-11-03,1221.72
2016-11-04,1216.208
2016-11-07,1234.714
2016-11-08,1239.605
2016-11-09,1246.595
2016-11-10,1257.465
2016-11-11,1256.236
2016-11-14,1258.93
2016-11-15,1266.26
2016-11-16,1261.314
2016-11-17,1265.667
2016-11-18,1259.745
2016-11-21,1269.329
2016-11-22,1273.433
2016-11-23,1271.81
2016-11-24,1274.528
2016-11-25,1279.641
2016-11-28,1273.376
2016-11-29,1273.706
2016-11-30,1276.658
2016-12-01,1279.719
2016-12-02,1280.302
2016-12-05,1288.271
2016-12-06,1298.934
2016-12-07,1317.853
2016-12-08,1323.528
2016-12-09,1327.342
2016-12-12,1328.008
2016-12-13,1336.332
2016-12-14,1326.719
2016-12-15,1320.92
2016-12-16,1321.891
2016-12-19,1324.287
2016-12-20,1327.255
2016-12-21,1326.042
2016-12-22,1324.641
2016-12-23,1325.853
2016-12-26,1324.915
2016-12-27,1326.003
2016-12-28,1318.554
2016-12-29,1320.517
2016-12-30,1320.945
2017-01-02,1322.503
2017-01-03,1326.991
2017-01-04,1340.337
2017-01-05,1343.572
2017-01-06,1341.146
2017-01-09,1332.877
2017-01-10,1335.277
2017-01-11,1334.866
2017-01-12,1338.113
2017-01-13,1341.328
2017-01-16,1337.263
2017-01-17,1335.642
2017-01-18,1337.497
2017-01-19,1329.139
2017-01-20,1335.46
2017-01-23,1332.973
2017-01-24,1340.778
2017-01-25,1352.743
2017-01-26,1350.518
2017-01-27,1349.2
2017-01-30,1339.443
2017-01-31,1340.215
2017-02-01,1339.25
2017-02-02,1340.583
2017-02-03,1350.28
2017-02-06,1343.993
2017-02-07,1341.432
2017-02-08,1343.579
2017-02-09,1348.085
2017-02-10,1353.993
2017-02-13,1361.512
2017-02-14,1363.56
2017-02-15,1371.229
2017-02-16,1374.271
2017-02-17,1370.942
2017-02-20,1371.821
2017-02-21,1376.293
2017-02-22,1374.694
2017-02-23,1378.656
2017-02-24,1373.483
2017-02-27,1373.845
2017-02-28,1371.773
2017-03-01,1386.152
2017-03-02,1379.32
2017-03-03,1380.243
2017-03-06,1377.203
2017-03-07,1372.782
2017-03-08,1367.226
2017-03-09,1367.796
2017-03-10,1374.909
2017-03-13,1377.281
2017-03-14,1371.131
2017-03-15,1380.334
2017-03-16,1388.377
2017-03-17,1387.043
2017-03-20,1383.849
2017-03-21,1372.328
2017-03-22,1367.201
2017-03-23,1370.375
2017-03-24,1370.139
2017-03-27,1368.746
2017-03-28,1380.455
2017-03-29,1378.963
2017-03-30,1383.842
2017-03-31,1378.939
2017-04-03,1373.181
2017-04-04,1373.905
2017-04-05,1369.993
2017-04-06,1371.833
2017-04-07,1370.276
2017-04-10,1371.292
2017-04-11,1373.489
2017-04-12,1368.298
2017-04-13,1358.625
2017-04-14,1358.093
2017-04-17,1368.296
2017-04-18,1361.623
2017-04-19,1359.423
2017-04-20,1368.241
2017-04-21,1364.401
2017-04-24,1388.179
2017-04-25,1396.833
2017-04-26,1397.419
2017-04-27,1393.448
2017-04-28,1388.973
2017-05-01,1391.338
2017-05-02,1392.412
2017-05-03,1390.735
2017-05-04,1392.099
2017-05-05,1400.182
2017-05-08,1400.243
2017-05-09,1394.513
2017-05-10,1397.735
2017-05-11,1393.346
2017-05-12,1392.476
2017-05-15,1400.45
2017-05-16,1404.197
2017-05-17,1386.802
2017-05-18,1383.507
2017-05-19,1394.636
2017-05-22,1401.388
2017-05-23,1404.552
2017-05-24,1403.934
2017-05-25,1406.166
2017-05-26,1403.144
2017-05-29,1402.749
2017-05-30,1400.369
2017-05-31,1400.248
2017-06-01,1410.107
2017-06-02,1416.854
2017-06-05,1413.392
2017-06-06,1410.596
2017-06-07,1411.418
2017-06-08,1412.631
2017-06-09,1420.282
2017-06-12,1421.275
2017-06-13,1426.794
2017-06-14,1427.388
2017-06-15,1417.004
2017-06-16,1422.4
2017-06-19,1429.125
2017-06-20,1417.996
2017-06-21,1411.998
2017-06-22,1413.421
2017-06-23,1415.576
2017-06-26,1419.351
2017-06-27,1415.466
2017-06-28,1426.979
2017-06-29,1423.818
2017-06-30,1420.939
2017-07-03,1429.887
2017-07-04,1429.559
2017-07-05,1427.223
2017-07-06,1419.602
2017-07-07,1420.563
2017-07-10,1420.992
2017-07-11,1419.344
2017-07-12,1429.867
2017-07-13,1433.429
2017-07-14,1440.187
2017-07-17,1440.978
2017-07-18,1439.81
2017-07-19,1446.321
2017-07-20,1450.01
2017-07-21,1445.356
2017-07-24,1442.021
2017-07-25,1450.292
2017-07-26,1448.831
2017-07-27,1451.911
2017-07-28,1450.316
2017-07-31,1453.685
2017-08-01,1460.685
2017-08-02,1459.074
2017-08-03,1457.842
2017-08-04,1457.298
2017-08-07,1459.169
2017-08-08,1456.399
2017-08-09,1451.686
2017-08-10,1438.505
2017-08-11,1433.149
2017-08-14,1443.506
2017-08-15,1440.191
2017-08-16,1443.135
2017-08-17,1430.062
2017-08-18,1426.27
2017-08-21,1427.532
2017-08-22,1433.842
2017-08-23,1433.422
2017-08-24,1432.268
2017-08-25,1437.292
2017-08-28,1437.277
2017-08-29,1434.459
2017-08-30,1434.626
2017-08-31,1443.161
2017-09-01,1449.056
2017-09-04,1447.015
2017-09-05,1438.691
2017-09-06,1442.085
2017-09-07,1443.593
2017-09-08,1444.798
2017-09-11,1458.979
2017-09-12,1465.974
2017-09-13,1465.823
2017-09-14,1465.564
2017-09-15,1469.698
2017-09-18,1473.321
2017-09-19,1478.854
2017-09-20,1481.577
2017-09-21,1477.201
2017-09-22,1481.547
2017-09-25,1481.529
2017-09-26,1477.003
2017-09-27,1480.939
2017-09-28,1485.257
2017-09-29,1489.645
2017-10-02,1493.847
2017-10-03,1497.501
2017-10-04,1496.57
2017-10-05,1500.502
2017-10-06,1498.467
2017-10-09,1497.292
2017-10-10,1504.662
2017-10-11,1505.39
2017-10-12,1502.959
2017-10-13,1505.314
2017-10-16,1506.876
2017-10-17,1503.988
2017-10-18,1507.463
2017-10-19,1511.281
2017-10-20,1513.262
2017-10-23,1509.215
2017-10-24,1510.654
2017-10-25,1503.712
2017-10-26,1505.207
2017-10-27,1505.198
2017-10-30,1503.801
2017-10-31,1504.136
2017-11-01,1508.447
2017-11-02,1511.708
2017-11-03,1509.882
2017-11-06,1509.55
2017-11-07,1507.899
2017-11-08,1509.586
2017-11-09,1504.99
2017-11-10,1502.532
2017-11-13,1498.193
2017-11-14,1494.967
2017-11-15,1488.351
2017-11-16,1497.403
2017-11-17,1496.564
2017-11-20,1497.825
2017-11-21,1503.722
2017-11-22,1507.267
2017-11-23,1509.574
2017-11-24,1512.908
2017-11-27,1509.158
2017-11-28,1520.369
2017-11-29,1529.432
2017-11-30,1536.497
2017-12-01,1532.306
2017-12-04,1537.432
2017-12-05,1530.293
2017-12-06,1523.591
2017-12-07,1526.044
2017-12-08,1533.649
2017-12-11,1539.307
2017-12-12,1542.542
2017-12-13,1542.465
2017-12-14,1535.9
2017-12-15,1541.101
2017-12-18,1554.758
2017-12-19,1548.691
2017-12-20,1549.383
2017-12-21,1554.468
2017-12-22,1553.967
2017-12-25,1554.021
2017-12-26,1554.335
2017-12-27,1557.272
2017-12-28,1560.711
2017-12-29,1559.102
2018-01-01,1559.124
2018-01-02,1566.984
2018-01-03,1570.234
2018-01-04,1582.881
2018-01-05,1589.991
2018-01-08,1590.825
2018-01-09,1593.151
2018-01-10,1596.048
2018-01-11,1604.726
2018-01-12,1613.856
2018-01-15,1620.463
2018-01-16,1615.627
2018-01-17,1621.462
2018-01-18,1617.334
2018-01-19,1624.112
2018-01-22,1634.697
2018-01-23,1638.622
2018-01-24,1643.01
2018-01-25,1645.292
2018-01-26,1652.948
2018-01-29,1642.392
2018-01-30,1625.65
2018-01-31,1622.295
2018-02-01,1624.161
2018-02-02,1595.106
2018-02-05,1545.32
2018-02-06,1537.301
2018-02-07,1540.881
2018-02-08,1504.758
2018-02-09,1506.876
2018-02-12,1522.823
2018-02-13,1525.243
2018-02-14,1541.54
2018-02-15,1556.828
2018-02-16,1563.434
2018-02-19,1563.172
2018-02-20,1552.248
2018-02-21,1545.197
2018-02-22,1544.104
2018-02-23,1561.313
2018-02-26,1573.437
2018-02-27,1559.812
2018-02-28,1541.687
2018-03-01,1524.735
2018-03-02,1524.463
2018-03-05,1536.027
2018-03-06,1544.372
2018-03-07,1541.527
2018-03-08,1546.276
2018-03-09,1560.919
2018-03-12,1564.763
2018-03-13,1559.366
2018-03-14,1549.908
2018-03-15,1548.331
2018-03-16,1551.599
2018-03-19,1536.086
2018-03-20,1534.147
2018-03-21,1535.642
2018-03-22,1511.111
2018-03-23,1485.911
2018-03-26,1506.364
2018-03-27,1502.96
2018-03-28,1503.019
2018-03-29,1513.127
2018-03-30,1513.869
2018-04-02,1493.836
2018-04-03,1502.615
2018-04-04,1511.933
2018-04-05,1525.915
2018-04-06,1508.803
2018-04-09,1515.008
2018-04-10,1535.682
2018-04-11,1531.608
2018-04-12,1537.123
2018-04-13,1536.951
2018-04-16,1545.285
2018-04-17,1551.496
2018-04-18,1554.959
2018-04-19,1552.014
2018-04-20,1542.991
2018-04-23,1543.497
2018-04-24,1538.594
2018-04-25,1535.065
2018-04-26,1540.805
2018-04-27,1544.029
2018-04-30,1535.473
2018-05-01,1530.087
2018-05-02,1523.031
2018-05-03,1517.502
2018-05-04,1528.518
2018-05-07,1532.736
2018-05-08,1530.499
2018-05-09,1541.587
2018-05-10,1551.887
2018-05-11,1559.148
2018-05-14,1562.021
2018-05-15,1553.078
2018-05-16,1553.836
2018-05-17,1557.202
2018-05-18,1551.753
2018-05-21,1558.511
2018-05-22,1559.545
2018-05-23,1551.883
2018-05-24,1545.659
2018-05-25,1537.96
2018-05-28,1534.531
2018-05-29,1514.999
2018-05-30,1529.648
2018-05-31,1522.561
2018-06-01,1532.888
2018-06-04,1540.699
2018-06-05,1535.793
2018-06-06,1549.239
2018-06-07,1554.497
2018-06-08,1553.755
2018-06-11,1558.097
2018-06-12,1556.568
2018-06-13,1551.015
2018-06-14,1551.453
2018-06-15,1544.047
2018-06-18,1537.184
2018-06-19,1530.463
2018-06-20,1532.97
2018-06-21,1524.424
2018-06-22,1535.234
2018-06-25,1519.019
2018-06-26,1519.842
2018-06-27,1512.46
2018-06-28,1514.523
2018-06-29,1520.245
2018-07-02,1512.96
2018-07-03,1516.513
2018-07-04,1517.889
2018-07-05,1528.044
2018-07-06,1538.663
2018-07-09,1550.42
2018-07-10,1553.119
2018-07-11,1537.145
2018-07-12,1540.657
2018-07-13,1540.327
2018-07-16,1539.756
2018-07-17,1541.804
2018-07-18,1543.637
2018-07-19,1540.366
2018-07-20,1542.053
2018-07-23,1544.667
2018-07-24,1553.239
2018-07-25,1557.134
2018-07-26,1564.544
2018-07-27,1564.642
2018-07-30,1567.844
2018-07-31,1571.841
2018-08-01,1564.603
2018-08-02,1558.452
2018-08-03,1565.782
2018-08-06,1565.094
2018-08-07,1572.161
2018-08-08,1571.016
2018-08-09,1568.618
2018-08-10,1551.847
2018-08-13,1539.985
2018-08-14,1546.474
2018-08-15,1533.304
2018-08-16,1547.643
2018-08-17,1554.677
2018-08-20,1559.737
2018-08-21,1565.142
2018-08-22,1566.168
2018-08-23,1559.211
2018-08-24,1565.173
2018-08-27,1576.078
2018-08-28,1577.0
2018-08-29,1579.903
2018-08-30,1572.069
2018-08-31,1566.801
2018-09-03,1565.152
2018-09-04,1557.074
2018-09-05,1558.592
2018-09-06,1553.293
2018-09-07,1547.979
2018-09-10,1552.128
2018-09-11,1551.859
2018-09-12,1556.562
2018-09-13,1562.68
2018-09-14,1566.376
2018-09-17,1568.135
2018-09-18,1575.805
2018-09-19,1581.675
2018-09-20,1595.514
2018-09-21,1600.741
2018-09-24,1591.735
2018-09-25,1589.821
2018-09-26,1584.062
2018-09-27,1580.932
2018-09-28,1577.438
2018-10-01,1578.553
2018-10-02,1578.593
2018-10-03,1578.646
2018-10-04,1574.864
2018-10-05,1567.121
2018-10-08,1566.625
2018-10-09,1562.27
2018-10-10,1539.209
2018-10-11,1502.98
2018-10-12,1505.968
2018-10-15,1504.735
2018-10-16,1525.857
2018-10-17,1526.662
2018-10-18,1513.905
2018-10-19,1514.037
2018-10-22,1503.05
2018-10-23,1489.157
2018-10-24,1462.398
2018-10-25,1469.544
2018-10-26,1456.567
2018-10-29,1461.82
2018-10-30,1477.06
2018-10-31,1487.149
2018-11-01,1498.558
2018-11-02,1497.419
2018-11-05,1506.262
2018-11-06,1513.488
2018-11-07,1532.151
2018-11-08,1532.957
2018-11-09,1521.239
2018-11-12,1501.838
2018-11-13,1499.207
2018-11-14,1491.171
2018-11-15,1497.621
2018-11-16,1504.182
2018-11-19,1499.021
2018-11-20,1475.702
2018-11-21,1478.857
2018-11-22,1478.198
2018-11-23,1471.744
2018-11-26,1486.869
2018-11-27,1487.855
2018-11-28,1502.224
2018-11-29,1505.497
2018-11-30,1510.278
2018-12-03,1523.979
2018-12-04,1489.793
2018-12-05,1484.263
2018-12-06,1468.776
2018-12-07,1455.315
2018-12-10,1440.259
2018-12-11,1439.691
2018-12-12,1453.207
2018-12-13,1452.275
2018-12-14,1432.846
2018-12-17,1414.202
2018-12-18,1405.571
2018-12-19,1396.661
2018-12-20,1377.987
2018-12-21,1361.85
2018-12-24,1336.3
2018-12-25,1330.95
2018-12-26,1365.691
2018-12-27,1373.449
2018-12-28,1381.728
2018-12-31,1390.616
2019-01-01,1390.662
2019-01-02,1389.548
2019-01-03,1377.827
2019-01-04,1412.786
2019-01-07,1423.028
2019-01-08,1434.079
2019-01-09,1442.735
2019-01-10,1449.137
2019-01-11,1451.008
2019-01-14,1446.199
2019-01-15,1452.574
2019-01-16,1456.759
2019-01-17,1463.11
2019-01-18,1481.737
2019-01-21,1481.935
2019-01-22,1466.788
2019-01-23,1468.053
2019-01-24,1469.846
2019-01-25,1481.244
2019-01-28,1473.983
2019-01-29,1477.761
2019-01-30,1486.518
2019-01-31,1496.723
2019-02-01,1498.17
2019-02-04,1500.681
2019-02-05,1507.333
2019-02-06,1506.598
2019-02-07,1492.41
2019-02-08,1486.098
2019-02-11,1487.651
2019-02-12,1503.026
2019-02-13,1508.99
2019-02-14,1503.057
2019-02-15,1520.319
2019-02-18,1524.797
2019-02-19,1528.709
2019-02-20,1536.145
2019-02-21,1531.206
2019-02-22,1536.41
2019-02-25,1539.542
2019-02-26,1538.325
2019-02-27,1540.444
2019-02-28,1536.286
2019-03-01,1540.857
2019-03-04,1537.339
2019-03-05,1534.019
2019-03-06,1526.663
2019-03-07,1515.454
2019-03-08,1506.819
2019-03-11,1522.624
2019-03-12,1528.214
2019-03-13,1536.703
2019-03-14,1537.226
2019-03-15,1545.828
2019-03-18,1553.77
2019-03-19,1553.522
2019-03-20,1542.033
2019-03-21,1550.659
2019-03-22,1528.201
2019-03-25,1521.735
2019-03-26,1534.923
2019-03-27,1531.568
2019-03-28,1530.921
2019-03-29,1537.928
2019-04-01,1557.099
2019-04-02,1555.446
2019-04-03,1562.999
2019-04-04,1565.302
2019-04-05,1570.278
2019-04-08,1571.682
2019-04-09,1562.561
2019-04-10,1566.535
2019-04-11,1567.04
2019-04-12,1576.828
2019-04-15,1577.324
2019-04-16,1581.003
2019-04-17,1580.278
2019-04-18,1577.54
2019-04-19,1577.207
2019-04-22,1575.565
2019-04-23,1581.719
2019-04-24,1575.549
2019-04-25,1569.521
2019-04-26,1575.292
2019-04-29,1577.214
2019-04-30,1583.226
2019-05-01,1576.176
2019-05-02,1570.576
2019-05-03,1582.291
2019-05-06,1574.836
2019-05-07,1553.652
2019-05-08,1547.612
2019-05-09,1539.711
2019-05-10,1546.309
2019-05-13,1521.557
2019-05-14,1530.259
2019-05-15,1533.492
2019-05-16,1543.005
2019-05-17,1536.116
2019-05-20,1531.909
2019-05-21,1541.038
2019-05-22,1534.208
2019-05-23,1517.679
2019-05-24,1524.411
2019-05-27,1525.577
2019-05-28,1512.622
2019-05-29,1500.638
2019-05-30,1498.475
2019-05-31,1483.921
2019-06-03,1493.474
2019-06-04,1517.659
2019-06-05,1526.136
2019-06-06,1530.599
2019-06-07,1541.413
2019-06-10,1545.146
2019-06-11,1549.508
2019-06-12,1544.696
2019-06-13,1547.666
2019-06-14,1543.198
2019-06-17,1540.009
2019-06-18,1552.769
2019-06-19,1559.562
2019-06-20,1573.34
2019-06-21,1570.659
2019-06-24,1569.058
2019-06-25,1562.8
2019-06-26,1558.198
2019-06-27,1565.39
2019-06-28,1575.64
2019-07-01,1584.26
2019-07-02,1586.887
2019-07-03,1597.448
2019-07-04,1599.538
2019-07-05,1593.659
2019-07-08,1585.809
2019-07-09,1583.122
2019-07-10,1586.893
2019-07-11,1588.387
2019-07-12,1594.014
2019-07-15,1592.864
2019-07-16,1589.095
2019-07-17,1579.905
2019-07-18,1581.825
2019-07-19,1579.998
2019-07-22,1579.272
2019-07-23,1589.428
2019-07-24,1595.404
2019-07-25,1588.19
2019-07-26,1591.12
2019-07-29,1589.805
2019-07-30,1585.116
2019-07-31,1573.823
2019-08-01,1558.985
2019-08-02,1544.11
2019-08-05,1509.934
2019-08-06,1515.154
2019-08-07,1514.037
2019-08-08,1534.846
2019-08-09,1526.859
2019-08-12,1513.538
2019-08-13,1522.851
2019-08-14,1489.739
2019-08-15,1485.105
2019-08-16,1504.984
2019-08-19,1521.729
2019-08-20,1510.345
2019-08-21,1518.587
2019-08-22,1519.606
2019-08-23,1493.672
2019-08-26,1500.271
2019-08-27,1497.75
2019-08-28,1505.146
2019-08-29,1518.358
2019-08-30,1524.068
2019-09-02,1522.211
2019-09-03,1518.218
2019-09-04,1534.743
2019-09-05,1551.616
2019-09-06,1555.686
2019-09-09,1566.029
2019-09-10,1577.389
2019-09-11,1590.331
2019-09-12,1593.041
2019-09-13,1599.511
2019-09-16,1594.659
2019-09-17,1594.182
2019-09-18,1593.058
2019-09-19,1594.595
2019-09-20,1594.122
2019-09-23,1591.521
2019-09-24,1583.411
2019-09-25,1584.634
2019-09-26,1583.197
2019-09-27,1584.245
2019-09-30,1585.2
2019-10-01,1567.868
2019-10-02,1542.07
2019-10-03,1545.712
2019-10-04,1559.94
2019-10-07,1557.516
2019-10-08,1537.737
2019-10-09,1544.642
2019-10-10,1555.121
2019-10-11,1579.596
2019-10-14,1575.275
2019-10-15,1590.129
2019-10-16,1591.323
2019-10-17,1596.385
2019-10-18,1596.215
2019-10-21,1608.877
2019-10-22,1610.813
2019-10-23,1615.063
2019-10-24,1614.187
2019-10-25,1618.249
2019-10-28,1621.964
2019-10-29,1626.098
2019-10-30,1625.129
2019-10-31,1620.483
2019-11-01,1634.073
2019-11-04,1643.218
2019-11-05,1644.91
2019-11-06,1646.262
2019-11-07,1650.516
2019-11-08,1652.004
2019-11-11,1648.931
2019-11-12,1650.287
2019-11-13,1646.24
2019-11-14,1642.248
2019-11-15,1653.548
2019-11-18,1654.109
2019-11-19,1651.995
2019-11-20,1644.474
2019-11-21,1643.377
2019-11-22,1647.384
2019-11-25,1656.766
2019-11-26,1657.035
2019-11-27,1662.41
2019-11-28,1661.845
2019-11-29,1654.495
2019-12-02,1646.851
2019-12-03,1635.132
2019-12-04,1647.108
2019-12-05,1649.418
2019-12-06,1662.836
2019-12-09,1662.163
2019-12-10,1660.335
2019-12-11,1662.674
2019-12-12,1677.634
2019-12-13,1682.854
2019-12-16,1695.198
2019-12-17,1695.861
2019-12-18,1693.309
2019-12-19,1696.715
2019-12-20,1702.443
2019-12-23,1701.0
2019-12-24,1702.028
2019-12-25,1701.329
2019-12-26,1705.184
2019-12-27,1708.53
2019-12-30,1702.834
2019-12-31,1707.548
2020-01-01,1707.559
2020-01-02,1714.367
2020-01-03,1704.747
2020-01-06,1702.879
2020-01-07,1699.963
2020-01-08,1698.896
2020-01-09,1703.885
2020-01-10,1700.451
2020-01-13,1705.629
2020-01-14,1707.846
2020-01-15,1706.898
2020-01-16,1715.719
2020-01-17,1720.176
2020-01-20,1720.401
2020-01-21,1713.243
2020-01-22,1712.101
2020-01-23,1707.096
2020-01-24,1697.559
2020-01-27,1671.84
2020-01-28,1679.981
2020-01-29,1676.862
2020-01-30,1676.821
2020-01-31,1656.212
2020-02-03,1656.683
2020-02-04,1674.699
2020-02-05,1696.851
2020-02-06,1701.145
2020-02-07,1692.146
2020-02-10,1693.176
2020-02-11,1701.584
2020-02-12,1709.483
2020-02-13,1705.213
2020-02-14,1703.314
2020-02-17,1703.236
2020-02-18,1693.011
2020-02-19,1695.524
2020-02-20,1693.48
2020-02-21,1687.48
2020-02-24,1641.925
2020-02-25,1597.641
2020-02-26,1584.426
2020-02-27,1529.429
2020-02-28,1496.704
2020-03-02,1539.863
2020-03-03,1517.887
2020-03-04,1557.528
2020-03-05,1520.874
2020-03-06,1488.743
2020-03-09,1366.559
2020-03-10,1398.836
2020-03-11,1341.926
2020-03-12,1198.676
2020-03-13,1266.664
2020-03-16,1146.323
2020-03-17,1195.091
2020-03-18,1121.099
2020-03-19,1123.374
2020-03-20,1095.252
2020-03-23,1054.247
2020-03-24,1151.658
2020-03-25,1188.732
2020-03-26,1248.335
2020-03-27,1218.462
2020-03-30,1244.3
2020-03-31,1233.098
2020-04-01,1182.893
2020-04-02,1199.732
2020-04-03,1179.325
2020-04-06,1244.883
2020-04-07,1260.094
2020-04-08,1292.852
2020-04-09,1322.954
2020-04-10,1324.32
2020-04-13,1304.419
2020-04-14,1325.547
2020-04-15,1280.983
2020-04-16,1272.997
2020-04-17,1317.75
2020-04-20,1298.471
2020-04-21,1261.557
2020-04-22,1277.467
2020-04-23,1286.09
2020-04-24,1291.901
2020-04-27,1323.853
2020-04-28,1337.715
2020-04-29,1371.048
2020-04-30,1346.532
2020-05-01,1310.759
2020-05-04,1299.22
2020-05-05,1308.86
2020-05-06,1292.319
2020-05-07,1301.684
2020-05-08,1332.683
2020-05-11,1323.363
2020-05-12,1303.131
2020-05-13,1272.882
2020-05-14,1274.708
2020-05-15,1276.727
2020-05-18,1328.449
2020-05-19,1318.672
2020-05-20,1337.968
2020-05-21,1327.211
2020-05-22,1322.665
2020-05-25,1328.971
2020-05-26,1366.956
2020-05-27,1395.468
2020-05-28,1395.986
2020-05-29,1387.542
2020-06-01,1398.952
2020-06-02,1419.311
2020-06-03,1454.874
2020-06-04,1461.025
2020-06-05,1503.576
2020-06-08,1527.569
2020-06-09,1504.427
2020-06-10,1479.212
2020-06-11,1393.632
2020-06-12,1404.551
2020-06-15,1407.296
2020-06-16,1440.063
2020-06-17,1429.431
2020-06-18,1426.667
2020-06-19,1416.875
2020-06-22,1416.019
2020-06-23,1426.129
2020-06-24,1386.009
2020-06-25,1392.678
2020-06-26,1370.552
2020-06-29,1387.637
2020-06-30,1400.545
2020-07-01,1398.371
2020-07-02,1409.684
2020-07-03,1407.877
2020-07-06,1426.578
2020-07-07,1408.4
2020-07-08,1407.674
2020-07-09,1387.682
2020-07-10,1407.012
2020-07-13,1415.082
2020-07-14,1428.592
2020-07-15,1452.829
2020-07-16,1451.555
2020-07-17,1452.455
2020-07-20,1446.173
2020-07-21,1462.848
2020-07-22,1465.813
2020-07-23,1464.691
2020-07-24,1452.977
2020-07-27,1457.716
2020-07-28,1454.686
2020-07-29,1464.424
2020-07-30,1447.026
2020-07-31,1436.13
2020-08-03,1443.826
2020-08-04,1456.432
2020-08-05,1470.173
2020-08-06,1466.554
2020-08-07,1475.179
2020-08-10,1488.95
2020-08-11,1499.359
2020-08-12,1512.696
2020-08-13,1503.403
2020-08-14,1501.451
2020-08-17,1500.225
2020-08-18,1495.663
2020-08-19,1494.516
2020-08-20,1481.154
2020-08-21,1478.885
2020-08-24,1500.822
2020-08-25,1500.894
2020-08-26,1501.681
2020-08-27,1503.62
2020-08-28,1515.342
2020-08-31,1505.932
2020-09-01,1503.53
2020-09-02,1520.556
2020-09-03,1498.373
2020-09-04,1493.598
2020-09-07,1499.603
2020-09-08,1477.021
2020-09-09,1491.551
2020-09-10,1478.944
2020-09-11,1483.066
2020-09-14,1500.49
2020-09-15,1499.883
2020-09-16,1507.29
2020-09-17,1499.091
2020-09-18,1489.636
2020-09-21,1449.376
2020-09-22,1449.973
2020-09-23,1429.743
2020-09-24,1425.146
2020-09-25,1434.607
2020-09-28,1461.874
2020-09-29,1454.025
2020-09-30,1458.61
2020-10-01,1460.117
2020-10-02,1463.323
2020-10-05,1488.994
2020-10-06,1484.439
2020-10-07,1499.055
2020-10-08,1514.96
2020-10-09,1517.966
2020-10-12,1526.388
2020-10-13,1511.53
2020-10-14,1507.004
2020-10-15,1500.842
2020-10-16,1505.229
2020-10-19,1494.897
2020-10-20,1497.569
2020-10-21,1494.992
2020-10-22,1504.45
2020-10-23,1510.669
2020-10-26,1484.102
2020-10-27,1465.984
2020-10-28,1422.193
2020-10-29,1426.018
2020-10-30,1423.988
2020-11-02,1450.97
2020-11-03,1481.421
2020-11-04,1483.869
2020-11-05,1509.182
2020-11-06,1507.909
2020-11-09,1569.233
2020-11-10,1598.445
2020-11-11,1598.212
2020-11-12,1579.997
2020-11-13,1599.552
2020-11-16,1631.886
2020-11-17,1632.161
2020-11-18,1622.799
2020-11-19,1620.633
2020-11-20,1619.142
2020-11-23,1635.487
2020-11-24,1672.852
2020-11-25,1667.516
2020-11-26,1665.274
2020-11-27,1667.264
2020-11-30,1643.11
2020-12-01,1660.989
2020-12-02,1668.858
2020-12-03,1676.784
2020-12-04,1694.784
2020-12-07,1684.999
2020-12-08,1688.859
2020-12-09,1690.713
2020-12-10,1687.772
2020-12-11,1680.711
2020-12-14,1674.232
2020-12-15,1691.609
2020-12-16,1694.237
2020-12-17,1704.448
2020-12-18,1695.53
2020-12-21,1677.408
2020-12-22,1670.38
2020-12-23,1685.601
2020-12-24,1690.22
2020-12-25,1690.781
2020-12-28,1696.267
2020-12-29,1697.873
2020-12-30,1703.619
2020-12-31,1709.374
2021-01-01,1709.374
2021-01-04,1696.351
2021-01-05,1707.621
2021-01-06,1746.115
2021-01-07,1761.446
2021-01-08,1765.224
2021-01-11,1758.367
2021-01-12,1768.306
2021-01-13,1767.934
2021-01-14,1777.319
2021-01-15,1760.797
2021-01-18,1758.557
2021-01-19,1765.939
2021-01-20,1772.382
2021-01-21,1767.154
2021-01-22,1757.531
2021-01-25,1751.782
2021-01-26,1750.376
2021-01-27,1715.251
2021-01-28,1727.051
2021-01-29,1698.171
2021-02-01,1712.397
2021-02-02,1730.947
2021-02-03,1739.126
2021-02-04,1753.125
2021-02-05,1763.956
2021-02-08,1782.738
2021-02-09,1783.859
2021-02-10,1787.262
2021-02-11,1787.377
2021-02-12,1793.663
2021-02-15,1802.625
2021-02-16,1804.898
2021-02-17,1802.19
2021-02-18,1791.872
2021-02-19,1802.054
2021-02-22,1810.018
2021-02-23,1815.583
2021-02-24,1832.43
2021-02-25,1814.438
2021-02-26,1783.446
2021-03-01,1816.72
2021-03-02,1812.744
2021-03-03,1815.866
2021-03-04,1800.282
2021-03-05,1822.04
2021-03-08,1840.807
2021-03-09,1846.631
2021-03-10,1863.563
2021-03-11,1871.088
2021-03-12,1882.836
2021-03-15,1890.017
2021-03-16,1885.272
2021-03-17,1889.173
2021-03-18,1887.289
2021-03-19,1880.435
2021-03-22,1878.483
2021-03-23,1856.631
2021-03-24,1851.521
2021-03-25,1866.118
2021-03-26,1895.403
2021-03-29,1888.714
2021-03-30,1891.398
2021-03-31,1883.382
2021-04-01,1895.165
2021-04-02,1895.347
2021-04-05,1910.633
2021-04-06,1911.35
2021-04-07,1912.82
2021-04-08,1912.187
2021-04-09,1918.137
2021-04-12,1918.876
2021-04-13,1914.932
2021-04-14,1922.031
2021-04-15,1933.222
2021-04-16,1944.368
2021-04-19,1942.46
2021-04-20,1922.194
2021-04-21,1934.037
2021-04-22,1927.333
2021-04-23,1939.843
2021-04-26,1944.981
2021-04-27,1946.147
2021-04-28,1948.112
2021-04-29,1959.532
2021-04-30,1945.058
2021-05-03,1961.361
2021-05-04,1957.645
2021-05-05,1969.923
2021-05-06,1987.922
2021-05-07,2006.433
2021-05-10,2010.82
2021-05-11,1982.537
2021-05-12,1953.957
2021-05-13,1969.112
2021-05-14,1995.009
2021-05-17,1995.847
2021-05-18,1990.444
2021-05-19,1973.045
2021-05-20,1984.27
2021-05-21,1989.37
2021-05-24,1997.997
2021-05-25,1989.574
2021-05-26,1992.84
2021-05-27,1999.419
2021-05-28,2004.505
2021-05-31,2002.12
2021-06-01,2012.645
2021-06-02,2017.945
2021-06-03,2016.59
2021-06-04,2025.063
2021-06-07,2024.49
2021-06-08,2023.842
2021-06-09,2016.774
2021-06-10,2016.608
2021-06-11,2018.9
2021-06-14,2013.957
2021-06-15,2016.186
2021-06-16,2007.822
2021-06-17,1981.64
2021-06-18,1942.323
2021-06-21,1967.789
2021-06-22,1974.251
2021-06-23,1970.087
2021-06-24,1980.346
2021-06-25,1992.904
2021-06-28,1981.331
2021-06-29,1975.794
2021-06-30,1975.456
2021-07-01,1986.099
2021-07-02,1990.492
2021-07-05,1994.326
2021-07-06,1975.457
2021-07-07,1977.564
2021-07-08,1958.301
2021-07-09,1985.727
2021-07-12,1995.475
2021-07-13,1983.288
2021-07-14,1980.685
2021-07-15,1974.917
2021-07-16,1960.837
2021-07-19,1921.274
2021-07-20,1942.799
2021-07-21,1966.311
2021-07-22,1962.535
2021-07-23,1971.538
2021-07-26,1981.528
2021-07-27,1981.565
2021-07-28,1978.85
2021-07-29,1996.366
2021-07-30,1984.505
2021-08-02,1988.444
2021-08-03,2000.426
2021-08-04,1985.751
2021-08-05,1995.473
2021-08-06,2001.835
2021-08-09,1998.697
2021-08-10,2008.776
2021-08-11,2024.521
2021-08-12,2025.329
2021-08-13,2029.034
2021-08-16,2025.991
2021-08-17,2012.038
2021-08-18,1997.545
2021-08-19,1981.015
2021-08-20,1988.231
2021-08-23,2003.669
2021-08-24,2010.593
2021-08-25,2016.126
2021-08-26,2006.281
2021-08-27,2022.035
2021-08-30,2020.834
2021-08-31,2018.971
2021-09-01,2021.697
2021-09-02,2033.305
2021-09-03,2030.476
2021-09-06,2032.707
2021-09-07,2018.15
2021-09-08,2012.112
2021-09-09,2004.946
2021-09-10,1996.245
2021-09-13,2008.142
2021-09-14,1995.162
2021-09-15,2005.151
2021-09-16,1998.817
2021-09-17,1985.19
2021-09-20,1953.653
2021-09-21,1952.165
2021-09-22,1969.192
2021-09-23,1992.103
2021-09-24,1992.326
2021-09-27,2004.425
2021-09-28,1979.979
2021-09-29,1982.477
2021-09-30,1960.953
2021-10-01,1972.786
2021-10-04,1969.881
2021-10-05,1981.723
2021-10-06,1976.941
2021-10-07,1995.571
2021-10-08,1998.486
2021-10-11,1992.08
2021-10-12,1988.047
2021-10-13,1989.944
2021-10-14,2017.299
2021-10-15,2031.201
2021-10-18,2026.173
2021-10-19,2039.701
2021-10-20,2055.506
2021-10-21,2051.132
2021-10-22,2056.994
2021-10-25,2058.885
2021-10-26,2061.601
2021-10-27,2041.016
2021-10-28,2056.129
2021-10-29,2047.867
2021-11-01,2063.706
2021-11-02,2065.027
2021-11-03,2075.286
2021-11-04,2069.886
2021-11-05,2079.902
2021-11-08,2082.939
2021-11-09,2079.13
2021-11-10,2073.053
2021-11-11,2074.107
2021-11-12,2079.255
2021-11-15,2081.54
2021-11-16,2077.386
2021-11-17,2066.807
2021-11-18,2060.504
2021-11-19,2045.355
2021-11-22,2050.306
2021-11-23,2059.452
2021-11-24,2056.733
2021-11-25,2059.271
2021-11-26,2008.017
2021-11-29,2010.298
2021-11-30,1969.732
2021-12-01,1970.507
2021-12-02,1995.061
2021-12-03,1992.017
2021-12-06,2017.204
2021-12-07,2044.888
2021-12-08,2045.419
2021-12-09,2036.571
2021-12-10,2046.643
2021-12-13,2034.443
2021-12-14,2030.323
2021-12-15,2043.591
2021-12-16,2058.667
2021-12-17,2037.275
2021-12-20,2011.955
2021-12-21,2038.904
2021-12-22,2053.85
2021-12-23,2067.678
2021-12-24,2068.205
2021-12-27,2084.642
2021-12-28,2090.474
2021-12-29,2097.541
2021-12-30,2094.334
2021-12-31,2096.655
2022-01-03,2100.136
2022-01-04,2127.055
2022-01-05,2118.464
2022-01-06,2115.813
2022-01-07,2122.176
2022-01-10,2117.721
2022-01-11,2132.165
2022-01-12,2143.779
2022-01-13,2145.312
2022-01-14,2139.23
2022-01-17,2141.082
2022-01-18,2112.598
2022-01-19,2095.76
2022-01-20,2082.551
2022-01-21,2056.034
2022-01-24,2043.508
2022-01-25,2039.934
2022-01-26,2039.65
2022-01-27,2028.211
2022-01-28,2046.699
2022-01-31,2064.426
2022-02-01,2083.001
2022-02-02,2100.93
2022-02-03,2085.308
2022-02-04,2078.7
2022-02-07,2084.814
2022-02-08,2098.059
2022-02-09,2120.665
2022-02-10,2102.018
2022-02-11,2085.51
2022-02-14,2061.238
2022-02-15,2081.354
2022-02-16,2088.938
2022-02-17,2065.688
2022-02-18,2055.844
2022-02-21,2051.332
2022-02-22,2034.109
2022-02-23,2015.821
2022-02-24,1987.195
2022-02-25,2045.781
2022-02-28,2037.451
2022-03-01,2003.782
2022-03-02,2032.099
2022-03-03,2028.328
2022-03-04,2005.34
2022-03-07,1965.927
2022-03-08,1952.116
2022-03-09,1994.156
2022-03-10,1994.004
2022-03-11,1982.786
2022-03-14,1985.248
2022-03-15,2000.75
2022-03-16,2032.725
2022-03-17,2059.93
2022-03-18,2064.27
2022-03-21,2068.609
2022-03-22,2081.008
2022-03-23,2063.117
2022-03-24,2076.473
2022-03-25,2090.853
2022-03-28,2088.091
2022-03-29,2114.086
2022-03-30,2110.471
2022-03-31,2083.134
2022-04-01,2087.568
2022-04-04,2086.771
2022-04-05,2073.581
2022-04-06,2067.241
2022-04-07,2068.444
2022-04-08,2080.418
2022-04-11,2067.731
2022-04-12,2062.702
2022-04-13,2072.479
2022-04-14,2068.165
2022-04-15,2068.067
2022-04-18,2064.47
2022-04-19,2082.379
2022-04-20,2104.774
2022-04-21,2086.902
2022-04-22,2034.716
2022-04-25,2023.244
2022-04-26,1991.452
2022-04-27,1988.082
2022-04-28,2014.702
2022-04-29,1977.412
2022-05-02,1971.409
2022-05-03,1988.108
2022-05-04,2023.248
2022-05-05,1983.979
2022-05-06,1977.404
2022-05-09,1928.773
2022-05-10,1923.038
2022-05-11,1919.044
2022-05-12,1914.492
2022-05-13,1945.301
2022-05-16,1949.732
2022-05-17,1984.176
2022-05-18,1936.046
2022-05-19,1924.088
2022-05-20,1929.769
2022-05-23,1962.681
2022-05-24,1964.436
2022-05-25,1978.005
2022-05-26,2003.146
2022-05-27,2032.194
2022-05-30,2038.101
2022-05-31,2018.899
2022-06-01,2006.501
2022-06-02,2024.753
2022-06-03,2011.014
2022-06-06,2017.293
2022-06-07,2030.674
2022-06-08,2009.73
2022-06-09,1970.625
2022-06-10,1922.158
2022-06-13,1859.229
2022-06-14,1842.458
2022-06-15,1854.521
2022-06-16,1812.984
2022-06-17,1799.562
2022-06-20,1807.077
2022-06-21,1839.673
2022-06-22,1832.484
2022-06-23,1829.482
2022-06-24,1870.274
2022-06-27,1879.053
2022-06-28,1867.949
2022-06-29,1855.168
2022-06-30,1838.166
2022-07-01,1848.431
2022-07-04,1854.608
2022-07-05,1825.195
2022-07-06,1822.417
2022-07-07,1847.972
2022-07-08,1848.849
2022-07-11,1833.98
2022-07-12,1826.405
2022-07-13,1817.353
2022-07-14,1791.906
2022-07-15,1825.329
2022-07-18,1828.019
2022-07-19,1867.982
2022-07-20,1868.322
2022-07-21,1871.228
2022-07-22,1871.485
2022-07-25,1881.488
2022-07-26,1873.315
2022-07-27,1892.361
2022-07-28,1912.746
2022-07-29,1930.122
2022-08-01,1931.956
2022-08-02,1914.303
2022-08-03,1922.52
2022-08-04,1918.289
2022-08-05,1919.078
2022-08-08,1928.362
2022-08-09,1925.728
2022-08-10,1959.747
2022-08-11,1966.76
2022-08-12,1986.156
2022-08-15,1986.099
2022-08-16,1992.8
2022-08-17,1978.926
2022-08-18,1984.669
2022-08-19,1964.136
2022-08-22,1933.979
2022-08-23,1932.892
2022-08-24,1935.316
2022-08-25,1954.583
2022-08-26,1913.243
2022-08-29,1901.067
2022-08-30,1884.046
2022-08-31,1871.808
2022-09-01,1862.195
2022-09-02,1861.854
2022-09-05,1856.002
2022-09-06,1847.488
2022-09-07,1863.879
2022-09-08,1880.552
2022-09-09,1908.847
2022-09-12,1933.436
2022-09-13,1875.397
2022-09-14,1872.075
2022-09-15,1861.723
2022-09-16,1849.163
2022-09-19,1856.662
2022-09-20,1835.852
2022-09-21,1810.888
2022-09-22,1796.904
2022-09-23,1755.848
2022-09-26,1726.026
2022-09-27,1718.187
2022-09-28,1741.83
2022-09-29,1722.421
2022-09-30,1710.079
2022-10-03,1750.611
2022-10-04,1807.022
2022-10-05,1795.71
2022-10-06,1776.275
2022-10-07,1745.244
2022-10-10,1733.167
2022-10-11,1726.907
2022-10-12,1717.99
2022-10-13,1756.561
2022-10-14,1737.576
2022-10-17,1769.633
2022-10-18,1787.708
2022-10-19,1774.366
2022-10-20,1765.574
2022-10-21,1789.834
2022-10-24,1812.22
2022-10-25,1837.035
2022-10-26,1851.832
2022-10-27,1856.015
2022-10-28,1880.622
2022-10-31,1875.575
2022-11-01,1883.289
2022-11-02,1859.154
2022-11-03,1846.273
2022-11-04,1877.246
2022-11-07,1896.225
2022-11-08,1909.162
2022-11-09,1880.258
2022-11-10,1951.065
2022-11-11,1966.445
2022-11-14,1953.904
2022-11-15,1967.483
2022-11-16,1955.123
2022-11-17,1947.604
2022-11-18,1965.37
2022-11-21,1958.981
2022-11-22,1986.325
2022-11-23,1995.771
2022-11-24,2002.184
2022-11-25,2006.223
2022-11-28,1979.263
2022-11-29,1984.93
2022-11-30,2011.088
2022-12-01,2020.859
2022-12-02,2015.907
2022-12-05,1989.832
2022-12-06,1971.743
2022-12-07,1969.019
2022-12-08,1976.856
2022-12-09,1971.008
2022-12-12,1985.368
2022-12-13,2004.885
2022-12-14,1998.207
2022-12-15,1958.506
2022-12-16,1937.618
2022-12-19,1930.632
2022-12-20,1939.293
2022-12-21,1964.158
2022-12-22,1949.0
2022-12-23,1960.461
2022-12-26,1960.765
2022-12-27,1965.295
2022-12-28,1946.603
2022-12-29,1967.21
2022-12-30,1961.228
2023-01-02,1965.268
2023-01-03,1962.903
2023-01-04,1982.214
2023-01-05,1966.002
2023-01-06,2007.255
2023-01-09,2009.082
2023-01-10,2011.713
2023-01-11,2026.434
2023-01-12,2042.883
2023-01-13,2050.993
2023-01-16,2050.252
2023-01-17,2045.615
2023-01-18,2024.199
2023-01-19,2004.252
2023-01-20,2026.293
2023-01-23,2041.683
2023-01-24,2044.757
2023-01-25,2048.395
2023-01-26,2057.903
2023-01-27,2057.517
2023-01-30,2044.289
2023-01-31,2062.976
2023-02-01,2073.561
2023-02-02,2080.955
2023-02-03,2063.755
2023-02-06,2046.852
2023-02-07,2061.306
2023-02-08,2052.555
2023-02-09,2044.584
2023-02-10,2050.284
2023-02-13,2064.405
2023-02-14,2061.679
2023-02-15,2059.819
2023-02-16,2050.179
2023-02-17,2048.288
2023-02-20,2051.931
2023-02-21,2024.675
2023-02-22,2014.481
2023-02-23,2017.514
2023-02-24,2003.355
2023-02-27,2011.016
2023-02-28,2006.079
2023-03-01,2004.633
2023-03-02,2011.068
2023-03-03,2033.177
2023-03-06,2034.973
2023-03-07,2003.241
2023-03-08,2001.782
2023-03-09,1972.669
2023-03-10,1947.911
2023-03-13,1921.738
2023-03-14,1936.649
2023-03-15,1898.518
2023-03-16,1914.692
2023-03-17,1889.851
2023-03-20,1912.535
2023-03-21,1934.848
2023-03-22,1911.929
2023-03-23,1908.951
2023-03-24,1907.461
2023-03-27,1923.335
2023-03-28,1931.543
2023-03-29,1953.373
2023-03-30,1967.476
2023-03-31,1985.324
2023-04-03,2000.54
2023-04-04,1990.887
2023-04-05,1990.116
2023-04-06,1991.95
2023-04-07,1992.29
2023-04-10,1993.155
2023-04-11,2008.468
2023-04-12,2009.769
2023-04-13,2022.989
2023-04-14,2020.776
2023-04-17,2025.105
2023-04-18,2030.563
2023-04-19,2030.337
2023-04-20,2021.673
2023-04-21,2018.061
2023-04-24,2023.776
2023-04-25,2001.769
2023-04-26,1986.921
2023-04-27,2003.651
2023-04-28,2019.864
2023-05-01,2018.495
2023-05-02,1989.634
2023-05-03,1982.77
2023-05-04,1967.988
2023-05-05,1999.052
2023-05-08,1999.708
2023-05-09,1992.489
2023-05-10,1990.412
2023-05-11,1979.365
2023-05-12,1977.724
2023-05-15,1986.895
2023-05-16,1965.79
2023-05-17,1979.764
2023-05-18,1984.338
2023-05-19,1986.558
2023-05-22,1987.216
2023-05-23,1977.882
2023-05-24,1954.442
2023-05-25,1941.587
2023-05-26,1955.166
2023-05-29,1958.067
2023-05-30,1950.703
2023-05-31,1931.332
2023-06-01,1948.535
2023-06-02,1987.47
2023-06-05,1981.703
2023-06-06,1991.82
2023-06-07,2005.942
2023-06-08,2011.267
2023-06-09,2009.911
2023-06-12,2013.961
2023-06-13,2031.478
2023-06-14,2034.037
2023-06-15,2050.784
2023-06-16,2050.836
2023-06-19,2046.577
2023-06-20,2030.858
2023-06-21,2029.921
2023-06-22,2020.005
2023-06-23,1998.781
2023-06-26,2007.275
2023-06-27,2022.201
2023-06-28,2019.816
2023-06-29,2032.056
2023-06-30,2048.749
2023-07-03,2058.781
2023-07-04,2059.525
2023-07-05,2046.844
2023-07-06,2019.31
2023-07-07,2024.285
2023-07-10,2034.442
2023-07-11,2053.688
2023-07-12,2073.825
2023-07-13,2087.922
2023-07-14,2079.76
2023-07-17,2078.688
2023-07-18,2094.409
2023-07-19,2103.913
2023-07-20,2112.283
2023-07-21,2114.699
2023-07-24,2124.051
2023-07-25,2124.691
2023-07-26,2128.153
2023-07-27,2119.294
2023-07-28,2127.512
2023-07-31,2132.979
2023-08-01,2122.361
2023-08-02,2098.143
2023-08-03,2090.354
2023-08-04,2091.4
2023-08-07,2104.407
2023-08-08,2090.572
2023-08-09,2088.754
2023-08-10,2092.834
2023-08-11,2090.923
2023-08-14,2083.729
2023-08-15,2062.58
2023-08-16,2047.807
2023-08-17,2038.64
2023-08-18,2038.429
2023-08-21,2035.787
2023-08-22,2031.887
2023-08-23,2044.687
2023-08-24,2032.483
2023-08-25,2033.937
2023-08-28,2049.448
2023-08-29,2069.375
2023-08-30,2077.735
2023-08-31,2072.638
2023-09-01,2078.394
2023-09-04,2079.644
2023-09-05,2058.821
2023-09-06,2051.777
2023-09-07,2049.525
2023-09-08,2051.396
2023-09-11,2061.727
2023-09-12,2062.733
2023-09-13,2061.192
2023-09-14,2085.307
2023-09-15,2076.872
2023-09-18,2072.673
2023-09-19,2072.225
2023-09-20,2070.022
2023-09-21,2041.628
2023-09-22,2035.677
2023-09-25,2032.802
2023-09-26,2012.163
2023-09-27,2007.797
2023-09-28,2018.412
2023-09-29,2011.598
2023-10-02,1986.292
2023-10-03,1961.621
2023-10-04,1957.423
2023-10-05,1961.151
2023-10-06,1974.81
2023-10-09,1987.126
2023-10-10,2009.316
2023-10-11,2012.215
2023-10-12,1998.232
2023-10-13,1990.573
2023-10-16,2006.736
2023-10-17,2014.307
2023-10-18,1992.623
2023-10-19,1971.408
2023-10-20,1951.74
2023-10-23,1939.458
2023-10-24,1948.135
2023-10-25,1938.766
2023-10-26,1932.666
2023-10-27,1915.747
2023-10-30,1929.982
2023-10-31,1939.407
2023-11-01,1952.808
2023-11-02,1990.891
2023-11-03,2014.121
2023-11-06,2009.021
2023-11-07,1994.905
2023-11-08,1987.207
2023-11-09,1981.054
2023-11-10,1990.65
2023-11-13,1993.352
2023-11-14,2039.006
2023-11-15,2050.184
2023-11-16,2041.63
2023-11-17,2056.668
2023-11-20,2063.813
2023-11-21,2058.735
2023-11-22,2060.029
2023-11-23,2063.589
2023-11-24,2073.888
2023-11-27,2067.116
2023-11-28,2069.729
2023-11-29,2073.491
2023-11-30,2086.488
2023-12-01,2106.257
2023-12-04,2106.235
2023-12-05,2094.277
2023-12-06,2096.308
2023-12-07,2103.172
2023-12-08,2107.516
2023-12-11,2120.811
2023-12-12,2121.635
2023-12-13,2151.177
2023-12-14,2186.033
2023-12-15,2175.856
2023-12-18,2174.149
2023-12-19,2192.065
2023-12-20,2168.939
2023-12-21,2184.798
2023-12-22,2195.087
2023-12-25,2194.924
2023-12-26,2204.441
2023-12-27,2213.421
2023-12-28,2215.553
2023-12-29,2209.825
2024-01-01,2210.002
2024-01-02,2212.179
2024-01-03,2190.917
2024-01-04,2195.564
2024-01-05,2202.325
2024-01-08,2213.748
2024-01-09,2200.947
2024-01-10,2200.893
2024-01-11,2193.055
2024-01-12,2198.648
2024-01-15,2197.331
2024-01-16,2178.739
2024-01-17,2158.872
2024-01-18,2165.675
2024-01-19,2182.119
2024-01-22,2193.907
2024-01-23,2193.682
2024-01-24,2194.85
2024-01-25,2205.527
2024-01-26,2208.511
2024-01-29,2216.788
2024-01-30,2221.989
2024-01-31,2209.326
2024-02-01,2217.615
2024-02-02,2212.209
2024-02-05,2192.882
2024-02-06,2204.173
2024-02-07,2208.333
2024-02-08,2208.041
2024-02-09,2208.843
2024-02-12,2220.851
2024-02-13,2192.128
2024-02-14,2202.683
2024-02-15,2229.039
2024-02-16,2229.642
2024-02-19,2231.777
2024-02-20,2231.431
2024-02-21,2236.659
2024-02-22,2253.419
2024-02-23,2259.535
2024-02-26,2251.632
2024-02-27,2257.737
2024-02-28,2254.614
2024-02-29,2261.151
2024-03-01,2275.936
2024-03-04,2277.862
2024-03-05,2274.41
2024-03-06,2288.992
2024-03-07,2304.994
2024-03-08,2305.808
2024-03-11,2303.671
2024-03-12,2308.709
2024-03-13,2312.118
2024-03-14,2296.453
2024-03-15,2295.715
2024-03-18,2300.181
2024-03-19,2310.08
2024-03-20,2324.487
2024-03-21,2345.556
2024-03-22,2336.186
2024-03-25,2333.642
2024-03-26,2332.323
2024-03-27,2360.578
2024-03-28,2368.755
2024-03-29,2370.056
2024-04-01,2354.783
2024-04-02,2341.81
2024-04-03,2345.569
2024-04-04,2334.968
2024-04-05,2338.257
2024-04-08,2345.098
2024-04-09,2350.336
2024-04-10,2318.578
2024-04-11,2312.245
2024-04-12,2286.317
2024-04-15,2273.771
2024-04-16,2253.936
2024-04-17,2249.505
2024-04-18,2255.579
2024-04-19,2265.136
2024-04-22,2283.994
2024-04-23,2303.544
2024-04-24,2304.201
2024-04-25,2296.786
2024-04-26,2299.338
2024-04-29,2312.021
2024-04-30,2287.911
2024-05-01,2281.286
2024-05-02,2296.212
2024-05-03,2312.336
2024-05-06,2327.085
2024-05-07,2335.613
2024-05-08,2334.166
2024-05-09,2351.279
2024-05-10,2360.909
2024-05-13,2361.946
2024-05-14,2371.42
2024-05-15,2389.435
2024-05-16,2388.074
2024-05-17,2393.782
2024-05-20,2388.727
2024-05-21,2389.137
2024-05-22,2377.317
2024-05-23,2351.951
2024-05-24,2359.531
2024-05-27,2364.736
2024-05-28,2353.398
2024-05-29,2322.608
2024-05-30,2336.837
2024-05-31,2365.06
2024-06-03,2362.05
2024-06-04,2353.935
2024-06-05,2358.237
2024-06-06,2359.191
2024-06-07,2349.062
2024-06-10,2349.708
2024-06-11,2332.697
2024-06-12,2347.817
2024-06-13,2336.117
2024-06-14,2322.162
2024-06-17,2331.307
2024-06-18,2342.146
2024-06-19,2343.92
2024-06-20,2346.88
2024-06-21,2339.996
2024-06-24,2358.021
2024-06-25,2344.981
2024-06-26,2335.994
2024-06-27,2335.273
2024-06-28,2341.294
2024-07-01,2336.735
2024-07-02,2342.976
2024-07-03,2353.059
2024-07-04,2359.182
2024-07-05,2353.111
2024-07-08,2354.81
2024-07-09,2349.376
2024-07-10,2370.981
2024-07-11,2400.219
2024-07-12,2415.575
2024-07-15,2418.748
2024-07-16,2444.799
2024-07-17,2454.946
2024-07-18,2439.998
2024-07-19,2419.542
2024-07-22,2431.903
2024-07-23,2425.177
2024-07-24,2410.824
2024-07-25,2411.123
2024-07-26,2438.633
2024-07-29,2436.993
2024-07-30,2442.458
2024-07-31,2462.946
2024-08-01,2428.86
2024-08-02,2389.687
2024-08-05,2322.521
2024-08-06,2342.998
2024-08-07,2341.227
2024-08-08,2369.565
2024-08-09,2376.942
2024-08-12,2369.285
2024-08-13,2396.199
2024-08-14,2410.836
2024-08-15,2434.339
2024-08-16,2447.836
2024-08-19,2467.482
2024-08-20,2462.03
2024-08-21,2473.098
2024-08-22,2469.247
2024-08-23,2502.037
2024-08-26,2505.105
2024-08-27,2507.414
2024-08-28,2503.285
2024-08-29,2508.321
2024-08-30,2527.584
2024-09-02,2527.219
2024-09-03,2500.941
2024-09-04,2496.523
2024-09-05,2485.195
2024-09-06,2460.545
2024-09-09,2475.598
2024-09-10,2472.667
2024-09-11,2470.347
2024-09-12,2487.008
2024-09-13,2510.149
2024-09-16,2525.473
2024-09-17,2526.097
2024-09-18,2521.522
2024-09-19,2547.861
2024-09-20,2540.381
2024-09-23,2549.84
2024-09-24,2555.7
2024-09-25,2542.627
2024-09-26,2561.775
2024-09-27,2576.062
2024-09-30,2572.207
2024-10-01,2559.755
2024-10-02,2553.224
2024-10-03,2541.189
2024-10-04,2555.526
2024-10-07,2545.392
2024-10-08,2539.966
2024-10-09,2555.448
2024-10-10,2549.546
2024-10-11,2570.191
2024-10-14,2581.658
2024-10-15,2573.943
2024-10-16,2587.56
2024-10-17,2588.914
2024-10-18,2593.46
2024-10-21,2569.077
2024-10-22,2561.044
2024-10-23,2549.923
2024-10-24,2547.897
2024-10-25,2535.491
2024-10-28,2548.248
2024-10-29,2536.748
2024-10-30,2535.079
2024-10-31,2515.975
2024-11-01,2517.636
2024-11-04,2518.46
2024-11-05,2541.434
2024-11-06,2582.577
2024-11-07,2589.273
2024-11-08,2592.262
2024-11-11,2596.335
2024-11-12,2569.65
2024-11-13,2566.238
2024-11-14,2557.808
2024-11-15,2550.185
2024-11-18,2560.459
2024-11-19,2555.939
2024-11-20,2552.641
2024-11-21,2577.354
2024-11-22,2593.315
2024-11-25,2610.928
2024-11-26,2604.436
2024-11-27,2609.464
2024-11-28,2612.098
2024-11-29,2619.304
2024-12-02,2609.104
2024-12-03,2604.773
2024-12-04,2598.746
2024-12-05,2596.685
2024-12-06,2589.3
2024-12-09,2580.992
2024-12-10,2564.784
2024-12-11,2560.518
2024-12-12,2550.895
2024-12-13,2541.254
2024-12-16,2527.862
2024-12-17,2512.596
2024-12-18,2461.16
2024-12-19,2440.491
2024-12-20,2461.771
2024-12-23,2467.611
2024-12-24,2483.723
2024-12-25,2484.342
2024-12-26,2488.452
2024-12-27,2483.464
2024-12-30,2464.539
2024-12-31,2470.446
2025-01-01,2470.516
2025-01-02,2466.235
2025-01-03,2481.662
2025-01-06,2483.16
2025-01-07,2482.322
2025-01-08,2479.693
2025-01-09,2478.723
2025-01-10,2442.678
2025-01-13,2455.625
2025-01-14,2475.27
2025-01-15,2505.247
2025-01-16,2518.987
2025-01-17,2532.476
2025-01-20,2540.361
2025-01-21,2562.797
2025-01-22,2551.578
2025-01-23,2565.552
2025-01-24,2569.761
2025-01-27,2586.863
2025-01-28,2571.731
2025-01-29,2571.783
2025-01-30,2594.484
2025-01-31,2579.192
2025-02-03,2558.064
2025-02-04,2567.645
2025-02-05,2589.209
2025-02-06,2591.849
2025-02-07,2577.859
2025-02-10,2583.696
2025-02-11,2591.144
2025-02-12,2580.959
2025-02-13,2606.52
2025-02-14,2606.832
2025-02-17,2608.31
2025-02-18,2621.796
2025-02-19,2620.315
2025-02-20,2616.359
2025-02-21,2595.017
2025-02-24,2598.46
2025-02-25,2606.83
2025-02-26,2602.518
2025-02-27,2591.77
2025-02-28,2611.382
2025-03-03,2605.807
2025-03-04,2561.86
2025-03-05,2592.231
2025-03-06,2586.329
2025-03-07,2600.282
2025-03-10,2570.925
2025-03-11,2540.972
2025-03-12,2536.677
2025-03-13,2521.741
2025-03-14,2558.408
2025-03-17,2591.348
2025-03-18,2590.743
2025-03-19,2600.566
2025-03-20,2594.101
2025-03-21,2581.924
2025-03-24,2602.072
2025-03-25,2602.838
2025-03-26,2603.649
2025-03-27,2599.388
2025-03-28,2573.415
2025-03-31,2576.871
2025-04-01,2581.44
2025-04-02,2592.334
2025-04-03,2516.583
2025-04-04,2372.056
2025-04-07,2317.838
2025-04-08,2310.969
2025-04-09,2409.73
2025-04-10,2395.267
2025-04-11,2424.082
2025-04-14,2461.827
2025-04-15,2467.597
2025-04-16,2451.252
2025-04-17,2460.156
2025-04-18,2462.021
2025-04-21,2434.689
2025-04-22,2477.142
2025-04-23,2493.993
2025-04-24,2516.82
2025-04-25,2514.372
2025-04-28,2528.079
2025-04-29,2540.925
2025-04-30,2545.327
2025-05-01,2533.284
2025-05-02,2574.343
2025-05-05,2564.988
2025-05-06,2555.576
2025-05-07,2566.656
2025-05-08,2570.488
2025-05-09,2574.938
2025-05-12,2609.611
2025-05-13,2609.192
2025-05-14,2600.618
2025-05-15,2619.845
2025-05-16,2637.716
2025-05-19,2647.311
2025-05-20,2648.909
2025-05-21,2618.468
2025-05-22,2604.13
2025-05-23,2602.361
2025-05-26,2609.804
2025-05-27,2636.395
2025-05-28,2616.077
2025-05-29,2628.176
2025-05-30,2630.82
2025-06-02,2639.567
2025-06-03,2647.008
2025-06-04,2648.172
2025-06-05,2645.734
2025-06-06,2663.292
2025-06-09,2667.941
2025-06-10,2680.673
2025-06-11,2677.659
2025-06-12,2690.239
2025-06-13,2664.243
2025-06-16,2683.852
2025-06-17,2659.962
2025-06-18,2662.313
2025-06-19,2654.599
2025-06-20,2656.231
2025-06-23,2669.975
2025-06-24,2700.917
2025-06-25,2683.071
2025-06-26,2708.032
2025-06-27,2720.873
2025-06-30,2730.396
2025-07-01,2751.477
2025-07-02,2757.723
2025-07-03,2771.35
2025-07-04,2770.279
2025-07-07,2748.75
2025-07-08,2750.174
2025-07-09,2761.739
2025-07-10,2773.305
2025-07-11,2756.927
2025-07-14,2757.053
2025-07-15,2723.784
2025-07-16,2728.478
2025-07-17,2743.577
2025-07-18,2745.679
2025-07-21,2747.689
2025-07-22,2767.456
2025-07-23,2797.504
2025-07-24,2794.155
2025-07-25,2793.435
2025-07-28,2778.8
2025-07-29,2771.421
2025-07-30,2756.465
2025-07-31,2744.538
2025-08-01,2722.707
2025-08-04,2749.407
2025-08-05,2750.778
2025-08-06,2756.766
2025-08-07,2759.194
2025-08-08,2774.467
2025-08-11,2768.072
2025-08-12,2802.25
2025-08-13,2828.464
2025-08-14,2821.94
2025-08-15,2824.599
2025-08-18,2816.887
2025-08-19,2827.536
2025-08-20,2834.036
2025-08-21,2824.349
2025-08-22,2869.393
2025-08-25,2850.886
2025-08-26,2847.232
2025-08-27,2849.713
2025-08-28,2855.174
2025-08-29,2853.137
2025-09-01,2853.1
2025-09-02,2835.186
2025-09-03,2826.3
2025-09-04,2845.692
2025-09-05,2852.069
2025-09-08,2851.761
2025-09-09,2855.793
2025-09-10,2864.092
2025-09-11,2891.954
2025-09-12,2878.055
2025-09-15,2879.904
2025-09-16,2881.715
2025-09-17,2885.997
2025-09-18,2891.677
2025-09-19,2888.353
2025-09-22,2889.318
2025-09-23,2892.975
2025-09-24,2885.414
2025-09-25,2866.535
2025-09-26,2888.844
2025-09-29,2892.163
2025-09-30,2902.207
2025-10-01,2908.558
2025-10-02,2905.754
2025-10-03,2919.93
2025-10-06,2918.743
2025-10-07,2905.908
2025-10-08,2908.082
2025-10-09,2896.904
2025-10-10,2845.784
2025-10-13,2867.75
2025-10-14,2881.691
2025-10-15,2896.064
2025-10-16,2884.185
2025-10-17,2883.658
2025-10-20,2912.223
2025-10-21,2911.474
2025-10-22,2906.113
2025-10-23,2914.349
2025-10-24,2925.908
2025-10-27,2942.074
2025-10-28,2930.293
2025-10-29,2915.175
2025-10-30,2890.221
2025-10-31,2887.691
2025-11-03,2878.392
2025-11-04,2864.296
2025-11-05,2876.984
2025-11-06,2872.982
2025-11-07,2885.931
2025-11-10,2905.448
2025-11-11,2928.736
2025-11-12,2942.221
2025-11-13,2921.672
2025-11-14,2907.791
2025-11-17,2878.309
2025-11-18,2861.142
2025-11-19,2853.38
2025-11-20,2833.533
2025-11-21,2864.118
2025-11-24,2877.253
2025-11-25,2914.468
2025-11-26,2933.594
2025-11-27,2935.785
2025-11-28,2953.265
2025-12-01,2938.295
2025-12-02,2937.266
2025-12-03,2958.416
2025-12-04,2969.098
2025-12-05,2969.366
2025-12-08,2954.129
2025-12-09,2949.971
2025-12-10,2979.678
2025-12-11,3004.052
2025-12-12,2995.343
2025-12-15,3006.126
2025-12-16,2984.048
2025-12-17,2977.312
2025-12-18,2983.382
2025-12-19,2989.42
2025-12-22,3010.527
2025-12-23,3016.774
2025-12-24,3026.011
2025-12-25,3026.26
2025-12-26,3024.479
2025-12-29,3022.054
2025-12-30,3022.533
2025-12-31,3004.419
2026-01-01,3004.713
2026-01-02,3023.957
2026-01-05,3048.333
2026-01-06,3071.703
2026-01-07,3045.712
2026-01-08,3063.322
2026-01-09,3078.896
2026-01-12,3081.481
2026-01-13,3079.473
2026-01-14,3096.026
2026-01-15,3105.685
2026-01-16,3103.035
2026-01-19,3101.099
2026-01-20,3064.851
2026-01-21,3095.439
2026-01-22,3116.017
2026-01-23,3105.817
2026-01-26,3124.814
2026-01-27,3134.159
2026-01-28,3130.937
2026-01-29,3154.255
2026-01-30,3149.474
2026-02-02,3160.511
2026-02-03,3174.582
2026-02-04,3191.655
2026-02-05,3167.86
2026-02-06,3209.767
2026-02-09,3224.966
2026-02-10,3227.068
2026-02-11,3230.901
2026-02-12,3207.464
2026-02-13,3211.997
2026-02-16,3209.9
2026-02-17,3201.449
2026-02-18,3221.326
2026-02-19,3214.888
2026-02-20,3231.229
2026-02-23,3207.879
2026-02-24,3215.909
2026-02-25,3232.101
2026-02-26,3238.666
2026-02-27,3245.484
2026-03-02,3222.5
2026-03-03,3165.769
2026-03-04,3174.879
2026-03-05,3143.026
2026-03-06,3109.392
2026-03-09,3103.451
2026-03-10,3116.426
2026-03-11,3106.526
2026-03-12,3065.768
2026-03-13,3056.28
2026-03-16,3078.598
2026-03-17,3097.336
2026-03-18,3068.319
2026-03-19,3048.457
2026-03-20,3013.339
2026-03-23,3028.058
2026-03-24,3039.128
2026-03-25,3060.45
2026-03-26,3028.538
2026-03-27,2999.053
2026-03-30,2997.067
2026-03-31,3045.801
2026-04-01,3082.245
2026-04-02,3077.501
2026-04-03,3079.072
2026-04-06,3089.069
2026-04-07,3090.303
2026-04-08,3175.371
2026-04-09,3184.514
2026-04-10,3172.884
2026-04-13,3187.869
2026-04-14,3211.939
2026-04-15,3206.554
2026-04-16,3213.748
2026-04-17,3243.576
2026-04-20,3236.699
2026-04-21,3216.161
2026-04-22,3213.912
2026-04-23,3221.204
2026-04-24,3216.34
2026-04-27,3219.8
2026-04-28,3219.032
2026-04-29,3215.913
2026-04-30,3265.698
2026-05-01,3261.687
2026-05-04,3238.297
2026-05-05,3261.046
2026-05-06,3298.14
2026-05-07,3277.959
2026-05-08,3285.104
2026-05-11,3291.867
2026-05-12,3287.205
2026-05-13,3296.325
2026-05-14,3305.458
2026-05-15,3269.411
2026-05-18,3278.786
2026-05-19,3270.259
2026-05-20,3293.166
2026-05-21,3302.856
2026-05-22,3322.674
2026-05-25,3332.746
2026-05-26,3344.453
2026-05-27,3342.062
2026-05-28,3336.395
2026-05-29,3340.945
2026-06-01,3326.879
2026-06-02,3335.523
2026-06-03,3324.759
2026-06-04,3343.228
2026-06-05,3301.634
2026-06-08,3294.784
2026-06-09,3305.934
2026-06-10,3280.954
2026-06-11,3306.961
2026-06-12,3342.557
2026-06-15,3363.631
2026-06-16,3359.903
2026-06-17,3323.219
2026-06-18,3322.259
2026-06-19,3316.869
2026-06-22,3330.135
2026-06-23,3313.44
2026-06-24,3305.976
2026-06-25,3329.034
2026-06-26,3336.385
2026-06-29,3335.029
2026-06-30,3334.3
2026-07-01,3340.682
2026-07-02,3374.656
2026-07-03,3381.129
2026-07-06,3381.929
2026-07-07,3388.489
2026-07-08,3350.582
2026-07-09,3370.299
2026-07-10,3386.191
2026-07-13,3387.681
2026-07-14,3386.155
2026-07-15,3391.938
2026-07-16,3409.606
2026-07-17,3386.119
2026-07-20,3374.231
2026-07-21,3395.618
2026-07-22,3401.617
2026-07-23,3387.485
2026-07-24,3402.614
2026-07-27,3419.076
2026-07-28,3435.33
2026-07-29,3405.74
2026-07-30,3446.271
2026-07-31,3449.855
2026-08-03,3481.824
2026-08-04,3510.706
2026-08-05,3512.045
2026-08-06,3513.097
2026-08-07,3528.446
2026-08-10,3532.32
2026-08-11,3534.986
2026-08-12,3535.796
2026-08-13,3553.495
2026-08-14,3559.385
2026-08-17,3533.125
2026-08-18,3523.502
2026-08-19,3532.391
2026-08-20,3518.367
2026-08-21,3536.752
2026-08-24,3542.226
2026-08-25,3547.803
2026-08-26,3551.387
2026-08-27,3540.722
2026-08-28,3545.918
2026-08-31,3535.959
2026-09-01,3524.453
2026-09-02,3534.434
2026-09-03,3572.614
2026-09-04,3561.755
2026-09-07,3565.24
2026-09-08,3537.684
2026-09-09,3528.839
2026-09-10,3506.831
2026-09-11,3525.258
2026-09-14,3520.846
2026-09-15,3510.844
2026-09-16,3488.674
2026-09-17,3510.067
2026-09-18,3487.323
2026-09-21,3515.983
2026-09-22,3509.905
2026-09-23,3491.128
2026-09-24,3482.829
2026-09-25,3503.029
2026-09-28,3475.016
2026-09-29,3463.369
2026-09-30,3450.477
